last_seen,bike_id
2025-12-11T11:01:13.934246,bike_47582
2025-12-11T11:01:09.090414,bike_05990
2025-12-11T11:01:12.971188,bike_46481
2025-12-11T11:01:16.769734,bike_61259
2025-12-11T05:01:05.671362,bike_39544
2025-12-11T11:01:13.390980,bike_77080
2025-12-11T11:01:14.153408,bike_43785
2025-12-08T17:01:11.662765,bike_24306
2025-12-11T11:01:06.279333,bike_76075
2025-12-11T11:01:09.210614,bike_69547
2025-12-11T11:01:09.984167,bike_46662
2025-12-11T11:01:07.270068,bike_43372
2025-12-11T11:01:08.433325,bike_55203
2025-12-11T11:01:15.913116,bike_12219
2025-12-11T11:01:16.131038,bike_75071
2025-12-11T11:01:08.241864,bike_79007
2025-12-11T11:01:13.344184,bike_82530
2025-12-02T17:01:05.503097,bike_25740
2025-12-11T11:01:12.504122,bike_72691
2025-12-11T11:01:11.133312,bike_80405
2025-11-30T17:01:09.351250,bike_69337
2025-12-11T11:01:07.970148,bike_43059
2025-12-11T11:01:06.371591,bike_71828
2025-12-11T11:01:08.512935,bike_63106
2025-12-11T11:01:08.891783,bike_51208
2025-12-11T11:01:09.090401,bike_76665
2025-12-11T11:01:09.904176,bike_77721
2025-12-11T11:01:16.024183,bike_82864
2025-12-11T11:01:10.531065,bike_07102
2025-12-11T11:01:09.773201,bike_76815
2025-12-11T11:01:16.533573,bike_14938
2025-12-11T11:01:07.993158,bike_81649
2025-12-11T11:01:07.452532,bike_74648
2025-12-11T11:01:11.851810,bike_00816
2025-12-10T11:01:10.059131,bike_44317
2025-12-11T11:01:13.653582,bike_55862
2025-12-03T11:01:13.192673,bike_38368
2025-12-11T11:01:13.924256,bike_80528
2025-12-11T11:01:12.190437,bike_80848
2025-12-11T11:01:16.090163,bike_52213
2025-12-11T11:01:06.371617,bike_68642
2025-12-02T17:01:09.640685,bike_74062
2025-12-10T11:01:11.101174,bike_63863
2025-12-11T11:01:09.064115,bike_70162
2025-11-29T23:01:05.772241,bike_67747
2025-12-10T17:01:04.040746,bike_68054
2025-12-11T11:01:10.324167,bike_89641
2025-12-11T11:01:08.953388,bike_74409
2025-12-11T11:01:06.932333,bike_60062
2025-12-11T11:01:11.692812,bike_05119
2025-11-27T17:22:08.390650,bike_46173
2025-12-11T05:01:11.411181,bike_76678
2025-12-11T11:01:06.731145,bike_42897
2025-12-11T11:01:16.905439,bike_69322
2025-12-11T11:01:10.131129,bike_76996
2025-12-11T11:01:09.944190,bike_88915
2025-12-11T11:01:13.951888,bike_05082
2025-12-11T11:01:15.872737,bike_46616
2025-12-11T11:01:12.292697,bike_62553
2025-12-11T11:01:07.053460,bike_16978
2025-12-11T11:01:10.294061,bike_24555
2025-12-11T11:01:08.064186,bike_75135
2025-12-11T11:01:10.644103,bike_07197
2025-12-11T11:01:12.670173,bike_72610
2025-12-11T11:01:13.452754,bike_51060
2025-12-11T05:01:12.441904,bike_68582
2025-12-11T11:01:13.613459,bike_21650
2025-12-11T11:01:15.828838,bike_75918
2025-12-11T11:01:08.612992,bike_69688
2025-12-11T11:01:11.864153,bike_71031
2025-12-11T11:01:05.844026,bike_10841
2025-12-11T11:01:13.170743,bike_70717
2025-12-11T11:01:16.471324,bike_52493
2025-12-11T11:01:16.769776,bike_45328
2025-12-11T11:01:10.190701,bike_02619
2025-12-11T11:01:14.300765,bike_46793
2025-12-11T11:01:11.124159,bike_12515
2025-12-11T11:01:05.950600,bike_47386
2025-12-11T11:01:14.370199,bike_06817
2025-12-11T11:01:07.864164,bike_73178
2025-12-11T11:01:16.104142,bike_67806
2025-12-11T11:01:12.050575,bike_51361
2025-12-11T11:01:16.299257,bike_46990
2025-12-11T11:01:14.370196,bike_07675
2025-12-11T11:01:06.584129,bike_22796
2025-12-11T11:01:12.804213,bike_67198
2025-12-10T11:01:08.501841,bike_85184
2025-12-11T11:01:10.064189,bike_80682
2025-12-11T11:01:09.032963,bike_70068
2025-12-11T11:01:16.713063,bike_81874
2025-12-11T11:01:14.004306,bike_71209
2025-12-11T11:01:13.024177,bike_61569
2025-11-29T05:01:04.630614,bike_88825
2025-12-11T11:01:10.693109,bike_46387
2025-12-11T11:01:11.090196,bike_16046
2025-12-11T11:01:15.610659,bike_13069
2025-12-11T11:01:14.104235,bike_81796
2025-12-11T11:01:09.853176,bike_63206
2025-12-11T11:01:08.791189,bike_58123
2025-12-11T11:01:09.305194,bike_08489
2025-12-11T11:01:12.364126,bike_55773
2025-12-11T05:01:06.690141,bike_47368
2025-12-11T11:01:07.344231,bike_23421
2025-12-11T11:01:16.873232,bike_52962
2025-12-11T11:01:11.613508,bike_23828
2025-12-11T11:01:05.959989,bike_77924
2025-12-11T11:01:10.492440,bike_72567
2025-12-11T11:01:15.693747,bike_67424
2025-12-11T11:01:07.850971,bike_58715
2025-12-11T11:01:14.679309,bike_88824
2025-12-11T11:01:13.934192,bike_20706
2025-12-10T23:01:11.818224,bike_85522
2025-12-11T11:01:14.679317,bike_80080
2025-12-11T11:01:10.900181,bike_10852
2025-12-11T11:01:12.944275,bike_67795
2025-12-11T11:01:12.284112,bike_42898
2025-12-11T11:01:14.310039,bike_43762
2025-12-11T11:01:14.224181,bike_51865
2025-12-11T11:01:11.744235,bike_88772
2025-12-11T11:01:14.044163,bike_43289
2025-12-11T11:01:16.604281,bike_89337
2025-12-11T11:01:10.844153,bike_68529
2025-12-11T11:01:13.489411,bike_47484
2025-12-11T11:01:15.192917,bike_47298
2025-12-11T11:01:10.755189,bike_89258
2025-12-11T11:01:15.764257,bike_47865
2025-12-11T11:01:12.024153,bike_51357
2025-12-11T11:01:13.193738,bike_80933
2025-12-11T11:01:09.484118,bike_89009
2025-12-11T11:01:16.010666,bike_57414
2025-12-11T11:01:07.591437,bike_16750
2025-11-29T05:01:06.370685,bike_88764
2025-12-11T11:01:12.813070,bike_44703
2025-12-11T11:01:09.032942,bike_43871
2025-12-11T11:01:13.875672,bike_10892
2025-12-11T11:01:16.104133,bike_72408
2025-12-11T11:01:12.484144,bike_67556
2025-12-11T11:01:11.344178,bike_73110
2025-12-11T11:01:12.533207,bike_77207
2025-12-10T23:01:14.815873,bike_70418
2025-12-11T11:01:11.709989,bike_62094
2025-12-11T11:01:12.692946,bike_78840
2025-12-11T11:01:07.150165,bike_69735
2025-12-11T11:01:15.170428,bike_69009
2025-12-11T11:01:15.653304,bike_70561
2025-12-11T11:01:11.330495,bike_89210
2025-12-11T11:01:14.184161,bike_52615
2025-12-11T11:01:08.684204,bike_77066
2025-12-11T11:01:14.609850,bike_76439
2025-12-11T11:01:09.032945,bike_81831
2025-12-11T11:01:12.444197,bike_76044
2025-12-11T11:01:08.552143,bike_57033
2025-12-11T11:01:15.413301,bike_14692
2025-12-11T11:01:11.935221,bike_69169
2025-12-11T11:01:11.344222,bike_70675
2025-12-11T11:01:10.492453,bike_77479
2025-12-11T11:01:11.872840,bike_75096
2025-12-11T11:01:14.432755,bike_01420
2025-12-10T17:01:06.771706,bike_74373
2025-12-11T11:01:13.480064,bike_68597
2025-12-11T11:01:14.464144,bike_61302
2025-12-11T11:01:15.750679,bike_48057
2025-12-11T05:01:11.267810,bike_74591
2025-12-11T11:01:10.610523,bike_61803
2025-12-11T11:01:10.492448,bike_79530
2025-12-11T11:01:09.544181,bike_58357
2025-12-11T11:01:09.670547,bike_60518
2025-12-11T11:01:08.124262,bike_46352
2025-12-11T11:01:08.653094,bike_02476
2025-12-11T11:01:08.904133,bike_53311
2025-12-11T11:01:13.893717,bike_81881
2025-12-11T11:01:15.544207,bike_62836
2025-12-11T11:01:09.210617,bike_16233
2025-12-03T23:01:08.200763,bike_68050
2025-12-11T11:01:07.684163,bike_79557
2025-12-11T11:01:11.590655,bike_09651
2025-12-11T11:01:06.592697,bike_45747
2025-12-11T11:01:11.524221,bike_77853
2025-12-11T11:01:10.433580,bike_85314
2025-12-11T11:01:16.010671,bike_81135
2025-12-11T11:01:13.530646,bike_03766
2025-12-11T11:01:06.494829,bike_45159
2025-12-11T11:01:08.944054,bike_51273
2025-12-11T11:01:07.173306,bike_81655
2025-12-11T11:01:10.131153,bike_71629
2025-12-11T11:01:06.384135,bike_85337
2025-12-11T11:01:16.272668,bike_30279
2025-12-11T11:01:07.970119,bike_76870
2025-12-11T11:01:16.033973,bike_46694
2025-12-11T11:01:15.192940,bike_45329
2025-12-11T11:01:09.693425,bike_44104
2025-12-11T11:01:09.492641,bike_80614
2025-12-11T11:01:09.370826,bike_61860
2025-12-11T11:01:12.533218,bike_08475
2025-12-11T11:01:16.250970,bike_77359
2025-12-11T11:01:12.404111,bike_58832
2025-12-11T11:01:12.733562,bike_25751
2025-12-11T11:01:08.371121,bike_78083
2025-12-11T11:01:08.473394,bike_88973
2025-12-11T11:01:12.944277,bike_17007
2025-12-11T11:01:13.452781,bike_47665
2025-12-11T11:01:06.944182,bike_52794
2025-12-11T11:01:15.953184,bike_88574
2025-12-11T11:01:14.870432,bike_44498
2025-12-11T11:01:14.984262,bike_24822
2025-12-11T11:01:13.653533,bike_42832
2025-12-11T11:01:12.131881,bike_72724
2025-12-11T11:01:15.993491,bike_74139
2025-12-11T11:01:10.413563,bike_77785
2025-12-11T11:01:06.932367,bike_68622
2025-12-11T11:01:15.104206,bike_52938
2025-12-11T11:01:10.684129,bike_23633
2025-12-11T05:01:04.841972,bike_81236
2025-12-04T05:01:05.482822,bike_88563
2025-12-11T11:01:11.590641,bike_62505
2025-12-11T11:01:10.831041,bike_42737
2025-12-11T11:01:15.010898,bike_17838
2025-12-11T11:01:13.489470,bike_62022
2025-12-11T05:01:11.782066,bike_73711
2025-12-11T11:01:11.173212,bike_07419
2025-12-11T11:01:06.170035,bike_85160
2025-12-11T11:01:07.330152,bike_80158
2025-12-11T11:01:12.604051,bike_20804
2025-12-11T11:01:15.033695,bike_45864
2025-12-10T23:01:06.716793,bike_85344
2025-11-30T17:01:09.813609,bike_47674
2025-12-11T11:01:13.711244,bike_50676
2025-12-11T11:01:11.504167,bike_52204
2025-12-11T11:01:10.144361,bike_88039
2025-12-10T17:01:00.997678,bike_44971
2025-12-11T11:01:09.224178,bike_01908
2025-12-11T11:01:07.904153,bike_63942
2025-12-11T11:01:06.112856,bike_25163
2025-12-11T11:01:11.830407,bike_62309
2025-12-11T11:01:12.550688,bike_60268
2025-12-11T11:01:16.104146,bike_44446
2025-12-11T11:01:05.924247,bike_68953
2025-12-10T11:01:01.999855,bike_50296
2025-12-11T11:01:15.224216,bike_69043
2025-12-11T11:01:06.384174,bike_52233
2025-12-11T11:01:06.224147,bike_61237
2025-12-11T11:01:16.153397,bike_11913
2025-12-11T11:01:11.450505,bike_42565
2025-12-11T11:01:13.054160,bike_20201
2025-12-11T11:01:15.430649,bike_44464
2025-12-11T11:01:10.755215,bike_61392
2025-12-11T11:01:09.032953,bike_69521
2025-12-11T11:01:06.609858,bike_16494
2025-12-11T11:01:13.964182,bike_88086
2025-12-11T11:01:13.511637,bike_13546
2025-12-11T11:01:12.230690,bike_77569
2025-12-11T11:01:09.210588,bike_77270
2025-11-30T05:01:09.868655,bike_26061
2025-12-11T11:01:06.152935,bike_78911
2025-12-11T11:01:06.371594,bike_77463
2025-12-11T11:01:13.170753,bike_72676
2025-12-11T11:01:14.544222,bike_80523
2025-12-11T11:01:06.531238,bike_89514
2025-12-11T11:01:07.510738,bike_21659
2025-12-11T11:01:13.711225,bike_56905
2025-12-11T11:01:12.372954,bike_89203
2025-12-11T11:01:13.724267,bike_61673
2025-12-11T11:01:12.984300,bike_44011
2025-11-27T18:03:54.605123,bike_09438
2025-12-11T11:01:11.024155,bike_45451
2025-12-11T11:01:11.064200,bike_69179
2025-12-11T11:01:13.951923,bike_71763
2025-12-11T11:01:12.413453,bike_58867
2025-12-11T11:01:16.890668,bike_47924
2025-12-11T05:01:07.588169,bike_09090
2025-12-11T11:01:08.670565,bike_45305
2025-12-04T11:01:11.591766,bike_47959
2025-12-11T05:01:07.368181,bike_57503
2025-12-11T11:01:07.011116,bike_52967
2025-11-28T17:01:13.123239,bike_10410
2025-12-11T11:01:08.241856,bike_52438
2025-12-11T11:01:10.164210,bike_57358
2025-12-11T11:01:15.144156,bike_69379
2025-12-11T11:01:12.404157,bike_03561
2025-12-11T11:01:15.210156,bike_78305
2025-12-11T11:01:09.290927,bike_76250
2025-12-11T11:01:14.272989,bike_63556
2025-12-11T11:01:07.124259,bike_25762
2025-12-03T17:01:12.140698,bike_75464
2025-12-11T11:01:05.843933,bike_61272
2025-11-30T05:01:06.977665,bike_67887
2025-12-11T11:01:15.632090,bike_43835
2025-12-10T17:01:02.211549,bike_78067
2025-12-11T11:01:14.744190,bike_75662
2025-12-11T11:01:14.730556,bike_42936
2025-12-11T11:01:15.104197,bike_44516
2025-12-11T11:01:06.650574,bike_88790
2025-12-11T11:01:14.424240,bike_20983
2025-12-11T11:01:15.273293,bike_04842
2025-12-11T11:01:07.204188,bike_12511
2025-12-11T11:01:07.833393,bike_57614
2025-12-11T11:01:16.824113,bike_25667
2025-12-09T23:01:07.803080,bike_73203
2025-12-11T11:01:16.905408,bike_68595
2025-12-11T11:01:11.344153,bike_13472
2025-12-10T17:01:07.097690,bike_70928
2025-12-11T11:01:06.033061,bike_03079
2025-12-11T11:01:09.484152,bike_53314
2025-12-11T11:01:09.544186,bike_51290
2025-12-08T17:01:06.062159,bike_60539
2025-12-11T11:01:12.292671,bike_30695
2025-12-10T05:01:09.631628,bike_72231
2025-12-11T11:01:11.410575,bike_60405
2025-12-08T23:01:11.737623,bike_72332
2025-12-11T11:01:12.284157,bike_51437
2025-12-11T11:01:15.464213,bike_45258
2025-12-11T11:01:12.971204,bike_46614
2025-12-11T11:01:11.889474,bike_08332
2025-12-11T11:01:08.410988,bike_72445
2025-12-11T11:01:13.184314,bike_77513
2025-12-11T11:01:14.272991,bike_74376
2025-12-11T11:01:08.024187,bike_45749
2025-12-08T17:01:06.876356,bike_47699
2025-12-10T17:01:07.561616,bike_34611
2025-12-11T11:01:06.371609,bike_89359
2025-12-11T11:01:13.904190,bike_51149
2025-12-11T11:01:15.750701,bike_80387
2025-12-11T11:01:16.691277,bike_61618
2025-12-11T11:01:14.424226,bike_72674
2025-12-11T05:01:02.791126,bike_77161
2025-12-11T11:01:16.504231,bike_75391
2025-12-11T11:01:10.324209,bike_60908
2025-12-11T11:01:15.234035,bike_43231
2025-12-11T11:01:06.170109,bike_47261
2025-12-02T17:01:07.523176,bike_68385
2025-12-11T11:01:15.051011,bike_79126
2025-12-11T11:01:13.644183,bike_20266
2025-12-11T11:01:08.033356,bike_53179
2025-12-08T17:01:09.685604,bike_85538
2025-12-11T11:01:09.813778,bike_85045
2025-12-11T11:01:07.292096,bike_11330
2025-12-11T11:01:14.744206,bike_56799
2025-12-11T11:01:08.653091,bike_00550
2025-12-11T11:01:11.190597,bike_46832
2025-12-11T11:01:10.844145,bike_12694
2025-12-11T11:01:12.791151,bike_72956
2025-12-11T11:01:08.512905,bike_52739
2025-12-11T11:01:11.244153,bike_78014
2025-12-11T11:01:15.913150,bike_70752
2025-12-11T11:01:14.353193,bike_24197
2025-12-08T17:01:11.425444,bike_88582
2025-12-11T11:01:09.073115,bike_17545
2025-12-11T11:01:09.305150,bike_58225
2025-12-11T11:01:15.793651,bike_89034
2025-12-10T17:01:09.671701,bike_79498
2025-12-11T11:01:12.612572,bike_03794
2025-12-11T11:01:12.050623,bike_70146
2025-12-11T11:01:08.451053,bike_89608
2025-12-11T11:01:10.971268,bike_46320
2025-12-11T11:01:07.523744,bike_68465
2025-12-11T11:01:07.890157,bike_42585
2025-12-11T11:01:14.473210,bike_17922
2025-12-11T11:01:06.553059,bike_68108
2025-12-11T11:01:08.944125,bike_25500
2025-12-11T05:01:02.531103,bike_69582
2025-12-10T11:01:02.053428,bike_35183
2025-12-11T11:01:11.692804,bike_70925
2025-12-11T11:01:12.533215,bike_80486
2025-12-11T11:01:09.032955,bike_24346
2025-12-11T11:01:10.873399,bike_89814
2025-12-11T11:01:09.224160,bike_23163
2025-12-11T11:01:14.773091,bike_89466
2025-12-11T11:01:13.324161,bike_68709
2025-12-11T11:01:15.570415,bike_52079
2025-12-11T11:01:07.613103,bike_68982
2025-12-11T11:01:14.730560,bike_76027
2025-12-11T11:01:16.170812,bike_68799
2025-12-11T11:01:15.184215,bike_47613
2025-12-11T11:01:15.764230,bike_81117
2025-12-11T05:01:06.530804,bike_24789
2025-12-11T11:01:12.213349,bike_81146
2025-12-11T11:01:07.944159,bike_24903
2025-12-11T11:01:14.370209,bike_23494
2025-12-11T11:01:12.813062,bike_75737
2025-12-11T11:01:13.711252,bike_68821
2025-12-07T17:01:06.274718,bike_56840
2025-12-11T11:01:11.630838,bike_70342
2025-12-11T11:01:09.113081,bike_81213
2025-12-11T11:01:10.064173,bike_75545
2025-12-11T11:01:06.371539,bike_74700
2025-12-11T11:01:11.864148,bike_78807
2025-12-11T11:01:07.452545,bike_68899
2025-12-11T11:01:06.752940,bike_56543
2025-12-05T17:01:09.153422,bike_60988
2025-12-11T11:01:14.910365,bike_22167
2025-12-11T11:01:06.292408,bike_11468
2025-12-11T11:01:09.984189,bike_79100
2025-12-11T11:01:14.264210,bike_67279
2025-12-10T05:01:10.831753,bike_70807
2025-12-11T11:01:11.984168,bike_77964
2025-12-11T11:01:06.993202,bike_18332
2025-12-11T11:01:07.550569,bike_56387
2025-12-11T11:01:13.489436,bike_63589
2025-12-11T11:01:12.324227,bike_42536
2025-12-11T11:01:07.970124,bike_78979
2025-12-04T17:01:11.991076,bike_79152
2025-12-11T11:01:16.551432,bike_52792
2025-12-11T11:01:07.365428,bike_74817
2025-12-03T17:01:07.957273,bike_20816
2025-12-11T11:01:09.512821,bike_08307
2025-12-11T11:01:17.031243,bike_43135
2025-12-11T11:01:09.904211,bike_53428
2025-12-11T05:01:03.781889,bike_75469
2025-12-06T17:01:12.213406,bike_69069
2025-12-01T17:01:12.624463,bike_80464
2025-12-11T11:01:05.968570,bike_75086
2025-12-11T11:01:16.524444,bike_70585
2025-12-11T11:01:14.531107,bike_80867
2025-12-11T11:01:14.910416,bike_51793
2025-12-11T11:01:07.672423,bike_80956
2025-12-11T11:01:13.489468,bike_78610
2025-12-11T11:01:09.090381,bike_43498
2025-12-11T05:01:05.671341,bike_47507
2025-12-11T11:01:13.364614,bike_72397
2025-12-11T11:01:15.451928,bike_53171
2025-12-11T11:01:12.164194,bike_89657
2025-12-11T11:01:14.844160,bike_62333
2025-12-11T11:01:13.364585,bike_16467
2025-12-11T11:01:15.593331,bike_88991
2025-12-11T11:01:05.984189,bike_44069
2025-12-03T17:01:13.413464,bike_63110
2025-12-11T11:01:08.491065,bike_76024
2025-12-01T17:01:06.578399,bike_67989
2025-12-11T11:01:10.844160,bike_68901
2025-12-11T11:01:08.504212,bike_08565
2025-12-11T11:01:07.872934,bike_76499
2025-12-11T11:01:06.152917,bike_47862
2025-12-05T11:01:08.660973,bike_78545
2025-12-11T11:01:09.870799,bike_74344
2025-12-11T11:01:16.170753,bike_25592
2025-12-11T11:01:06.513967,bike_23204
2025-12-11T11:01:16.211545,bike_46734
2025-12-02T17:01:05.743092,bike_21057
2025-12-04T05:01:11.518856,bike_50509
2025-12-11T11:01:08.953394,bike_17733
2025-12-11T11:01:11.473206,bike_71143
2025-12-11T11:01:13.584211,bike_11175
2025-12-11T11:01:08.970766,bike_43538
2025-12-11T11:01:12.724205,bike_72210
2025-12-11T11:01:07.432970,bike_61265
2025-12-06T05:01:11.564801,bike_88122
2025-12-11T11:01:16.272691,bike_52960
2025-12-11T11:01:06.584141,bike_71241
2025-12-11T11:01:10.252942,bike_22645
2025-12-11T11:01:07.604236,bike_62002
2025-12-11T11:01:09.264184,bike_17913
2025-12-11T11:01:06.184148,bike_00883
2025-12-11T11:01:10.104209,bike_11136
2025-12-11T11:01:14.813138,bike_47215
2025-12-11T11:01:11.424145,bike_43173
2025-12-11T11:01:14.744168,bike_76442
2025-12-11T11:01:13.604196,bike_19407
2025-12-11T05:01:10.281921,bike_76530
2025-12-11T11:01:13.480041,bike_22190
2025-12-11T11:01:16.964246,bike_79016
2025-12-11T11:01:12.164202,bike_89164
2025-12-11T11:01:08.830037,bike_80440
2025-12-04T23:01:13.831768,bike_71826
2025-12-11T11:01:10.571919,bike_79125
2025-12-11T11:01:07.292150,bike_60558
2025-12-11T11:01:16.713075,bike_06726
2025-12-11T11:01:16.411262,bike_19749
2025-12-11T11:01:15.114001,bike_74382
2025-12-11T11:01:09.892531,bike_20695
2025-12-11T11:01:11.213425,bike_88502
2025-12-11T11:01:10.294085,bike_42623
2025-12-11T05:01:02.974848,bike_77218
2025-12-09T05:01:05.906422,bike_85525
2025-12-11T11:01:11.073405,bike_72382
2025-12-11T11:01:16.630940,bike_20392
2025-12-11T11:01:11.290454,bike_36780
2025-12-11T11:01:05.924237,bike_52826
2025-12-11T11:01:10.064152,bike_45247
2025-12-11T11:01:12.873255,bike_56397
2025-12-11T11:01:09.912939,bike_47457
2025-12-11T11:01:07.564082,bike_77613
2025-11-29T23:01:10.042765,bike_43054
2025-12-11T11:01:11.604210,bike_75412
2025-12-11T11:01:14.224196,bike_73691
2025-12-11T05:01:08.221982,bike_89878
2025-12-11T11:01:13.521075,bike_69609
2025-12-11T11:01:07.411154,bike_10474
2025-12-11T11:01:12.413433,bike_11053
2025-12-11T11:01:06.477025,bike_76273
2025-12-11T11:01:15.570441,bike_67438
2025-12-11T11:01:13.511667,bike_12494
2025-12-11T11:01:10.900184,bike_44409
2025-12-11T11:01:07.753781,bike_47104
2025-12-11T11:01:08.273225,bike_52683
2025-12-11T11:01:07.792825,bike_62414
2025-12-11T11:01:11.384198,bike_20241
2025-12-11T11:01:13.671254,bike_58793
2025-12-10T17:01:07.640837,bike_82794
2025-12-11T11:01:14.632761,bike_00758
2025-12-05T11:01:14.481053,bike_47739
2025-12-11T11:01:15.033729,bike_74902
2025-12-11T11:01:16.604241,bike_89639
2025-12-11T11:01:14.491383,bike_75026
2025-12-11T11:01:08.604188,bike_43348
2025-12-11T11:01:12.890649,bike_80206
2025-12-11T11:01:15.324193,bike_75455
2025-12-11T11:01:13.244253,bike_44766
2025-12-10T05:01:03.591680,bike_44172
2025-12-11T11:01:08.791206,bike_51419
2025-12-11T11:01:09.944177,bike_76168
2025-12-11T11:01:06.971029,bike_89676
2025-12-11T11:01:08.591630,bike_09815
2025-12-05T23:01:12.057672,bike_56335
2025-12-11T11:01:08.392833,bike_75136
2025-12-11T11:01:14.324202,bike_73672
2025-12-11T11:01:11.524189,bike_71899
2025-12-11T11:01:14.153416,bike_72966
2025-12-11T11:01:13.244248,bike_88925
2025-12-11T11:01:07.133063,bike_51379
2025-12-09T23:01:11.871421,bike_68104
2025-12-11T11:01:14.224201,bike_89273
2025-12-11T11:01:13.693029,bike_27034
2025-12-11T11:01:11.630876,bike_52984
2025-12-11T11:01:06.513981,bike_61541
2025-12-11T11:01:07.124303,bike_89311
2025-12-11T11:01:17.000069,bike_56245
2025-12-11T11:01:07.753802,bike_88277
2025-12-11T11:01:09.010430,bike_21535
2025-12-11T11:01:12.270475,bike_42724
2025-12-11T11:01:12.864230,bike_17875
2025-12-11T11:01:12.430854,bike_82785
2025-12-11T05:01:10.411205,bike_63539
2025-12-11T11:01:16.113586,bike_50766
2025-12-11T11:01:06.873123,bike_71038
2025-12-11T11:01:12.629933,bike_74406
2025-12-11T11:01:15.653319,bike_77482
2025-12-11T11:01:08.473465,bike_68178
2025-12-06T11:01:11.201323,bike_70898
2025-12-11T11:01:09.113041,bike_22598
2025-12-11T11:01:14.491386,bike_85399
2025-12-11T11:01:14.070173,bike_25222
2025-12-11T11:01:09.853160,bike_03281
2025-12-11T11:01:16.299251,bike_10237
2025-12-11T11:01:08.344212,bike_75470
2025-12-11T11:01:09.104188,bike_07434
2025-12-11T11:01:10.745464,bike_69086
2025-12-11T11:01:14.193041,bike_80505
2025-12-11T11:01:16.524495,bike_74841
2025-12-11T11:01:10.513536,bike_04041
2025-12-11T11:01:14.053090,bike_47703
2025-12-11T11:01:14.853035,bike_88994
2025-12-11T11:01:12.709829,bike_42520
2025-12-11T11:01:09.273348,bike_85123
2025-12-11T11:01:06.104024,bike_09315
2025-12-11T11:01:11.050851,bike_20297
2025-12-08T11:01:12.125321,bike_44920
2025-12-11T11:01:11.804189,bike_50539
2025-12-11T11:01:12.733565,bike_45679
2025-12-11T11:01:07.783985,bike_43041
2025-12-11T11:01:15.684206,bike_53149
2025-12-11T11:01:15.513262,bike_77196
2025-12-11T11:01:13.584230,bike_79264
2025-12-11T11:01:06.393126,bike_46183
2025-12-02T05:01:11.358479,bike_69701
2025-12-11T11:01:10.953238,bike_50501
2025-12-11T11:01:06.744075,bike_74086
2025-12-04T23:01:04.097664,bike_26559
2025-12-11T11:01:08.104206,bike_26192
2025-12-11T11:01:07.270108,bike_59071
2025-12-11T11:01:15.644148,bike_47357
2025-12-11T05:01:08.351289,bike_55276
2025-12-11T11:01:16.644252,bike_00281
2025-12-11T11:01:10.212956,bike_75078
2025-12-11T11:01:13.521073,bike_40056
2025-12-11T11:01:08.353261,bike_21064
2025-12-11T11:01:07.190930,bike_61915
2025-12-11T11:01:12.684173,bike_78085
2025-12-11T11:01:11.744227,bike_23208
2025-12-11T11:01:13.875616,bike_47623
2025-12-11T11:01:10.373309,bike_03741
2025-12-11T11:01:07.452534,bike_00353
2025-12-11T11:01:12.114150,bike_58450
2025-12-11T11:01:15.859228,bike_56893
2025-12-11T11:01:13.951950,bike_05310
2025-12-11T11:01:08.552106,bike_57387
2025-12-11T11:01:11.864201,bike_76842
2025-12-11T05:01:08.328736,bike_20129
2025-12-10T23:01:10.608706,bike_88455
2025-12-11T11:01:10.294046,bike_05641
2025-12-11T11:01:14.013665,bike_44270
2025-12-11T11:01:08.774018,bike_00533
2025-12-11T05:01:12.001924,bike_80760
2025-12-11T05:01:12.721952,bike_60025
2025-12-11T11:01:16.792913,bike_25810
2025-12-11T11:01:07.604226,bike_71019
2025-12-11T11:01:06.283418,bike_78762
2025-12-11T11:01:16.424210,bike_45788
2025-12-11T11:01:07.550556,bike_89121
2025-12-11T11:01:08.944088,bike_20221
2025-12-11T11:01:06.410691,bike_19004
2025-12-11T11:01:12.709875,bike_44626
2025-12-11T11:01:16.010685,bike_05704
2025-12-11T05:01:11.736939,bike_74114
2025-12-11T11:01:11.709999,bike_50944
2025-12-11T11:01:16.752818,bike_76356
2025-12-11T11:01:09.613372,bike_44958
2025-12-11T11:01:16.752847,bike_89766
2025-12-11T11:01:09.944158,bike_16529
2025-12-11T11:01:11.312836,bike_09135
2025-12-10T23:01:06.289267,bike_16427
2025-12-11T11:01:12.404144,bike_03555
2025-12-11T11:01:13.127077,bike_67314
2025-12-11T11:01:11.935210,bike_45621
2025-12-05T05:01:07.344116,bike_03720
2025-12-11T11:01:14.892983,bike_51404
2025-12-11T11:01:10.693101,bike_58872
2025-12-11T11:01:11.550957,bike_76928
2025-12-11T11:01:06.913399,bike_73417
2025-12-11T11:01:09.431530,bike_77137
2025-12-11T11:01:06.731141,bike_72962
2025-12-11T11:01:08.133284,bike_41173
2025-12-11T11:01:13.973656,bike_45226
2025-12-11T11:01:14.370182,bike_18285
2025-12-11T11:01:07.694441,bike_79576
2025-12-11T11:01:14.004277,bike_42967
2025-12-11T11:01:11.744210,bike_51608
2025-12-11T11:01:07.684174,bike_71410
2025-12-11T11:01:16.792898,bike_51461
2025-12-11T11:01:08.232190,bike_07046
2025-12-10T17:01:05.197498,bike_43053
2025-12-11T11:01:08.913096,bike_42658
2025-12-11T11:01:09.290959,bike_77114
2025-12-11T11:01:13.530649,bike_67208
2025-12-11T11:01:07.771113,bike_79054
2025-12-11T11:01:14.210100,bike_68209
2025-12-11T11:01:07.810138,bike_25907
2025-12-11T11:01:12.830065,bike_74621
2025-12-11T11:01:15.711657,bike_08322
2025-12-07T23:01:13.861657,bike_58770
2025-12-11T11:01:10.998422,bike_62397
2025-12-11T11:01:14.773114,bike_61181
2025-12-11T11:01:14.964235,bike_85533
2025-12-11T11:01:15.644185,bike_75345
2025-12-11T11:01:11.550931,bike_77281
2025-12-08T05:01:05.046227,bike_80367
2025-12-11T11:01:12.104931,bike_58826
2025-12-11T11:01:09.244184,bike_08005
2025-12-05T17:01:10.429421,bike_60796
2025-12-11T11:01:09.844167,bike_86005
2025-12-09T23:01:11.272156,bike_88921
2025-12-11T11:01:15.504209,bike_12270
2025-12-11T11:01:06.932378,bike_24635
2025-12-11T11:01:09.644227,bike_75625
2025-12-11T11:01:10.873427,bike_01149
2025-12-11T11:01:11.590629,bike_75646
2025-12-11T05:01:06.781956,bike_75614
2025-12-11T11:01:07.824159,bike_69180
2025-12-11T11:01:08.173738,bike_09121
2025-12-11T11:01:10.653313,bike_78035
2025-12-11T11:01:16.973502,bike_20024
2025-12-02T05:01:09.557878,bike_78746
2025-12-11T11:01:09.993078,bike_60822
2025-12-11T11:01:07.190911,bike_12346
2025-12-11T11:01:15.430656,bike_21773
2025-12-06T11:01:03.160586,bike_26968
2025-12-11T11:01:08.670594,bike_18579
2025-12-11T11:01:16.113571,bike_71662
2025-12-11T11:01:09.732762,bike_72616
2025-12-11T11:01:11.504188,bike_47993
2025-12-11T11:01:14.264247,bike_45582
2025-12-11T11:01:08.774028,bike_50226
2025-12-11T11:01:13.530667,bike_88042
2025-12-11T11:01:06.371554,bike_78929
2025-12-11T11:01:07.654476,bike_22860
2025-12-11T11:01:10.033327,bike_16060
2025-12-11T05:01:08.408369,bike_50682
2025-12-11T11:01:13.553605,bike_77798
2025-12-11T11:01:14.491378,bike_69757
2025-12-11T11:01:16.704195,bike_05619
2025-12-11T11:01:15.553149,bike_55780
2025-12-11T11:01:08.073306,bike_19619
2025-12-11T11:01:13.671208,bike_80249
2025-12-11T11:01:08.410973,bike_45314
2025-12-11T05:01:06.561923,bike_10755
2025-12-11T11:01:15.490558,bike_25718
2025-12-11T11:01:09.024196,bike_71577
2025-12-11T11:01:09.384140,bike_30267
2025-12-11T11:01:15.210167,bike_05336
2025-12-11T11:01:09.512839,bike_86122
2025-12-01T23:01:10.450616,bike_34122
2025-12-11T11:01:13.875653,bike_78928
2025-12-11T11:01:15.984157,bike_51023
2025-12-11T11:01:09.290932,bike_47212
2025-12-11T05:01:09.541916,bike_57413
2025-12-11T11:01:14.544244,bike_77723
2025-12-11T11:01:10.930143,bike_53196
2025-12-11T11:01:07.753789,bike_44160
2025-12-11T11:01:12.692983,bike_86238
2025-12-03T11:01:12.088897,bike_77956
2025-12-11T11:01:15.464202,bike_62651
2025-12-11T11:01:11.533514,bike_80669
2025-12-11T11:01:09.305218,bike_38426
2025-12-11T11:01:09.170152,bike_46528
2025-12-11T11:01:10.831093,bike_73271
2025-12-11T05:01:02.870919,bike_80414
2025-12-11T11:01:13.071799,bike_46242
2025-12-11T11:01:13.354921,bike_72875
2025-12-11T11:01:16.613279,bike_31496
2025-12-11T11:01:13.024194,bike_88672
2025-12-11T11:01:13.271571,bike_51888
2025-12-11T05:01:11.570926,bike_56846
2025-12-11T11:01:08.314104,bike_50668
2025-12-11T11:01:12.144190,bike_50771
2025-12-11T11:01:13.711231,bike_76634
2025-12-11T11:01:05.984157,bike_62653
2025-12-11T11:01:09.484123,bike_43683
2025-12-11T11:01:12.804165,bike_69723
2025-12-11T11:01:09.504123,bike_60719
2025-12-11T11:01:15.390332,bike_42773
2025-12-11T05:01:05.948582,bike_77461
2025-12-11T11:01:08.433360,bike_42568
2025-12-11T11:01:16.024147,bike_89507
2025-12-11T05:01:06.981989,bike_52896
2025-12-11T11:01:06.673435,bike_05042
2025-12-11T11:01:14.473227,bike_55768
2025-12-10T11:01:06.288518,bike_62674
2025-12-11T11:01:10.909097,bike_79508
2025-12-11T05:01:02.548370,bike_78245
2025-12-11T11:01:16.752849,bike_88694
2025-12-11T11:01:07.654495,bike_10939
2025-12-11T11:01:13.153268,bike_76526
2025-12-11T11:01:08.670584,bike_81846
2025-12-11T05:01:06.741966,bike_68355
2025-12-11T11:01:13.893720,bike_46223
2025-12-01T17:01:09.048204,bike_81523
2025-12-11T05:01:05.931112,bike_88156
2025-12-11T11:01:07.744191,bike_67552
2025-12-11T11:01:06.913379,bike_45114
2025-12-11T11:01:12.492688,bike_82252
2025-12-11T11:01:09.290924,bike_67679
2025-12-11T11:01:13.934270,bike_61706
2025-12-11T11:01:13.613451,bike_68925
2025-12-11T11:01:10.090997,bike_77181
2025-12-11T11:01:12.971170,bike_55934
2025-12-11T11:01:07.292120,bike_67587
2025-12-08T17:01:02.965183,bike_21966
2025-12-11T11:01:11.204170,bike_44090
2025-12-11T11:01:15.544154,bike_70697
2025-12-11T11:01:15.131025,bike_46647
2025-12-11T11:01:11.769850,bike_76330
2025-12-11T11:01:10.513475,bike_21033
2025-12-10T05:01:09.500396,bike_02563
2025-12-11T11:01:08.512917,bike_69789
2025-12-11T11:01:09.010379,bike_73985
2025-12-01T23:01:06.413473,bike_12044
2025-12-11T11:01:14.790626,bike_61512
2025-12-11T11:01:07.356472,bike_77036
2025-12-11T11:01:07.084178,bike_46356
2025-12-06T17:01:12.558472,bike_81721
2025-12-11T11:01:12.709870,bike_02534
2025-11-30T05:01:08.068652,bike_67932
2025-12-04T23:01:11.980181,bike_88271
2025-12-11T11:01:15.113958,bike_89808
2025-12-11T11:01:13.671216,bike_00219
2025-12-11T11:01:09.193098,bike_74020
2025-12-11T11:01:07.724969,bike_70650
2025-12-06T23:01:08.093767,bike_62602
2025-12-11T11:01:16.104126,bike_60172
2025-12-11T11:01:07.523733,bike_24908
2025-12-11T11:01:15.184191,bike_02631
2025-12-11T05:01:05.948618,bike_74022
2025-12-10T11:01:10.582530,bike_03493
2025-12-11T11:01:08.264191,bike_42996
2025-12-11T11:01:10.644146,bike_46883
2025-12-11T11:01:15.913127,bike_56468
2025-12-11T11:01:12.593659,bike_56928
2025-12-11T11:01:08.970836,bike_13036
2025-12-11T05:01:04.961947,bike_69170
2025-12-01T05:01:07.359953,bike_80349
2025-12-11T11:01:10.464201,bike_09719
2025-12-10T11:01:03.529257,bike_89303
2025-12-11T11:01:10.024120,bike_43331
2025-12-06T17:01:12.923662,bike_47768
2025-12-11T11:01:16.630985,bike_51145
2025-12-11T11:01:07.292123,bike_80476
2025-12-11T11:01:17.070132,bike_47631
2025-12-11T11:01:06.152948,bike_52839
2025-12-11T11:01:14.892996,bike_72100
2025-12-11T11:01:15.324182,bike_11799
2025-12-11T11:01:15.010893,bike_53404
2025-12-11T11:01:12.751707,bike_76831
2025-12-11T11:01:14.984226,bike_67940
2025-12-11T11:01:14.264250,bike_82844
2025-12-11T11:01:13.391036,bike_07697
2025-12-11T11:01:08.290439,bike_47594
2025-12-11T05:01:04.741972,bike_71429
2025-12-11T05:01:08.708284,bike_56612
2025-12-11T11:01:15.930319,bike_43973
2025-12-01T17:01:11.498432,bike_61628
2025-12-11T11:01:12.253245,bike_62698
2025-12-11T05:01:11.481986,bike_75525
2025-12-11T11:01:15.404242,bike_55252
2025-12-11T11:01:11.090228,bike_44272
2025-12-11T11:01:06.279319,bike_47421
2025-12-11T11:01:11.370567,bike_76502
2025-12-11T11:01:13.413534,bike_57530
2025-12-11T11:01:15.530739,bike_50330
2025-12-11T11:01:15.793672,bike_86107
2025-12-11T11:01:11.384190,bike_22521
2025-12-05T17:01:13.839264,bike_79451
2025-12-11T11:01:06.570633,bike_85260
2025-12-11T11:01:14.053056,bike_30146
2025-12-11T11:01:13.044323,bike_11542
2025-12-11T11:01:08.693252,bike_47550
2025-12-11T11:01:11.164244,bike_68816
2025-12-11T11:01:12.033527,bike_81762
2025-12-11T11:01:09.631246,bike_20350
2025-12-11T11:01:12.612658,bike_88545
2025-12-11T11:01:08.653134,bike_56098
2025-12-11T11:01:09.804087,bike_19649
2025-12-10T23:01:05.054435,bike_86061
2025-12-11T11:01:12.930380,bike_60851
2025-12-11T11:01:12.773591,bike_23321
2025-12-11T11:01:11.353142,bike_89464
2025-11-29T11:01:15.187264,bike_69410
2025-12-11T11:01:06.304094,bike_45692
2025-12-11T11:01:13.271509,bike_46366
2025-12-11T11:01:14.964257,bike_75934
2025-12-11T11:01:16.944182,bike_82556
2025-12-11T11:01:15.131030,bike_07436
2025-12-11T11:01:06.784133,bike_16684
2025-12-11T11:01:10.610577,bike_47846
2025-12-11T11:01:08.693238,bike_73014
2025-12-11T11:01:09.604186,bike_23853
2025-12-11T05:01:05.147651,bike_77794
2025-12-11T11:01:10.531031,bike_58506
2025-12-11T11:01:16.769755,bike_42607
2025-12-11T11:01:12.751758,bike_43286
2025-12-11T11:01:11.533517,bike_70440
2025-12-11T11:01:11.889513,bike_51862
2025-12-11T11:01:16.144239,bike_46550
2025-12-11T11:01:08.024218,bike_86243
2025-12-11T11:01:06.477046,bike_80360
2025-12-11T11:01:08.204378,bike_71750
2025-12-11T11:01:10.474918,bike_45405
2025-12-11T11:01:13.284183,bike_78185
2025-12-11T11:01:13.964180,bike_80327
2025-12-04T17:01:06.273474,bike_74435
2025-12-11T11:01:09.844219,bike_76047
2025-12-05T05:01:10.423430,bike_78442
2025-12-11T11:01:16.324146,bike_46773
2025-12-11T11:01:14.804187,bike_19969
2025-12-11T11:01:16.664269,bike_62640
2025-12-11T11:01:08.804168,bike_74138
2025-12-11T11:01:13.344205,bike_70092
2025-12-11T11:01:08.852918,bike_46820
2025-12-11T11:01:17.000095,bike_56978
2025-12-11T11:01:15.819995,bike_69500
2025-12-11T11:01:09.305226,bike_89115
2025-12-11T11:01:07.573544,bike_42829
2025-12-11T11:01:06.832975,bike_69535
2025-12-11T11:01:11.752896,bike_75390
2025-12-04T23:01:06.391737,bike_19210
2025-12-11T11:01:10.144339,bike_81201
2025-12-11T11:01:06.104095,bike_76622
2025-12-11T11:01:13.584178,bike_68934
2025-12-11T11:01:15.413332,bike_50515
2025-12-11T11:01:05.843985,bike_43407
2025-12-11T11:01:16.564167,bike_03807
2025-12-04T05:01:04.451879,bike_44802
2025-12-11T11:01:11.450453,bike_60724
2025-12-11T11:01:10.113562,bike_18379
2025-12-11T11:01:13.144267,bike_45237
2025-12-11T11:01:09.613344,bike_43035
2025-12-11T11:01:10.693081,bike_61742
2025-12-11T11:01:11.090223,bike_80966
2025-12-11T11:01:09.104220,bike_46581
2025-12-09T05:01:13.357763,bike_79891
2025-12-11T11:01:13.344181,bike_71457
2025-12-11T11:01:10.944133,bike_02877
2025-12-02T23:01:10.444108,bike_15455
2025-12-11T05:01:09.911180,bike_82506
2025-12-11T11:01:16.144249,bike_50450
2025-12-11T05:01:07.270914,bike_77585
2025-12-11T11:01:15.490553,bike_24415
2025-12-11T11:01:06.752965,bike_89134
2025-12-11T11:01:09.791152,bike_73317
2025-12-11T11:01:07.533088,bike_79910
2025-12-11T05:01:12.362064,bike_76243
2025-12-11T11:01:09.750236,bike_58356
2025-12-11T11:01:11.724168,bike_85009
2025-12-11T11:01:13.711212,bike_88847
2025-12-11T11:01:15.464164,bike_74445
2025-12-11T11:01:16.573737,bike_71253
2025-12-11T11:01:13.244246,bike_51062
2025-12-11T11:01:15.010887,bike_03010
2025-12-11T11:01:08.371179,bike_09487
2025-12-11T11:01:11.064178,bike_71676
2025-12-11T11:01:12.244209,bike_81749
2025-12-11T11:01:11.590652,bike_74317
2025-12-11T11:01:06.784139,bike_62405
2025-12-05T11:01:13.042971,bike_80714
2025-12-11T11:01:09.870821,bike_69070
2025-12-10T23:01:05.978401,bike_88447
2025-12-11T11:01:14.184169,bike_60616
2025-12-11T11:01:09.512851,bike_89270
2025-12-11T11:01:08.732915,bike_58714
2025-12-11T05:01:05.527583,bike_45725
2025-12-11T11:01:10.593096,bike_06772
2025-12-11T11:01:09.193093,bike_88057
2025-12-08T17:01:04.971236,bike_71070
2025-12-11T11:01:11.410511,bike_59001
2025-12-11T11:01:08.371168,bike_80147
2025-12-11T11:01:09.530347,bike_79882
2025-12-11T11:01:10.644138,bike_72918
2025-12-11T11:01:10.531083,bike_61535
2025-12-11T11:01:16.350902,bike_07903
2025-12-11T11:01:06.904193,bike_71772
2025-12-11T05:01:06.741921,bike_02584
2025-12-11T11:01:08.564395,bike_81128
2025-12-11T11:01:17.031256,bike_77277
2025-12-11T11:01:10.252915,bike_61831
2025-12-11T11:01:07.591440,bike_14274
2025-12-11T11:01:13.144238,bike_61990
2025-12-11T11:01:11.064175,bike_14610
2025-12-11T11:01:08.984194,bike_76480
2025-12-11T11:01:07.452488,bike_52937
2025-12-11T11:01:09.684190,bike_20321
2025-12-11T11:01:15.764249,bike_50685
2025-12-04T17:01:06.624781,bike_57068
2025-12-11T11:01:07.204186,bike_75192
2025-12-11T11:01:13.753405,bike_74779
2025-12-11T11:01:14.804163,bike_80494
2025-12-11T05:01:13.508724,bike_09717
2025-12-11T11:01:14.813183,bike_45381
2025-12-11T11:01:09.764120,bike_72909
2025-12-04T05:01:07.577514,bike_75555
2025-12-11T11:01:08.764180,bike_82294
2025-12-07T11:01:08.159150,bike_73299
2025-12-11T11:01:07.393425,bike_24913
2025-12-11T11:01:05.993450,bike_52485
2025-12-04T17:01:09.754481,bike_43064
2025-12-10T11:01:09.368550,bike_59049
2025-12-11T11:01:13.684246,bike_60055
2025-12-11T11:01:15.670856,bike_71712
2025-12-11T11:01:15.404248,bike_26394
2025-12-11T11:01:12.144181,bike_78289
2025-12-11T11:01:08.464193,bike_15985
2025-12-11T11:01:06.049777,bike_63320
2025-12-11T11:01:05.914802,bike_46631
2025-12-11T11:01:07.213147,bike_03218
2025-12-11T05:01:13.248737,bike_89119
2025-12-11T11:01:16.211517,bike_70073
2025-12-11T11:01:10.711328,bike_79184
2025-12-11T11:01:16.299263,bike_73105
2025-12-11T11:01:13.211224,bike_10367
2025-12-11T11:01:14.251530,bike_69782
2025-12-11T11:01:08.090515,bike_85100
2025-12-11T11:01:13.093559,bike_20627
2025-12-11T11:01:15.051057,bike_80723
2025-12-11T11:01:10.090965,bike_77019
2025-12-11T11:01:06.792927,bike_67935
2025-12-11T11:01:10.531038,bike_77807
2025-12-11T11:01:08.693223,bike_43876
2025-12-11T11:01:12.670155,bike_43986
2025-12-11T11:01:11.692825,bike_51276
2025-12-11T11:01:10.593121,bike_47269
2025-12-11T11:01:16.332989,bike_77117
2025-12-11T11:01:10.413577,bike_48069
2025-12-01T17:01:11.068418,bike_52194
2025-12-05T05:01:13.206002,bike_25446
2025-12-11T11:01:16.713061,bike_89524
2025-12-11T11:01:10.909085,bike_76610
2025-12-11T11:01:11.024119,bike_42610
2025-12-11T11:01:15.793602,bike_16043
2025-12-11T11:01:14.153410,bike_72522
2025-12-11T11:01:12.350667,bike_67257
2025-12-11T11:01:05.993417,bike_20762
2025-12-08T05:01:04.434233,bike_82819
2025-12-11T11:01:16.824149,bike_08616
2025-12-11T11:01:14.104269,bike_58382
2025-12-11T11:01:13.011527,bike_42640
2025-12-11T11:01:13.144278,bike_37492
2025-12-11T11:01:15.684174,bike_23261
2025-12-11T11:01:07.604207,bike_55649
2025-12-11T11:01:06.971021,bike_80075
2025-12-11T11:01:10.033350,bike_21651
2025-12-11T11:01:16.090177,bike_22839
2025-12-11T11:01:07.984183,bike_19250
2025-12-11T11:01:09.344201,bike_47324
2025-12-11T11:01:10.831115,bike_13005
2025-12-11T11:01:09.544192,bike_82551
2025-12-11T11:01:07.792820,bike_45541
2025-12-11T11:01:08.464191,bike_43952
2025-12-11T11:01:10.333402,bike_16864
2025-12-11T11:01:07.173328,bike_75996
2025-12-11T11:01:12.993649,bike_57553
2025-12-11T05:01:06.121991,bike_89445
2025-12-11T11:01:16.384258,bike_11488
2025-12-11T11:01:09.764132,bike_46626
2025-12-11T11:01:07.604212,bike_56530
2025-12-11T11:01:08.473427,bike_86270
2025-12-11T11:01:12.204129,bike_73235
2025-12-11T11:01:15.530741,bike_17658
2025-12-11T11:01:16.184208,bike_70254
2025-12-11T11:01:06.224134,bike_72446
2025-12-11T11:01:13.572023,bike_11328
2025-12-11T11:01:12.404125,bike_77630
2025-12-11T11:01:09.090419,bike_70944
2025-12-11T11:01:07.133023,bike_53384
2025-12-11T11:01:14.300717,bike_88425
2025-12-11T11:01:13.373596,bike_46450
2025-12-11T11:01:08.630083,bike_78694
2025-12-11T11:01:11.935170,bike_10349
2025-12-11T11:01:11.872846,bike_09878
2025-12-11T11:01:08.992894,bike_19951
2025-12-11T11:01:08.090483,bike_17826
2025-12-11T11:01:11.073389,bike_45092
2025-12-11T11:01:08.273227,bike_16238
2025-12-10T17:01:08.566252,bike_80804
2025-12-11T11:01:09.453223,bike_89200
2025-12-11T11:01:15.750706,bike_68483
2025-12-11T05:01:10.628623,bike_77766
2025-12-11T11:01:06.371597,bike_58531
2025-12-11T11:01:07.150185,bike_20945
2025-12-02T17:01:03.740870,bike_53374
2025-12-11T11:01:15.632141,bike_70653
2025-12-11T11:01:08.512957,bike_76789
2025-12-11T11:01:06.170063,bike_77674
2025-12-11T11:01:16.850028,bike_69223
2025-12-11T11:01:14.744174,bike_76663
2025-12-11T11:01:09.750275,bike_43809
2025-12-11T11:01:07.724977,bike_77806
2025-12-11T11:01:06.864225,bike_10987
2025-11-30T17:01:05.212360,bike_71100
2025-11-29T11:01:11.393824,bike_67745
2025-12-11T11:01:11.392878,bike_77275
2025-12-11T11:01:06.953085,bike_79510
2025-12-11T11:01:10.451435,bike_85059
2025-12-11T11:01:10.050673,bike_56526
2025-12-11T11:01:08.970763,bike_77680
2025-12-11T11:01:12.010477,bike_77092
2025-12-11T11:01:16.730380,bike_43989
2025-12-11T11:01:11.490701,bike_62540
2025-12-09T17:01:13.538585,bike_42515
2025-12-11T11:01:15.051062,bike_57956
2025-12-11T11:01:09.993112,bike_78049
2025-12-11T11:01:11.644214,bike_51167
2025-12-11T11:01:14.744212,bike_24467
2025-12-11T11:01:07.384212,bike_70344
2025-12-10T23:01:08.034590,bike_61644
2025-12-11T11:01:12.930383,bike_78000
2025-12-11T11:01:13.344202,bike_71204
2025-12-11T11:01:12.692995,bike_69241
2025-11-30T17:01:08.559712,bike_43000
2025-12-11T11:01:07.110032,bike_45612
2025-12-11T11:01:15.632098,bike_47899
2025-12-11T11:01:09.530342,bike_61182
2025-12-11T11:01:12.114145,bike_47859
2025-12-11T11:01:15.953213,bike_44913
2025-12-11T11:01:11.312843,bike_43208
2025-12-11T11:01:11.710032,bike_70484
2025-12-01T11:01:11.606201,bike_58753
2025-12-11T11:01:16.564212,bike_47353
2025-12-11T11:01:10.813613,bike_74438
2025-12-11T11:01:13.693027,bike_11954
2025-12-11T11:01:14.464154,bike_44354
2025-12-11T11:01:10.610566,bike_15743
2025-12-11T11:01:14.683478,bike_00507
2025-12-11T11:01:10.772866,bike_23132
2025-12-11T05:01:09.827219,bike_68186
2025-11-28T11:01:25.903728,bike_80666
2025-12-11T05:01:05.621945,bike_58218
2025-12-11T11:01:15.724194,bike_00596
2025-12-11T11:01:07.630495,bike_71529
2025-12-11T11:01:07.833402,bike_71508
2025-12-11T11:01:13.344218,bike_80602
2025-12-11T11:01:15.593329,bike_77177
2025-12-10T17:01:03.088244,bike_77818
2025-12-11T11:01:10.033324,bike_74518
2025-12-11T11:01:15.828856,bike_07471
2025-12-11T11:01:06.270270,bike_82304
2025-12-11T11:01:16.905406,bike_35211
2025-12-11T11:01:16.573717,bike_50759
2025-12-11T11:01:05.993429,bike_50857
2025-12-11T11:01:15.033711,bike_46681
2025-12-11T11:01:12.024197,bike_88484
2025-12-11T11:01:08.764240,bike_20504
2025-12-01T05:01:07.293807,bike_63761
2025-12-11T11:01:09.305204,bike_89339
2025-12-11T11:01:15.644193,bike_47811
2025-12-11T11:01:11.670330,bike_52284
2025-11-29T23:01:04.989566,bike_77324
2025-12-11T11:01:06.810070,bike_44807
2025-12-11T11:01:13.224177,bike_80855
2025-12-11T05:01:09.772720,bike_76979
2025-12-11T11:01:14.933326,bike_70848
2025-12-11T11:01:16.964254,bike_89906
2025-12-11T11:01:10.173312,bike_47692
2025-12-11T11:01:14.053099,bike_24208
2025-12-11T11:01:12.270464,bike_47981
2025-12-11T11:01:06.584127,bike_43514
2025-12-11T11:01:11.312815,bike_70295
2025-12-11T11:01:09.484108,bike_61600
2025-12-11T11:01:13.684213,bike_57275
2025-12-11T11:01:15.273317,bike_68802
2025-12-11T11:01:14.584219,bike_62439
2025-12-11T11:01:15.670840,bike_79579
2025-12-08T11:01:02.911788,bike_56171
2025-12-08T05:01:08.171639,bike_22173
2025-12-11T11:01:16.673460,bike_42885
2025-12-11T11:01:16.424273,bike_52849
2025-12-11T11:01:08.464207,bike_85042
2025-12-11T11:01:05.984192,bike_69474
2025-12-11T11:01:11.392907,bike_00258
2025-12-11T11:01:08.684242,bike_44682
2025-12-11T11:01:14.234002,bike_10881
2025-12-11T11:01:13.011494,bike_80564
2025-12-11T11:01:07.712157,bike_78562
2025-12-11T11:01:09.264202,bike_85394
2025-12-11T11:01:08.104212,bike_85352
2025-11-27T18:03:51.905213,bike_74095
2025-12-11T11:01:08.010827,bike_43914
2025-12-10T17:01:05.300709,bike_09760
2025-12-11T11:01:08.424305,bike_46160
2025-12-11T11:01:08.150648,bike_45545
2025-12-11T11:01:08.024198,bike_00635
2025-12-11T11:01:06.433360,bike_43440
2025-12-11T05:01:07.208242,bike_61635
2025-12-11T11:01:10.684140,bike_07616
2025-12-11T11:01:10.671729,bike_71538
2025-12-11T05:01:09.108033,bike_47077
2025-12-11T11:01:16.411252,bike_68741
2025-12-11T11:01:13.044316,bike_39382
2025-12-11T11:01:06.270280,bike_72375
2025-12-08T17:01:11.636278,bike_67012
2025-12-06T17:01:13.292608,bike_58576
2025-12-11T11:01:09.970577,bike_89176
2025-12-11T11:01:10.104244,bike_68841
2025-12-11T11:01:15.311929,bike_89713
2025-12-11T11:01:08.630092,bike_10630
2025-12-11T11:01:11.804191,bike_80581
2025-12-11T11:01:07.110049,bike_71201
2025-12-11T11:01:11.724173,bike_72385
2025-12-11T11:01:10.451424,bike_85460
2025-12-04T17:01:08.169952,bike_75960
2025-12-11T11:01:07.356501,bike_79588
2025-12-11T11:01:14.013694,bike_44055
2025-12-11T11:01:16.490585,bike_61022
2025-12-11T11:01:16.944233,bike_20541
2025-12-11T05:01:03.343387,bike_89268
2025-12-11T11:01:08.314122,bike_56681
2025-12-11T11:01:07.550541,bike_50709
2025-12-11T11:01:15.764255,bike_76549
2025-12-02T11:01:07.825018,bike_56247
2025-12-11T11:01:07.913161,bike_80791
2025-12-08T17:01:06.276272,bike_70533
2025-12-11T11:01:06.633164,bike_43862
2025-12-11T11:01:16.644213,bike_78483
2025-12-11T11:01:13.452786,bike_20787
2025-12-11T11:01:15.593303,bike_89958
2025-12-11T11:01:13.054121,bike_76834
2025-12-11T11:01:15.131053,bike_24842
2025-12-11T11:01:12.733560,bike_72127
2025-12-11T11:01:16.433498,bike_07797
2025-12-11T11:01:11.970323,bike_00859
2025-11-28T11:01:34.643711,bike_39809
2025-12-11T11:01:13.604259,bike_89144
2025-12-11T11:01:15.984201,bike_62834
2025-12-11T11:01:07.573502,bike_71822
2025-12-11T11:01:08.133239,bike_86038
2025-12-11T11:01:15.828819,bike_77449
2025-12-11T11:01:11.935172,bike_85222
2025-12-11T11:01:08.504252,bike_58796
2025-12-11T11:01:09.414194,bike_57564
2025-12-05T23:01:13.358602,bike_46169
2025-12-11T11:01:09.693411,bike_21383
2025-12-11T11:01:15.170396,bike_50484
2025-12-11T11:01:09.090422,bike_02164
2025-12-11T11:01:07.164156,bike_43144
2025-12-11T05:01:06.849540,bike_86241
2025-12-11T11:01:06.393141,bike_67313
2025-12-11T11:01:10.284212,bike_18770
2025-12-01T23:01:07.260340,bike_47794
2025-12-11T11:01:11.273223,bike_80565
2025-12-10T05:01:09.198265,bike_46099
2025-12-11T05:01:04.141969,bike_69231
2025-12-11T11:01:13.875666,bike_51447
2025-12-11T11:01:14.224194,bike_67646
2025-12-11T11:01:07.053512,bike_50968
2025-12-11T05:01:04.190932,bike_76395
2025-12-11T11:01:14.790621,bike_16873
2025-12-11T11:01:13.071787,bike_77309
2025-12-11T11:01:16.990938,bike_47587
2025-12-11T11:01:12.524180,bike_77311
2025-12-11T11:01:13.934260,bike_63004
2025-12-11T11:01:12.453818,bike_69471
2025-12-11T11:01:09.804071,bike_80124
2025-12-11T11:01:10.131168,bike_25579
2025-12-11T11:01:07.771111,bike_58563
2025-12-11T05:01:04.536694,bike_88010
2025-12-01T23:01:12.751641,bike_88014
2025-12-11T11:01:11.550941,bike_51536
2025-12-11T11:01:06.504347,bike_74328
2025-12-08T23:01:12.965110,bike_68075
2025-12-11T11:01:10.544181,bike_42859
2025-12-11T11:01:09.153089,bike_09357
2025-12-11T11:01:09.613360,bike_03654
2025-12-11T05:01:06.411899,bike_88207
2025-12-11T11:01:10.311298,bike_88464
2025-12-11T11:01:11.113330,bike_51504
2025-12-11T11:01:07.684181,bike_53050
2025-12-11T05:01:06.303083,bike_82275
2025-12-11T11:01:16.364193,bike_57464
2025-12-11T11:01:08.392824,bike_52909
2025-12-11T11:01:13.991230,bike_46440
2025-12-11T11:01:16.131089,bike_46062
2025-12-11T11:01:12.372932,bike_51702
2025-12-11T11:01:12.413430,bike_82555
2025-12-11T11:01:13.011518,bike_72727
2025-12-11T11:01:16.832796,bike_03510
2025-12-11T11:01:12.010459,bike_53280
2025-12-11T11:01:06.477023,bike_24375
2025-12-11T11:01:12.533187,bike_85125
2025-12-09T17:01:08.126667,bike_68658
2025-12-11T11:01:16.193533,bike_71478
2025-12-11T11:01:16.184189,bike_72738
2025-12-11T11:01:11.432911,bike_42775
2025-12-05T11:01:10.453410,bike_20063
2025-12-11T11:01:06.553077,bike_74306
2025-12-11T11:01:11.273251,bike_74900
2025-12-11T11:01:10.764090,bike_45006
2025-12-11T11:01:15.693680,bike_24521
2025-12-11T11:01:09.332206,bike_15963
2025-12-01T05:01:11.199868,bike_72287
2025-12-11T11:01:09.831251,bike_88577
2025-12-11T11:01:12.444149,bike_23188
2025-12-11T11:01:11.490740,bike_63618
2025-12-11T11:01:15.793667,bike_79461
2025-12-11T11:01:08.774000,bike_68846
2025-12-11T11:01:10.324211,bike_19967
2025-12-11T11:01:09.670598,bike_03386
2025-12-11T05:01:08.808204,bike_46973
2025-12-11T11:01:08.353254,bike_21150
2025-12-10T11:01:03.980589,bike_60024
2025-12-01T05:01:06.040421,bike_70059
2025-12-04T11:01:06.691585,bike_35112
2025-12-11T11:01:13.111295,bike_76857
2025-12-11T11:01:09.853182,bike_52978
2025-12-10T05:01:06.840179,bike_47039
2025-12-11T11:01:12.364093,bike_81753
2025-12-11T11:01:16.211577,bike_78022
2025-12-11T11:01:14.804177,bike_58213
2025-12-11T11:01:07.645190,bike_68616
2025-12-11T11:01:08.064197,bike_89783
2025-12-11T11:01:13.544242,bike_07934
2025-12-11T11:01:15.764252,bike_69489
2025-12-11T11:01:15.131051,bike_62589
2025-12-11T11:01:09.484126,bike_51364
2025-12-11T11:01:16.010658,bike_88437
2025-12-11T05:01:08.368881,bike_88541
2025-12-11T11:01:09.370862,bike_16707
2025-12-11T11:01:06.993199,bike_72856
2025-12-11T11:01:11.012483,bike_80720
2025-12-11T11:01:12.724182,bike_75204
2025-12-11T11:01:16.131076,bike_88746
2025-12-11T11:01:09.184171,bike_11046
2025-12-11T11:01:08.073290,bike_06281
2025-12-11T11:01:14.773076,bike_30249
2025-12-09T17:01:09.966125,bike_88522
2025-12-11T11:01:14.392657,bike_20097
2025-12-11T11:01:14.473223,bike_50561
2025-12-11T05:01:04.931115,bike_21126
2025-12-11T11:01:13.452773,bike_62158
2025-12-11T11:01:10.593134,bike_68906
2025-12-11T11:01:05.844046,bike_73904
2025-12-10T23:01:08.228786,bike_56042
2025-12-11T11:01:06.384183,bike_80445
2025-12-11T11:01:14.592683,bike_67780
2025-12-11T11:01:13.170735,bike_08045
2025-12-11T11:01:06.513970,bike_12053
2025-12-11T11:01:16.914556,bike_50554
2025-12-11T11:01:11.312825,bike_23533
2025-12-11T11:01:11.033576,bike_76986
2025-12-11T11:01:16.810301,bike_46486
2025-12-11T11:01:12.644076,bike_43534
2025-12-11T11:01:16.551421,bike_45674
2025-12-08T17:01:05.085103,bike_88255
2025-12-11T05:01:09.001989,bike_63156
2025-12-11T11:01:07.150141,bike_58792
2025-12-11T11:01:07.470151,bike_78513
2025-12-11T11:01:13.144262,bike_44841
2025-12-11T05:01:10.801897,bike_69046
2025-12-11T11:01:10.724168,bike_52952
2025-12-11T11:01:12.550675,bike_71221
2025-12-11T11:01:07.424144,bike_52202
2025-12-10T23:01:12.936112,bike_81894
2025-12-11T11:01:14.570955,bike_45316
2025-12-11T11:01:10.424196,bike_72806
2025-12-11T11:01:16.573701,bike_68693
2025-12-11T11:01:15.828871,bike_89343
2025-12-11T11:01:15.733477,bike_75650
2025-12-11T11:01:12.253257,bike_03593
2025-12-11T11:01:12.692990,bike_55409
2025-12-11T11:01:12.333280,bike_73419
2025-12-11T11:01:16.932138,bike_75848
2025-12-11T11:01:11.744198,bike_44581
2025-12-11T11:01:10.554065,bike_80568
2025-12-11T11:01:09.613354,bike_78892
2025-12-11T11:01:11.791844,bike_70220
2025-12-11T11:01:12.444194,bike_58444
2025-12-11T11:01:13.404163,bike_43745
2025-12-11T11:01:09.684166,bike_16477
2025-12-11T11:01:15.504214,bike_44209
2025-12-11T11:01:09.332228,bike_79170
2025-12-11T11:01:13.644166,bike_67127
2025-12-11T11:01:06.073014,bike_77393
2025-12-11T11:01:11.851791,bike_89425
2025-12-11T11:01:12.844179,bike_79332
2025-12-11T11:01:08.852984,bike_73125
2025-12-11T11:01:08.124265,bike_89632
2025-12-11T11:01:11.778513,bike_60351
2025-12-11T11:01:13.054148,bike_24320
2025-12-03T23:01:15.058976,bike_88306
2025-12-11T11:01:08.984216,bike_51979
2025-12-11T11:01:09.414205,bike_78347
2025-12-11T11:01:06.170073,bike_73292
2025-12-11T11:01:16.324171,bike_67118
2025-12-11T11:01:09.244196,bike_67005
2025-12-11T11:01:12.984305,bike_44674
2025-12-11T11:01:08.033391,bike_08598
2025-12-11T11:01:11.050835,bike_72664
2025-12-11T05:01:11.388277,bike_62142
2025-12-11T11:01:16.384272,bike_20329
2025-12-11T11:01:05.968582,bike_80752
2025-12-11T11:01:06.570628,bike_80998
2025-12-11T11:01:15.859190,bike_52640
2025-12-11T11:01:14.584203,bike_15680
2025-12-11T11:01:11.904221,bike_88572
2025-12-11T11:01:13.404195,bike_17960
2025-12-11T11:01:16.784151,bike_23168
2025-12-11T11:01:06.292403,bike_88613
2025-12-11T11:01:08.264228,bike_81812
2025-12-11T11:01:12.944213,bike_80636
2025-12-11T11:01:10.724159,bike_45758
2025-12-11T11:01:16.533584,bike_20640
2025-12-11T11:01:12.333239,bike_78967
2025-12-09T17:01:08.135879,bike_55168
2025-12-11T11:01:07.952849,bike_18088
2025-12-11T11:01:11.752903,bike_74465
2025-12-11T11:01:12.131844,bike_55542
2025-12-11T11:01:06.210051,bike_77739
2025-12-11T11:01:16.290080,bike_78995
2025-12-11T11:01:06.064089,bike_58207
2025-12-11T11:01:12.350656,bike_74104
2025-12-11T11:01:09.264247,bike_51646
2025-12-11T05:01:07.341951,bike_88167
2025-12-11T11:01:15.273261,bike_24996
2025-12-11T11:01:13.744243,bike_09552
2025-12-11T11:01:09.970572,bike_20443
2025-12-11T11:01:08.791200,bike_46384
2025-12-05T17:01:13.713399,bike_18337
2025-12-11T11:01:12.604033,bike_16708
2025-12-11T05:01:02.870871,bike_55703
2025-12-08T05:01:10.894241,bike_05243
2025-12-11T11:01:11.504199,bike_03719
2025-12-11T11:01:09.290941,bike_24655
2025-12-11T11:01:06.744106,bike_47873
2025-12-11T11:01:13.193730,bike_78114
2025-12-11T05:01:04.648868,bike_82842
2025-12-10T23:01:11.848712,bike_46075
2025-12-11T11:01:07.864188,bike_74719
2025-12-09T17:01:07.300050,bike_10303
2025-12-11T11:01:12.844195,bike_72451
2025-12-10T05:01:09.091753,bike_17831
2025-12-11T11:01:12.612663,bike_18184
2025-12-11T11:01:09.530334,bike_78893
2025-12-11T11:01:06.531258,bike_13009
2025-12-11T11:01:13.170804,bike_00057
2025-12-08T23:01:11.677598,bike_63609
2025-12-11T11:01:16.613284,bike_79012
2025-12-05T23:01:12.741531,bike_60721
2025-12-11T11:01:08.191301,bike_22774
2025-12-11T11:01:12.190423,bike_72699
2025-12-11T11:01:08.392849,bike_79320
2025-12-11T05:01:02.570850,bike_79155
2025-12-11T11:01:13.184309,bike_57170
2025-12-11T11:01:06.352948,bike_63167
2025-12-11T11:01:12.830025,bike_42740
2025-12-11T11:01:09.064154,bike_45640
2025-12-11T11:01:14.692359,bike_78549
2025-12-11T11:01:09.930884,bike_63027
2025-12-08T05:01:03.124800,bike_47024
2025-12-02T17:01:05.074978,bike_89294
2025-12-11T11:01:08.104215,bike_82226
2025-12-11T11:01:16.051162,bike_71581
2025-12-11T11:01:09.370828,bike_17218
2025-12-08T23:01:07.303344,bike_42503
2025-12-11T11:01:06.691061,bike_07180
2025-12-11T11:01:14.383624,bike_46300
2025-12-11T11:01:11.851796,bike_85459
2025-12-11T11:01:07.993110,bike_46008
2025-12-06T17:01:08.097567,bike_22409
2025-12-11T11:01:09.344209,bike_42652
2025-12-11T11:01:15.324198,bike_80260
2025-12-11T11:01:09.144188,bike_86072
2025-12-11T11:01:11.752901,bike_80541
2025-12-11T11:01:15.131033,bike_47648
2025-12-11T11:01:11.904205,bike_60151
2025-12-09T17:01:09.665126,bike_46176
2025-12-09T05:01:15.457751,bike_72945
2025-12-11T11:01:06.024159,bike_67855
2025-12-11T11:01:11.024150,bike_05035
2025-12-11T11:01:14.624129,bike_79860
2025-12-11T11:01:15.930270,bike_24709
2025-12-11T11:01:12.612653,bike_44479
2025-12-11T11:01:12.751742,bike_21838
2025-12-11T11:01:11.353123,bike_47021
2025-12-11T11:01:13.127047,bike_08830
2025-12-11T11:01:13.893735,bike_10781
2025-12-11T11:01:11.504186,bike_52917
2025-12-11T11:01:14.070112,bike_23752
2025-12-11T11:01:15.184185,bike_50159
2025-12-11T11:01:09.631253,bike_80322
2025-12-11T11:01:11.864145,bike_67931
2025-12-04T23:01:14.419710,bike_63901
2025-12-11T11:01:12.844223,bike_80194
2025-12-11T11:01:13.093591,bike_77605
2025-12-11T05:01:11.762034,bike_71339
2025-12-11T11:01:12.270444,bike_24267
2025-12-11T11:01:06.770261,bike_77107
2025-12-11T11:01:06.744122,bike_61848
2025-12-09T05:01:11.886381,bike_03739
2025-12-11T11:01:09.773272,bike_22843
2025-12-11T11:01:14.504226,bike_17540
2025-12-11T11:01:07.630476,bike_75799
2025-12-11T11:01:09.344167,bike_80570
2025-12-11T11:01:15.984227,bike_58203
2025-12-11T11:01:14.130690,bike_69511
2025-12-11T11:01:14.624166,bike_75278
2025-12-11T11:01:10.554029,bike_46217
2025-12-11T11:01:07.164172,bike_53393
2025-12-11T11:01:14.513399,bike_68963
2025-12-11T11:01:06.873105,bike_47738
2025-12-11T11:01:09.530371,bike_80873
2025-12-11T11:01:13.071795,bike_89818
2025-12-11T11:01:12.050639,bike_63765
2025-12-05T17:01:12.542400,bike_60874
2025-12-11T11:01:14.712891,bike_88828
2025-12-11T11:01:14.870456,bike_63427
2025-12-11T11:01:16.524497,bike_75713
2025-12-11T11:01:16.272686,bike_86103
2025-12-03T17:01:11.604800,bike_68270
2025-12-11T11:01:06.624167,bike_79497
2025-12-11T11:01:09.724166,bike_25634
2025-12-11T11:01:15.764260,bike_07479
2025-12-11T11:01:08.750018,bike_88544
2025-12-11T11:01:08.491052,bike_88751
2025-12-11T11:01:07.533070,bike_05292
2025-12-11T11:01:14.144184,bike_67108
2025-12-11T11:01:14.712949,bike_79354
2025-12-11T11:01:16.144220,bike_70684
2025-12-11T11:01:11.464249,bike_88644
2025-12-11T11:01:12.131874,bike_77426
2025-12-11T11:01:10.844173,bike_79427
2025-12-11T11:01:14.273004,bike_44487
2025-12-11T11:01:13.364580,bike_77085
2025-12-11T11:01:11.033571,bike_63248
2025-12-11T11:01:09.693419,bike_63198
2025-12-11T11:01:16.350858,bike_46478
2025-12-02T23:01:11.820809,bike_61524
2025-12-11T11:01:10.504234,bike_20085
2025-12-11T11:01:13.544201,bike_81073
2025-12-11T11:01:10.953299,bike_57825
2025-12-11T11:01:10.764093,bike_80484
2025-12-11T11:01:09.844211,bike_77945
2025-12-11T11:01:06.890334,bike_44852
2025-12-11T11:01:10.433590,bike_09116
2025-12-10T17:01:08.859196,bike_24417
2025-12-11T11:01:06.152922,bike_11541
2025-12-11T11:01:16.551438,bike_46774
2025-12-11T11:01:13.071805,bike_78860
2025-12-11T11:01:16.673480,bike_80228
2025-12-11T11:01:12.791175,bike_43461
2025-12-11T11:01:07.092890,bike_77822
2025-12-11T11:01:12.791144,bike_24020
2025-12-11T11:01:09.193116,bike_11621
2025-12-11T11:01:12.350705,bike_67825
2025-12-11T11:01:07.213122,bike_24326
2025-12-11T11:01:10.073737,bike_89782
2025-12-11T11:01:09.613385,bike_89537
2025-12-11T11:01:12.190408,bike_80971
2025-12-06T17:01:08.281581,bike_24764
2025-12-11T11:01:12.292647,bike_89118
2025-12-11T11:01:16.290121,bike_20711
2025-12-11T05:01:02.870915,bike_78976
2025-12-06T17:01:10.790876,bike_57655
2025-12-02T05:01:06.629550,bike_74816
2025-12-08T23:01:10.124078,bike_60565
2025-12-11T11:01:06.184103,bike_75263
2025-12-11T11:01:08.984160,bike_45519
2025-12-11T11:01:12.773602,bike_78544
2025-12-09T05:01:06.089438,bike_75733
2025-12-11T11:01:09.314422,bike_60293
2025-12-11T11:01:06.494831,bike_46238
2025-12-11T11:01:13.093557,bike_72374
2025-12-10T17:01:05.411745,bike_44621
2025-12-11T11:01:16.424242,bike_47950
2025-12-11T11:01:08.944098,bike_80522
2025-12-11T11:01:07.365408,bike_08886
2025-12-09T05:01:10.177715,bike_63124
2025-12-11T11:01:11.912977,bike_73201
2025-12-11T11:01:08.944077,bike_75663
2025-12-11T11:01:06.873118,bike_21656
2025-12-11T05:01:06.090933,bike_78299
2025-12-11T11:01:14.053102,bike_12724
2025-12-11T11:01:10.684118,bike_81685
2025-12-11T11:01:16.564209,bike_62993
2025-12-11T11:01:05.993432,bike_58861
2025-12-11T11:01:16.324166,bike_76516
2025-12-11T11:01:16.090139,bike_51142
2025-12-11T11:01:06.104048,bike_50558
2025-12-11T11:01:07.330165,bike_51577
2025-12-11T11:01:13.390990,bike_37383
2025-12-11T11:01:12.164192,bike_46237
2025-12-11T11:01:06.553043,bike_51518
2025-12-11T11:01:16.810266,bike_76501
2025-12-06T11:01:12.211336,bike_42750
2025-12-11T11:01:08.010834,bike_68770
2025-12-11T11:01:08.573652,bike_55368
2025-12-11T11:01:13.344197,bike_69632
2025-12-11T11:01:10.610545,bike_07906
2025-12-11T05:01:03.896724,bike_89206
2025-12-11T11:01:09.404179,bike_88682
2025-12-11T11:01:07.452537,bike_80509
2025-12-10T17:01:02.851522,bike_75757
2025-12-11T11:01:07.110002,bike_88955
2025-12-11T05:01:09.870877,bike_77858
2025-12-07T11:01:12.308499,bike_88110
2025-12-04T23:01:07.760496,bike_74923
2025-12-11T11:01:10.212899,bike_48085
2025-12-11T11:01:08.970768,bike_86021
2025-12-11T05:01:10.920193,bike_05137
2025-12-11T11:01:16.591382,bike_74790
2025-12-11T11:01:14.570986,bike_74122
2025-12-11T11:01:11.073424,bike_46472
2025-12-11T05:01:10.681929,bike_77845
2025-12-11T11:01:13.584214,bike_51937
2025-12-11T11:01:06.410686,bike_20511
2025-12-01T17:01:12.718423,bike_09185
2025-12-11T11:01:16.233635,bike_47312
2025-12-11T11:01:09.104191,bike_82235
2025-12-11T11:01:12.751763,bike_77425
2025-12-11T05:01:08.341989,bike_46111
2025-12-11T11:01:06.129952,bike_12459
2025-12-11T11:01:12.364113,bike_67688
2025-12-09T17:01:13.005128,bike_70891
2025-12-11T11:01:07.124289,bike_21686
2025-12-11T11:01:15.513283,bike_78956
2025-12-11T11:01:16.233641,bike_20779
2025-12-11T05:01:09.230803,bike_60966
2025-12-11T11:01:07.164174,bike_46233
2025-12-11T11:01:09.512818,bike_52279
2025-12-11T11:01:15.872693,bike_53267
2025-12-10T11:01:10.033513,bike_67285
2025-12-11T11:01:10.745504,bike_76830
2025-12-11T11:01:09.512832,bike_55498
2025-12-11T05:01:08.272048,bike_80182
2025-12-11T11:01:06.224129,bike_75882
2025-12-11T11:01:12.913218,bike_20365
2025-12-11T05:01:08.781848,bike_81807
2025-12-04T23:01:10.951712,bike_58418
2025-12-11T11:01:11.912924,bike_43842
2025-12-11T11:01:10.474968,bike_89709
2025-12-11T11:01:10.492445,bike_08008
2025-12-11T11:01:14.853030,bike_17884
2025-12-11T11:01:17.000108,bike_82219
2025-12-11T11:01:15.311931,bike_72513
2025-12-11T11:01:09.831201,bike_78141
2025-12-11T11:01:12.670152,bike_43197
2025-12-11T11:01:13.480051,bike_85148
2025-12-07T11:01:12.505739,bike_89314
2025-12-11T05:01:05.101950,bike_74249
2025-12-11T11:01:12.733593,bike_45293
2025-12-11T11:01:10.711275,bike_62619
2025-12-11T11:01:16.769736,bike_20899
2025-12-11T11:01:06.410683,bike_57570
2025-12-08T23:01:08.657666,bike_57785
2025-12-11T05:01:03.408175,bike_47250
2025-12-11T11:01:15.570412,bike_50551
2025-12-11T11:01:09.732780,bike_13662
2025-12-11T11:01:13.684186,bike_81046
2025-12-11T05:01:04.741964,bike_88981
2025-12-11T11:01:12.524188,bike_52164
2025-12-11T11:01:10.813643,bike_24769
2025-12-10T05:01:09.360158,bike_46821
2025-12-02T23:01:11.851735,bike_73259
2025-12-11T11:01:12.404147,bike_89490
2025-12-11T11:01:07.864210,bike_51686
2025-12-10T05:01:04.631656,bike_74428
2025-12-11T11:01:09.791090,bike_45239
2025-12-11T11:01:12.404114,bike_18049
2025-12-11T05:01:09.590868,bike_71340
2025-12-11T11:01:05.933211,bike_77094
2025-12-11T11:01:12.791187,bike_00789
2025-12-11T05:01:10.951199,bike_26798
2025-12-11T11:01:10.998464,bike_81047
2025-12-11T11:01:07.993107,bike_02929
2025-12-11T11:01:08.591594,bike_06539
2025-12-11T11:01:06.312994,bike_78975
2025-12-11T11:01:16.411275,bike_75556
2025-12-11T11:01:06.624177,bike_60799
2025-12-11T11:01:09.224172,bike_50863
2025-12-09T23:01:06.529764,bike_68986
2025-12-11T11:01:07.850977,bike_61945
2025-12-11T11:01:12.324211,bike_60384
2025-12-11T11:01:07.591459,bike_44086
2025-12-11T11:01:09.613393,bike_75017
2025-12-11T11:01:08.164226,bike_88117
2025-12-11T11:01:14.692381,bike_51576
2025-12-11T11:01:10.284201,bike_46280
2025-12-11T11:01:13.584160,bike_01314
2025-12-11T11:01:11.384182,bike_78496
2025-12-11T11:01:07.384217,bike_46142
2025-12-11T11:01:07.523769,bike_57373
2025-12-11T11:01:16.411254,bike_76133
2025-12-11T11:01:15.553131,bike_55401
2025-12-11T11:01:10.424219,bike_19310
2025-12-11T11:01:07.510736,bike_75179
2025-12-10T11:01:02.679888,bike_88101
2025-12-11T11:01:10.764036,bike_67575
2025-12-11T11:01:15.024165,bike_88902
2025-12-11T11:01:16.744192,bike_76322
2025-12-11T11:01:15.610675,bike_74549
2025-12-11T11:01:16.784099,bike_17248
2025-12-11T11:01:08.473432,bike_67972
2025-12-11T11:01:13.693039,bike_78644
2025-12-11T11:01:13.184317,bike_79536
2025-12-11T11:01:16.704198,bike_44818
2025-12-11T11:01:10.804131,bike_50181
2025-12-11T11:01:13.153260,bike_81125
2025-12-11T11:01:09.553289,bike_20000
2025-12-11T11:01:15.820052,bike_57158
2025-12-11T11:01:16.905465,bike_43679
2025-12-11T11:01:07.523752,bike_42821
2025-12-11T11:01:13.893733,bike_60454
2025-12-09T17:01:04.976783,bike_46856
2025-12-10T17:01:01.440501,bike_69663
2025-12-11T11:01:10.173274,bike_89149
2025-12-03T05:01:08.266588,bike_78535
2025-12-11T11:01:12.104934,bike_45191
2025-12-11T11:01:10.984849,bike_75607
2025-12-11T11:01:11.769804,bike_80709
2025-12-07T17:01:07.155825,bike_73350
2025-12-11T11:01:07.591422,bike_61002
2025-12-11T11:01:16.471380,bike_71385
2025-12-11T11:01:11.450482,bike_53083
2025-12-11T11:01:07.479555,bike_48036
2025-12-11T11:01:12.333275,bike_81866
2025-12-11T11:01:08.670581,bike_88266
2025-12-11T11:01:12.292663,bike_10896
2025-12-11T11:01:13.904182,bike_47893
2025-12-11T11:01:10.364199,bike_17316
2025-12-11T05:01:09.911214,bike_02601
2025-12-11T11:01:14.449857,bike_58719
2025-12-02T05:01:09.358280,bike_61797
2025-12-11T11:01:08.604170,bike_47553
2025-12-11T11:01:15.210130,bike_44656
2025-12-11T11:01:08.804170,bike_78175
2025-12-11T11:01:06.344110,bike_78503
2025-12-11T11:01:13.744218,bike_51021
2025-12-11T11:01:11.504175,bike_19866
2025-12-11T11:01:10.930156,bike_19849
2025-12-11T11:01:14.692288,bike_57635
2025-11-28T17:01:09.221210,bike_57962
2025-12-11T11:01:13.011529,bike_02983
2025-12-11T11:01:16.964228,bike_89893
2025-12-11T05:01:07.929422,bike_75082
2025-12-11T11:01:12.593644,bike_78833
2025-12-11T11:01:12.050602,bike_44731
2025-12-11T11:01:13.480056,bike_47996
2025-12-11T11:01:12.670204,bike_79806
2025-12-04T05:01:07.709989,bike_09347
2025-11-28T23:01:09.036190,bike_27097
2025-12-11T11:01:06.513976,bike_75497
2025-12-11T11:01:08.473412,bike_19597
2025-12-11T11:01:12.733588,bike_15538
2025-12-11T11:01:06.104065,bike_05826
2025-12-11T11:01:13.991208,bike_81724
2025-12-11T11:01:07.204222,bike_56603
2025-12-11T11:01:11.090189,bike_51738
2025-12-11T11:01:06.792903,bike_43648
2025-12-11T11:01:10.113533,bike_74226
2025-12-11T11:01:08.451048,bike_67173
2025-12-11T11:01:12.930385,bike_17557
2025-12-11T11:01:08.764235,bike_71167
2025-12-11T05:01:09.790208,bike_58124
2025-12-11T11:01:07.694401,bike_79198
2025-12-11T11:01:09.414186,bike_46699
2025-12-11T11:01:06.832948,bike_75156
2025-12-11T05:01:08.001924,bike_85282
2025-12-11T11:01:14.870467,bike_89677
2025-12-11T11:01:13.544235,bike_22433
2025-12-11T11:01:06.184101,bike_21196
2025-12-11T11:01:07.645143,bike_55100
2025-12-11T11:01:13.924228,bike_03513
2025-12-11T11:01:15.033745,bike_76942
2025-12-11T11:01:10.831060,bike_88710
2025-12-11T11:01:14.193046,bike_21079
2025-12-11T11:01:11.303712,bike_17293
2025-12-04T05:01:12.669678,bike_74950
2025-12-11T11:01:09.170115,bike_26332
2025-12-11T11:01:13.613417,bike_81160
2025-12-11T11:01:16.564198,bike_89605
2025-12-11T11:01:11.692774,bike_74531
2025-12-11T11:01:14.070134,bike_58178
2025-12-11T11:01:11.630871,bike_58451
2025-12-11T11:01:11.872808,bike_51917
2025-12-11T11:01:09.344207,bike_22368
2025-12-11T11:01:12.372890,bike_81502
2025-12-10T05:01:11.271620,bike_69790
2025-12-11T11:01:15.234009,bike_53049
2025-12-11T11:01:08.844188,bike_56757
2025-12-11T05:01:12.010895,bike_50576
2025-12-11T11:01:11.692754,bike_44966
2025-12-11T11:01:06.393147,bike_63322
2025-12-11T11:01:16.824121,bike_44336
2025-12-11T11:01:15.010919,bike_12421
2025-12-11T11:01:14.031058,bike_00253
2025-12-11T11:01:12.244190,bike_68855
2025-12-11T11:01:10.311280,bike_71401
2025-12-11T11:01:11.392934,bike_01665
2025-12-11T11:01:12.644141,bike_50817
2025-12-11T11:01:16.193491,bike_76458
2025-12-11T11:01:06.944229,bike_44538
2025-12-11T11:01:06.584170,bike_78848
2025-12-11T11:01:15.930322,bike_76317
2025-12-11T11:01:13.373611,bike_75915
2025-12-11T05:01:13.438064,bike_81773
2025-12-11T11:01:07.150172,bike_77925
2025-12-08T11:01:12.185195,bike_89945
2025-12-11T11:01:16.769790,bike_22000
2025-12-11T11:01:06.570660,bike_67349
2025-12-11T11:01:11.573299,bike_42572
2025-12-11T11:01:14.679294,bike_61596
2025-12-11T11:01:12.213347,bike_80994
2025-12-11T11:01:08.711627,bike_62830
2025-12-09T05:01:09.059555,bike_67830
2025-12-11T11:01:07.930225,bike_89363
2025-12-11T11:01:16.064143,bike_79805
2025-12-11T11:01:12.444172,bike_76521
2025-12-11T11:01:14.144251,bike_23371
2025-12-11T11:01:07.510695,bike_53123
2025-12-11T11:01:06.129950,bike_70793
2025-12-11T11:01:16.113532,bike_60381
2025-12-11T11:01:07.672456,bike_70639
2025-12-11T11:01:07.944149,bike_81012
2025-12-11T11:01:06.890339,bike_51803
2025-11-29T05:01:06.556476,bike_77487
2025-12-11T11:01:15.570386,bike_81495
2025-12-09T17:01:05.758793,bike_58408
2025-12-07T17:01:03.087606,bike_69400
2025-12-11T11:01:12.010503,bike_03254
2025-12-11T11:01:06.371571,bike_50388
2025-12-11T11:01:10.772829,bike_21779
2025-12-11T11:01:14.870472,bike_61469
2025-12-11T11:01:16.233633,bike_85085
2025-12-11T11:01:13.904158,bike_47501
2025-12-01T11:01:09.177306,bike_45432
2025-12-11T11:01:06.184106,bike_45722
2025-12-11T11:01:12.173015,bike_81000
2025-12-11T11:01:09.773204,bike_80468
2025-12-11T11:01:14.844168,bike_73635
2025-12-11T11:01:15.724179,bike_70656
2025-12-11T11:01:16.864267,bike_75264
2025-12-11T11:01:13.184291,bike_74362
2025-12-11T11:01:10.813658,bike_42527
2025-12-11T11:01:07.564073,bike_67949
2025-12-11T11:01:06.144091,bike_21146
2025-12-11T11:01:09.711253,bike_19511
2025-12-09T17:01:12.127898,bike_72914
2025-12-10T23:01:05.194696,bike_11164
2025-12-11T11:01:09.444137,bike_88328
2025-12-11T11:01:09.530355,bike_79762
2025-12-11T11:01:15.584173,bike_78642
2025-12-11T11:01:08.644236,bike_17863
2025-12-01T23:01:06.490322,bike_74067
2025-12-11T11:01:12.333288,bike_55704
2025-12-11T11:01:12.709797,bike_43753
2025-12-11T05:01:10.748440,bike_51767
2025-12-11T05:01:03.087757,bike_89986
2025-12-11T05:01:05.191881,bike_82860
2025-12-11T11:01:10.333417,bike_01929
2025-12-11T05:01:06.628714,bike_44628
2025-12-11T11:01:09.370849,bike_44539
2025-12-11T11:01:08.304251,bike_05091
2025-11-27T18:03:47.645161,bike_74637
2025-12-11T11:01:05.844028,bike_51315
2025-12-11T11:01:07.824169,bike_10716
2025-12-11T11:01:11.024152,bike_62298
2025-12-11T05:01:05.001942,bike_43381
2025-12-11T11:01:07.190895,bike_77703
2025-12-11T11:01:12.550678,bike_42951
2025-12-05T11:01:05.272087,bike_77194
2025-12-11T11:01:11.590623,bike_76775
2025-12-11T11:01:07.365440,bike_82797
2025-12-08T05:01:13.186345,bike_70899
2025-12-02T17:01:11.743603,bike_73496
2025-12-10T05:01:10.739223,bike_25968
2025-12-11T11:01:15.144159,bike_67234
2025-12-11T05:01:13.222024,bike_89336
2025-12-11T11:01:12.653106,bike_42867
2025-12-11T11:01:14.592640,bike_88926
2025-12-11T11:01:10.804149,bike_00458
2025-12-10T17:01:07.997551,bike_58694
2025-12-11T11:01:14.624171,bike_77915
2025-12-11T11:01:16.024175,bike_77711
2025-12-11T11:01:13.893765,bike_57273
2025-12-11T11:01:13.324183,bike_63328
2025-12-11T11:01:11.778444,bike_11814
2025-12-11T05:01:08.077496,bike_78204
2025-12-11T05:01:03.430006,bike_76468
2025-12-09T23:01:13.783192,bike_45182
2025-12-11T11:01:11.804224,bike_12553
2025-12-11T11:01:06.210062,bike_89774
2025-12-11T11:01:07.744152,bike_67974
2025-12-11T11:01:15.944186,bike_24229
2025-12-11T11:01:15.784230,bike_80358
2025-12-11T11:01:06.393131,bike_45334
2025-12-11T11:01:15.811155,bike_67359
2025-12-11T11:01:14.531110,bike_45158
2025-12-11T11:01:14.251505,bike_52924
2025-12-11T11:01:06.270316,bike_85214
2025-12-11T11:01:11.073439,bike_16699
2025-12-11T11:01:13.553627,bike_45534
2025-12-11T11:01:14.210124,bike_82570
2025-12-08T17:01:08.922380,bike_69395
2025-12-04T17:01:13.404678,bike_63278
2025-12-11T11:01:07.244171,bike_73034
2025-12-11T11:01:12.350710,bike_72167
2025-12-11T11:01:10.764110,bike_79506
2025-12-11T11:01:09.853163,bike_63247
2025-12-11T11:01:07.213117,bike_73989
2025-12-09T23:01:06.283080,bike_78851
2025-12-11T11:01:10.433543,bike_79815
2025-12-11T11:01:14.353185,bike_89796
2025-12-11T11:01:15.971232,bike_58761
2025-12-11T11:01:10.373297,bike_42679
2025-12-11T11:01:10.790857,bike_21655
2025-12-11T11:01:07.084145,bike_46306
2025-12-11T11:01:11.670327,bike_82834
2025-12-11T11:01:12.114155,bike_80471
2025-12-11T11:01:10.504211,bike_77646
2025-12-11T11:01:15.684169,bike_51705
2025-12-11T11:01:12.971164,bike_21720
2025-12-11T11:01:09.944172,bike_78680
2025-12-09T17:01:11.558744,bike_24945
2025-12-11T11:01:15.984193,bike_70291
2025-12-11T11:01:08.732888,bike_71065
2025-12-08T23:01:12.903420,bike_22731
2025-12-11T11:01:14.853060,bike_43114
2025-12-11T11:01:14.013660,bike_14725
2025-12-11T11:01:11.151272,bike_67660
2025-12-11T11:01:16.184211,bike_03985
2025-12-11T11:01:15.544166,bike_89588
2025-12-02T17:01:04.474919,bike_82271
2025-12-11T11:01:07.432962,bike_44043
2025-12-11T11:01:15.184204,bike_51651
2025-12-11T11:01:14.804174,bike_60241
2025-12-09T23:01:06.371425,bike_88390
2025-12-11T11:01:07.904143,bike_50261
2025-12-11T11:01:10.693087,bike_70499
2025-12-10T23:01:11.794810,bike_67912
2025-12-10T17:01:04.760756,bike_57568
2025-12-11T11:01:14.144254,bike_23598
2025-12-11T05:01:07.547990,bike_61839
2025-12-11T11:01:16.990928,bike_17124
2025-12-05T11:01:12.110461,bike_56867
2025-12-11T11:01:12.453781,bike_79225
2025-12-11T11:01:14.893028,bike_46646
2025-12-11T11:01:16.873275,bike_52110
2025-12-11T11:01:16.573750,bike_17738
2025-12-06T23:01:13.844851,bike_47621
2025-12-11T11:01:15.024157,bike_88181
2025-12-11T11:01:12.292645,bike_68016
2025-12-11T11:01:09.653317,bike_61657
2025-11-27T23:01:29.046768,bike_00910
2025-12-11T11:01:10.424238,bike_73544
2025-12-11T11:01:06.784144,bike_81051
2025-12-11T11:01:13.390999,bike_77063
2025-12-11T11:01:13.884557,bike_17410
2025-12-11T11:01:15.364174,bike_51369
2025-12-11T11:01:13.724254,bike_25516
2025-12-11T11:01:16.233628,bike_47394
2025-12-11T11:01:09.613378,bike_44633
2025-12-11T11:01:09.892589,bike_24174
2025-12-02T17:01:11.609678,bike_68024
2025-12-11T11:01:11.992857,bike_52892
2025-12-11T11:01:14.144227,bike_71071
2025-12-11T11:01:15.670811,bike_43561
2025-12-11T11:01:15.073095,bike_09771
2025-12-05T23:01:09.251304,bike_85769
2025-12-11T11:01:09.870816,bike_74224
2025-12-11T11:01:06.673448,bike_69752
2025-12-11T11:01:06.953067,bike_63100
2025-12-11T11:01:07.694410,bike_53325
2025-12-11T11:01:15.153113,bike_46610
2025-12-11T11:01:10.554041,bike_88383
2025-12-11T11:01:13.253677,bike_73526
2025-12-11T11:01:13.511642,bike_58303
2025-12-11T11:01:08.891818,bike_08269
2025-12-09T17:01:08.988019,bike_43328
2025-12-11T11:01:08.353232,bike_80765
2025-12-11T11:01:14.310069,bike_46386
2025-11-29T11:01:15.087261,bike_06890
2025-12-11T11:01:06.633188,bike_72606
2025-12-11T11:01:14.730592,bike_04589
2025-12-11T11:01:08.830043,bike_78088
2025-12-11T11:01:06.049809,bike_21147
2025-12-11T11:01:08.371177,bike_71021
2025-11-29T05:01:07.576766,bike_79468
2025-12-11T11:01:11.073384,bike_77559
2025-12-11T11:01:13.373568,bike_69360
2025-12-11T11:01:14.130703,bike_80560
2025-12-11T11:01:09.870761,bike_75437
2025-12-11T11:01:09.584169,bike_73134
2025-12-11T11:01:11.889479,bike_26214
2025-12-11T11:01:11.984137,bike_13066
2025-12-11T05:01:11.428188,bike_74505
2025-12-10T17:01:03.780916,bike_76724
2025-12-11T05:01:10.241841,bike_71973
2025-12-11T11:01:15.653324,bike_88294
2025-12-11T11:01:11.864164,bike_47727
2025-11-29T05:01:07.737384,bike_08680
2025-12-11T11:01:16.481078,bike_68393
2025-12-11T11:01:08.530660,bike_24915
2025-12-11T11:01:12.573718,bike_71527
2025-12-11T11:01:12.804208,bike_43963
2025-12-11T11:01:07.771088,bike_88643
2025-12-11T11:01:12.971153,bike_71819
2025-12-11T11:01:06.010683,bike_76374
2025-12-11T11:01:16.384293,bike_42926
2025-12-11T05:01:03.461957,bike_46768
2025-12-11T11:01:12.350672,bike_44426
2025-12-10T05:01:09.756022,bike_02644
2025-12-11T11:01:11.124139,bike_44110
2025-12-11T11:01:12.533174,bike_46256
2025-12-11T11:01:10.755202,bike_73297
2025-12-11T11:01:09.892550,bike_85130
2025-12-11T11:01:07.330149,bike_09854
2025-12-11T11:01:14.964226,bike_47925
2025-12-11T11:01:13.024233,bike_45665
2025-12-11T11:01:14.091694,bike_44212
2025-12-11T11:01:12.524183,bike_88636
2025-12-11T11:01:10.144386,bike_16339
2025-12-11T11:01:12.971178,bike_20290
2025-12-11T11:01:10.790834,bike_63367
2025-12-11T11:01:07.344175,bike_79132
2025-12-11T11:01:16.090104,bike_76373
2025-12-11T11:01:08.844194,bike_86099
2025-12-11T11:01:08.913091,bike_43840
2025-11-29T23:01:09.863341,bike_81050
2025-12-11T11:01:06.544127,bike_44817
2025-12-11T11:01:07.479576,bike_51376
2025-12-11T11:01:12.253225,bike_46776
2025-12-11T11:01:14.251514,bike_46324
2025-12-11T11:01:08.804154,bike_69221
2025-12-11T11:01:11.653189,bike_89389
2025-12-11T11:01:11.231255,bike_48105
2025-12-11T11:01:14.870509,bike_44407
2025-12-11T11:01:16.832777,bike_88962
2025-12-11T05:01:09.848670,bike_78865
2025-12-11T11:01:09.993091,bike_81752
2025-12-11T11:01:10.373299,bike_53392
2025-12-11T11:01:11.630863,bike_79426
2025-12-11T11:01:06.513993,bike_78780
2025-12-11T11:01:11.769815,bike_68812
2025-12-11T11:01:10.632277,bike_70134
2025-12-11T11:01:09.144138,bike_75758
2025-12-11T11:01:15.373104,bike_46263
2025-12-11T11:01:11.912957,bike_44497
2025-12-11T11:01:11.744230,bike_58692
2025-12-09T11:01:11.739144,bike_78922
2025-12-11T11:01:06.633204,bike_07320
2025-12-11T11:01:07.150167,bike_07232
2025-12-11T11:01:10.900226,bike_88467
2025-12-11T11:01:10.230071,bike_70487
2025-12-11T11:01:07.252828,bike_16871
2025-12-03T05:01:07.919849,bike_62778
2025-12-11T11:01:16.131105,bike_68081
2025-12-11T11:01:08.090497,bike_70502
2025-12-11T11:01:10.984842,bike_88466
2025-12-11T11:01:09.370841,bike_46443
2025-12-11T11:01:11.752893,bike_72911
2025-12-02T23:01:14.364991,bike_52779
2025-12-11T11:01:13.724272,bike_47480
2025-12-08T23:01:06.086550,bike_26885
2025-12-11T11:01:12.684167,bike_00712
2025-12-11T11:01:07.110011,bike_74153
2025-12-11T11:01:15.473224,bike_05284
2025-12-11T11:01:10.073757,bike_73959
2025-12-11T11:01:07.070508,bike_76605
2025-12-11T05:01:08.038244,bike_88324
2025-12-11T11:01:16.424247,bike_47474
2025-12-08T11:01:03.192193,bike_88313
2025-12-11T11:01:06.494766,bike_22639
2025-12-03T17:01:12.424837,bike_76643
2025-12-02T23:01:06.234719,bike_07924
2025-12-11T11:01:14.013645,bike_68126
2025-12-11T11:01:15.390324,bike_46970
2025-12-11T11:01:12.064154,bike_76948
2025-12-11T11:01:12.230711,bike_46323
2025-12-11T11:01:12.114148,bike_26867
2025-12-11T11:01:08.241828,bike_51882
2025-12-11T11:01:05.993422,bike_61566
2025-12-11T11:01:13.671259,bike_50417
2025-12-11T11:01:10.433514,bike_44097
2025-12-11T11:01:16.224210,bike_01653
2025-12-11T11:01:08.913082,bike_74560
2025-12-11T11:01:16.973449,bike_20364
2025-12-11T11:01:14.679312,bike_46021
2025-12-11T11:01:08.711593,bike_78296
2025-12-11T11:01:08.150651,bike_75953
2025-12-11T11:01:06.352943,bike_00471
2025-12-11T11:01:08.791211,bike_80507
2025-12-11T11:01:13.193743,bike_67399
2025-12-11T11:01:08.033404,bike_18657
2025-12-06T23:01:06.194302,bike_88773
2025-12-02T17:01:04.974951,bike_73243
2025-12-11T11:01:08.591609,bike_02142
2025-12-11T05:01:06.481976,bike_02609
2025-12-11T11:01:11.012443,bike_75389
2025-12-11T11:01:16.524517,bike_02960
2025-12-11T11:01:16.944249,bike_20219
2025-12-11T11:01:15.144167,bike_53219
2025-12-11T11:01:08.804140,bike_14483
2025-12-11T11:01:15.192922,bike_59041
2025-12-11T11:01:13.024206,bike_56515
2025-12-11T05:01:09.248337,bike_47121
2025-12-11T11:01:15.153088,bike_43103
2025-12-11T11:01:07.523757,bike_14646
2025-12-09T05:01:08.137710,bike_81821
2025-12-11T11:01:15.850408,bike_14966
2025-12-11T11:01:07.523778,bike_11361
2025-12-11T11:01:08.473417,bike_51472
2025-12-11T11:01:07.304127,bike_76045
2025-12-11T11:01:10.190698,bike_76087
2025-12-11T11:01:12.324209,bike_88951
2025-12-11T11:01:15.544156,bike_53233
2025-12-11T11:01:05.933219,bike_47278
2025-12-11T11:01:11.692786,bike_88957
2025-12-11T11:01:13.144235,bike_47765
2025-12-11T11:01:14.491372,bike_70084
2025-12-11T11:01:06.584162,bike_17290
2025-12-11T11:01:07.304155,bike_82574
2025-12-11T11:01:08.904166,bike_46494
2025-12-02T11:01:07.773490,bike_24233
2025-12-11T11:01:14.704214,bike_43471
2025-12-11T11:01:17.009721,bike_89419
2025-12-11T11:01:11.392892,bike_71144
2025-12-11T11:01:14.744171,bike_55844
2025-12-11T11:01:12.644128,bike_68217
2025-12-06T23:01:06.953957,bike_82818
2025-12-11T11:01:16.153428,bike_18719
2025-12-11T11:01:16.524510,bike_09104
2025-12-11T11:01:13.284223,bike_46783
2025-12-11T11:01:15.264255,bike_80701
2025-12-06T17:01:07.657334,bike_38772
2025-12-10T17:01:02.160562,bike_72380
2025-12-10T17:01:01.760423,bike_51020
2025-12-10T23:01:12.936129,bike_81459
2025-12-11T11:01:07.365415,bike_43459
2025-12-11T11:01:08.133292,bike_62473
2025-12-11T11:01:16.673475,bike_58904
2025-12-11T11:01:10.890919,bike_13435
2025-12-11T11:01:16.810318,bike_46215
2025-12-11T05:01:10.828986,bike_62154
2025-12-11T11:01:14.473232,bike_73865
2025-12-11T11:01:11.935199,bike_78539
2025-12-11T11:01:07.230427,bike_89975
2025-12-11T05:01:10.001881,bike_53334
2025-12-11T11:01:12.733555,bike_57647
2025-12-11T11:01:07.851028,bike_69160
2025-12-11T11:01:13.521103,bike_03327
2025-12-11T05:01:13.167965,bike_77662
2025-12-11T11:01:13.271549,bike_44808
2025-12-11T11:01:08.552111,bike_75840
2025-12-11T11:01:07.523723,bike_47502
2025-12-11T11:01:08.033363,bike_46294
2025-12-11T11:01:08.033394,bike_08276
2025-12-11T11:01:10.270354,bike_53232
2025-12-11T11:01:12.131856,bike_18145
2025-12-11T11:01:11.830425,bike_80975
2025-12-11T11:01:07.190906,bike_15826
2025-12-11T11:01:12.244201,bike_44536
2025-12-11T11:01:07.150124,bike_78336
2025-12-09T23:01:11.584749,bike_74597
2025-12-11T11:01:10.804186,bike_72277
2025-12-11T11:01:10.364227,bike_74044
2025-12-11T11:01:13.584235,bike_03700
2025-12-11T11:01:13.413563,bike_75190
2025-12-11T05:01:04.349949,bike_16862
2025-12-11T11:01:10.433552,bike_86093
2025-12-11T11:01:08.010856,bike_62886
2025-12-11T11:01:12.612627,bike_51220
2025-12-08T23:01:09.686582,bike_62226
2025-12-11T11:01:07.904090,bike_19944
2025-12-11T11:01:07.930215,bike_68769
2025-12-11T11:01:16.393054,bike_89955
2025-12-11T11:01:11.173227,bike_72632
2025-12-11T11:01:10.724136,bike_20854
2025-12-10T17:01:07.738228,bike_75599
2025-12-11T11:01:10.333399,bike_88223
2025-12-11T11:01:14.804185,bike_46278
2025-12-11T11:01:15.530746,bike_42960
2025-12-04T23:01:12.311676,bike_08833
2025-12-11T11:01:16.691301,bike_74278
2025-12-11T11:01:16.113579,bike_85369
2025-12-11T11:01:08.711614,bike_73069
2025-12-08T17:01:05.102643,bike_69281
2025-12-11T11:01:07.190924,bike_03040
2025-12-11T11:01:14.310001,bike_85358
2025-12-11T11:01:11.151235,bike_61603
2025-12-11T11:01:07.573528,bike_53114
2025-12-11T05:01:06.429300,bike_47028
2025-12-11T11:01:14.570976,bike_50212
2025-12-11T11:01:15.953182,bike_63730
2025-12-11T11:01:15.064190,bike_50677
2025-12-11T11:01:11.133297,bike_80629
2025-12-01T05:01:04.324199,bike_71563
2025-12-11T11:01:12.524190,bike_17655
2025-12-11T11:01:06.152925,bike_76736
2025-12-10T17:01:06.071721,bike_79843
2025-12-11T11:01:11.244171,bike_21940
2025-12-11T11:01:13.324172,bike_43071
2025-12-11T11:01:14.884262,bike_08999
2025-12-11T11:01:16.364211,bike_56717
2025-12-11T11:01:12.670147,bike_70757
2025-12-11T11:01:15.073105,bike_80231
2025-12-11T11:01:08.232229,bike_69274
2025-12-11T11:01:08.670578,bike_37624
2025-12-11T11:01:15.859212,bike_72462
2025-12-09T23:01:11.410900,bike_78455
2025-12-11T11:01:11.424167,bike_75301
2025-12-11T11:01:07.411188,bike_16306
2025-12-11T11:01:07.292142,bike_80226
2025-12-11T11:01:13.413558,bike_62440
2025-12-11T11:01:07.312818,bike_77745
2025-12-11T11:01:10.091042,bike_52195
2025-12-11T11:01:09.791147,bike_79801
2025-12-03T23:01:08.351312,bike_81163
2025-12-11T11:01:11.330500,bike_25688
2025-12-10T17:01:08.671766,bike_88594
2025-12-11T11:01:07.744170,bike_79623
2025-12-11T11:01:13.671223,bike_11827
2025-12-09T23:01:10.708825,bike_74329
2025-12-11T11:01:16.090123,bike_23998
2025-12-11T11:01:13.644224,bike_88323
2025-12-11T11:01:08.290479,bike_46425
2025-12-11T11:01:08.273212,bike_47828
2025-12-04T23:01:12.118012,bike_78234
2025-12-11T11:01:15.724147,bike_69313
2025-12-11T11:01:08.290488,bike_47497
2025-12-11T11:01:06.691028,bike_77221
2025-12-10T23:01:15.164786,bike_88094
2025-12-11T11:01:09.051604,bike_76668
2025-12-11T11:01:13.544192,bike_08102
2025-12-11T11:01:06.384191,bike_80880
2025-12-11T11:01:13.193748,bike_77774
2025-12-11T11:01:08.812884,bike_48043
2025-12-10T17:01:00.512266,bike_57385
2025-12-06T11:01:04.191339,bike_68289
2025-12-11T11:01:15.114020,bike_79561
2025-12-11T11:01:12.890623,bike_03495
2025-12-11T11:01:06.010719,bike_60285
2025-12-11T11:01:12.684178,bike_52816
2025-12-11T11:01:11.384145,bike_47335
2025-12-11T11:01:07.810144,bike_79397
2025-12-11T11:01:13.253663,bike_52481
2025-12-11T11:01:14.053068,bike_72657
2025-12-11T05:01:07.088101,bike_78214
2025-12-11T11:01:15.073119,bike_80263
2025-12-11T11:01:14.091705,bike_80777
2025-12-11T11:01:14.730551,bike_89790
2025-12-11T05:01:05.062000,bike_10143
2025-12-11T05:01:03.241957,bike_89829
2025-12-11T11:01:05.950580,bike_70758
2025-12-11T11:01:07.393486,bike_81126
2025-12-11T11:01:12.830033,bike_43817
2025-12-11T05:01:10.411202,bike_75940
2025-12-11T11:01:06.784160,bike_24503
2025-12-11T11:01:08.984210,bike_61625
2025-12-11T11:01:06.024178,bike_73604
2025-12-11T11:01:07.753770,bike_74048
2025-12-11T11:01:15.131048,bike_47010
2025-12-11T11:01:14.053076,bike_46568
2025-11-28T11:01:37.324463,bike_68256
2025-12-11T11:01:16.170794,bike_72805
2025-12-11T11:01:12.629938,bike_75210
2025-12-11T11:01:08.232198,bike_58468
2025-12-11T11:01:15.273277,bike_89913
2025-12-11T11:01:06.433302,bike_78186
2025-12-11T11:01:08.353204,bike_43569
2025-12-11T11:01:07.252831,bike_88118
2025-12-11T11:01:14.504169,bike_68464
2025-12-11T11:01:16.613232,bike_70438
2025-12-11T11:01:07.173348,bike_89189
2025-12-11T11:01:11.769830,bike_16822
2025-12-11T11:01:15.192925,bike_10634
2025-12-11T11:01:15.490547,bike_89290
2025-12-11T11:01:16.453644,bike_67713
2025-12-05T23:01:10.698474,bike_81188
2025-12-04T05:01:10.091972,bike_68614
2025-12-10T23:01:11.836325,bike_48096
2025-12-06T05:01:07.616133,bike_70524
2025-12-11T11:01:13.671213,bike_43968
2025-12-05T11:01:05.290571,bike_73469
2025-12-11T11:01:10.464199,bike_05717
2025-12-11T11:01:07.312850,bike_82833
2025-12-11T11:01:11.050810,bike_72133
2025-12-11T11:01:06.283386,bike_74016
2025-12-11T11:01:12.372939,bike_44137
2025-12-11T05:01:11.888492,bike_81212
2025-12-11T11:01:11.490714,bike_43756
2025-12-11T11:01:09.570599,bike_81851
2025-12-11T11:01:09.653327,bike_48086
2025-12-11T11:01:06.810049,bike_72789
2025-12-11T11:01:07.470145,bike_77676
2025-12-11T11:01:14.004255,bike_58977
2025-12-11T11:01:12.644145,bike_81153
2025-12-11T11:01:14.193015,bike_89504
2025-12-11T11:01:09.844206,bike_74454
2025-12-11T11:01:07.712151,bike_43555
2025-12-11T11:01:07.292136,bike_88791
2025-12-11T11:01:15.859233,bike_79527
2025-12-11T11:01:14.844138,bike_89221
2025-12-09T05:01:09.024580,bike_79236
2025-12-11T11:01:10.324217,bike_70777
2025-12-11T11:01:16.384275,bike_61352
2025-12-11T11:01:17.044180,bike_73509
2025-12-11T11:01:10.333379,bike_44811
2025-12-11T11:01:08.464198,bike_45834
2025-12-11T05:01:03.621984,bike_78242
2025-12-11T05:01:09.648557,bike_74807
2025-12-11T11:01:09.431472,bike_53425
2025-12-11T11:01:16.973489,bike_38341
2025-12-11T11:01:07.694420,bike_47748
2025-12-11T11:01:09.604230,bike_85357
2025-12-11T11:01:16.364169,bike_88736
2025-12-11T11:01:16.453609,bike_69371
2025-12-11T11:01:10.324177,bike_53214
2025-12-04T23:01:09.251733,bike_36174
2025-12-11T11:01:15.644163,bike_52262
2025-12-11T11:01:11.872823,bike_46416
2025-12-11T11:01:11.024142,bike_70669
2025-12-11T11:01:09.384172,bike_77264
2025-12-11T11:01:06.090372,bike_47978
2025-12-11T11:01:05.959972,bike_02276
2025-12-07T17:01:12.376771,bike_70227
2025-12-11T11:01:10.390899,bike_70570
2025-12-11T11:01:12.390255,bike_08042
2025-12-11T11:01:16.193517,bike_24676
2025-12-11T11:01:06.024196,bike_57350
2025-12-09T17:01:08.468450,bike_80176
2025-12-11T11:01:08.852991,bike_70904
2025-12-11T11:01:12.670170,bike_30081
2025-12-11T11:01:15.670832,bike_89395
2025-12-11T11:01:06.890300,bike_89599
2025-12-11T11:01:10.451398,bike_74766
2025-12-11T11:01:14.013702,bike_89378
2025-12-11T11:01:11.804209,bike_71830
2025-12-11T11:01:13.489463,bike_58061
2025-12-11T11:01:08.290471,bike_47218
2025-12-11T11:01:10.804164,bike_20280
2025-12-11T11:01:07.044250,bike_88211
2025-12-11T11:01:06.704185,bike_51184
2025-12-11T11:01:14.464164,bike_73801
2025-12-11T11:01:15.184196,bike_67140
2025-12-11T11:01:16.824134,bike_76637
2025-12-11T05:01:05.510876,bike_80269
2025-12-11T11:01:12.073041,bike_73574
2025-12-11T11:01:13.293254,bike_13597
2025-12-11T11:01:08.552103,bike_55775
2025-12-11T11:01:08.464220,bike_50246
2025-12-11T11:01:16.324205,bike_80825
2025-11-28T23:01:06.216303,bike_71068
2025-12-11T11:01:12.430886,bike_16420
2025-12-11T11:01:15.724206,bike_53273
2025-12-11T11:01:07.204172,bike_80026
2025-12-11T11:01:12.873212,bike_43717
2025-12-10T23:01:06.298718,bike_77026
2025-12-11T05:01:03.230437,bike_75299
2025-12-11T11:01:16.644235,bike_22117
2025-12-11T11:01:10.513526,bike_47068
2025-12-11T11:01:08.164242,bike_18392
2025-12-11T11:01:15.784191,bike_88047
2025-12-11T11:01:07.944120,bike_08438
2025-12-11T05:01:09.590808,bike_70209
2025-12-11T11:01:09.853184,bike_77160
2025-12-11T11:01:13.653556,bike_43646
2025-12-11T11:01:16.524505,bike_48084
2025-12-11T11:01:09.970543,bike_47478
2025-12-11T11:01:09.944215,bike_69669
2025-12-11T05:01:12.601892,bike_79554
2025-12-11T11:01:12.692972,bike_79365
2025-12-11T05:01:03.017782,bike_56602
2025-12-11T11:01:16.630956,bike_80068
2025-12-11T11:01:14.773108,bike_70594
2025-12-11T11:01:08.241873,bike_37090
2025-12-11T11:01:08.273222,bike_57633
2025-12-11T11:01:08.064156,bike_51123
2025-12-11T11:01:16.170803,bike_51622
2025-12-11T11:01:10.890946,bike_42668
2025-12-11T11:01:15.324223,bike_79099
2025-12-11T11:01:09.444130,bike_33403
2025-12-11T11:01:08.464203,bike_45780
2025-12-11T11:01:15.670804,bike_80007
2025-12-11T11:01:16.024157,bike_63950
2025-12-11T11:01:12.213339,bike_12469
2025-12-11T11:01:08.711632,bike_75992
2025-12-11T11:01:06.731151,bike_77053
2025-12-09T11:01:05.045077,bike_80718
2025-12-11T11:01:12.791184,bike_63287
2025-12-11T11:01:16.713078,bike_44974
2025-12-11T11:01:14.531071,bike_77254
2025-12-11T11:01:06.049785,bike_23281
2025-12-11T11:01:10.909048,bike_39839
2025-12-11T11:01:10.144375,bike_76380
2025-12-11T11:01:16.490559,bike_74118
2025-12-11T11:01:09.113066,bike_08390
2025-12-11T05:01:09.848646,bike_78574
2025-12-11T11:01:14.013705,bike_16600
2025-12-11T11:01:12.050600,bike_10847
2025-12-11T11:01:11.090172,bike_26231
2025-12-03T23:01:09.758834,bike_74966
2025-12-09T17:01:07.958782,bike_17469
2025-11-30T05:01:11.378451,bike_23491
2025-12-11T11:01:09.314477,bike_25433
2025-12-11T11:01:10.212910,bike_71900
2025-12-11T11:01:09.584174,bike_76825
2025-12-11T11:01:14.053071,bike_82315
2025-12-11T11:01:15.750663,bike_76947
2025-12-11T11:01:09.764129,bike_69088
2025-12-11T11:01:16.551378,bike_46476
2025-12-11T11:01:08.073272,bike_58205
2025-12-11T11:01:07.833374,bike_71689
2025-12-07T17:01:07.367528,bike_73009
2025-12-11T11:01:09.170147,bike_89899
2025-12-08T23:01:15.226313,bike_47150
2025-11-30T11:01:10.213937,bike_74781
2025-12-11T11:01:11.653171,bike_81242
2025-12-11T11:01:06.544140,bike_36258
2025-12-11T11:01:14.504163,bike_47452
2025-12-11T11:01:15.170380,bike_04317
2025-12-11T11:01:14.170762,bike_68677
2025-12-11T11:01:11.330498,bike_76399
2025-12-11T05:01:02.728393,bike_61634
2025-12-11T11:01:08.064210,bike_20617
2025-12-11T11:01:14.392679,bike_45279
2025-12-11T11:01:13.127042,bike_51689
2025-12-11T11:01:16.433522,bike_44889
2025-12-11T11:01:08.241859,bike_72675
2025-12-11T11:01:09.353523,bike_62017
2025-12-11T11:01:06.112853,bike_51448
2025-12-11T11:01:07.213101,bike_02701
2025-12-11T11:01:14.712899,bike_70682
2025-12-11T11:01:16.184214,bike_73967
2025-12-11T11:01:07.432941,bike_70185
2025-12-11T05:01:11.148718,bike_72398
2025-12-03T17:01:06.604907,bike_11513
2025-12-11T11:01:13.093596,bike_85118
2025-12-07T17:01:10.636318,bike_57491
2025-12-11T11:01:13.884576,bike_43771
2025-12-11T11:01:07.344178,bike_88290
2025-12-11T11:01:13.344187,bike_50795
2025-12-11T11:01:16.564221,bike_80921
2025-12-11T11:01:16.072970,bike_70330
2025-12-11T11:01:08.204381,bike_51012
2025-12-11T11:01:06.010688,bike_35614
2025-12-11T11:01:05.924252,bike_22632
2025-12-11T11:01:14.344170,bike_80408
2025-12-11T11:01:15.971199,bike_75908
2025-12-11T11:01:09.090436,bike_86006
2025-12-06T17:01:06.277535,bike_77355
2025-12-11T11:01:08.064216,bike_24322
2025-12-11T11:01:06.344060,bike_18258
2025-12-11T11:01:09.631251,bike_56709
2025-12-11T11:01:10.173307,bike_88331
2025-12-11T11:01:13.753390,bike_85194
2025-12-11T11:01:16.964252,bike_50904
2025-12-11T11:01:09.504097,bike_68547
2025-12-11T11:01:07.672440,bike_70722
2025-12-11T11:01:15.251753,bike_77011
2025-12-11T11:01:12.104920,bike_69320
2025-12-11T11:01:14.370212,bike_24421
2025-12-11T11:01:14.592625,bike_07792
2025-12-11T11:01:12.253284,bike_48016
2025-12-11T11:01:07.150192,bike_69629
2025-12-11T11:01:11.813292,bike_42062
2025-12-11T11:01:14.004280,bike_78400
2025-12-11T11:01:11.644145,bike_41223
2025-12-11T11:01:16.010712,bike_52834
2025-12-10T17:01:08.397350,bike_59027
2025-12-11T11:01:09.724150,bike_82248
2025-12-08T11:01:11.800232,bike_81806
2025-12-10T23:01:08.825214,bike_47798
2025-12-01T17:01:10.308437,bike_60139
2025-12-11T11:01:08.530678,bike_88405
2025-12-09T17:01:13.428068,bike_47787
2025-12-02T23:01:09.354713,bike_43252
2025-12-04T11:01:15.951688,bike_57982
2025-12-09T05:01:13.237694,bike_56294
2025-12-11T11:01:13.875656,bike_77103
2025-12-06T17:01:09.866485,bike_73282
2025-12-11T11:01:09.051602,bike_51722
2025-12-11T11:01:11.684214,bike_51696
2025-12-10T17:01:03.298938,bike_16915
2025-12-11T11:01:07.654466,bike_67502
2025-12-11T11:01:11.050818,bike_24048
2025-12-11T11:01:12.444189,bike_44202
2025-12-11T11:01:14.153427,bike_80412
2025-12-11T11:01:07.904129,bike_03850
2025-12-05T05:01:11.297134,bike_89733
2025-12-11T11:01:13.024236,bike_89380
2025-12-11T11:01:10.584166,bike_10902
2025-12-11T11:01:14.553314,bike_03100
2025-12-11T11:01:13.364622,bike_47934
2025-12-11T05:01:05.028159,bike_78832
2025-12-09T17:01:08.547817,bike_23582
2025-12-06T17:01:13.165715,bike_61389
2025-12-11T11:01:10.755222,bike_72456
2025-12-11T11:01:15.504207,bike_37809
2025-12-11T11:01:17.000075,bike_78408
2025-12-11T11:01:07.944126,bike_58941
2025-12-11T11:01:12.890601,bike_02523
2025-12-11T11:01:07.190932,bike_69356
2025-12-10T17:01:02.211570,bike_22539
2025-12-11T05:01:02.711219,bike_00404
2025-12-11T11:01:12.890644,bike_79148
2025-12-11T11:01:15.114009,bike_88268
2025-12-01T11:01:06.557294,bike_80493
2025-12-11T11:01:06.304074,bike_22336
2025-12-11T11:01:06.904220,bike_18087
2025-12-11T11:01:06.752933,bike_56933
2025-12-11T11:01:09.290972,bike_45011
2025-12-11T11:01:11.473172,bike_07718
2025-12-11T11:01:12.444184,bike_21770
2025-12-10T17:01:07.631684,bike_73786
2025-12-11T11:01:06.010685,bike_70169
2025-12-11T11:01:11.464199,bike_47040
2025-12-11T11:01:06.064084,bike_51795
2025-12-11T11:01:11.490761,bike_72832
2025-12-11T11:01:12.430878,bike_76673
2025-12-09T17:01:08.838747,bike_76448
2025-12-01T23:01:06.324727,bike_71371
2025-12-11T11:01:12.629872,bike_46091
2025-12-11T11:01:15.930314,bike_46736
2025-12-05T05:01:15.117231,bike_70778
2025-12-11T11:01:16.504203,bike_89014
2025-12-11T11:01:15.984235,bike_72390
2025-12-11T11:01:14.773106,bike_76991
2025-12-11T11:01:10.804181,bike_77976
2025-12-11T11:01:12.073044,bike_76441
2025-12-11T11:01:10.270450,bike_89082
2025-12-11T11:01:09.653332,bike_05323
2025-12-11T11:01:14.884316,bike_25690
2025-12-11T11:01:11.033625,bike_77267
2025-12-10T23:01:06.397884,bike_85108
2025-12-10T05:01:01.760275,bike_47065
2025-12-07T11:01:07.205397,bike_78512
2025-12-11T11:01:11.778461,bike_61747
2025-12-09T11:01:12.647926,bike_53021
2025-11-30T17:01:12.072321,bike_71075
2025-12-11T11:01:06.752925,bike_88602
2025-12-02T23:01:09.534674,bike_56995
2025-12-11T11:01:06.752955,bike_68215
2025-12-11T11:01:06.033034,bike_06140
2025-12-11T05:01:04.909064,bike_44911
2025-12-11T11:01:13.413578,bike_57332
2025-12-11T11:01:09.144181,bike_73956
2025-12-11T11:01:11.164232,bike_03179
2025-12-11T11:01:06.292413,bike_52668
2025-12-11T11:01:06.570667,bike_15139
2025-12-11T11:01:10.311258,bike_81865
2025-12-06T17:01:08.644842,bike_75932
2025-12-11T11:01:14.924141,bike_82822
2025-12-11T11:01:11.550903,bike_76290
2025-12-11T11:01:11.424184,bike_76157
2025-12-11T11:01:11.889510,bike_25501
2025-12-11T11:01:07.630497,bike_79304
2025-12-10T11:01:08.798221,bike_80681
2025-12-11T11:01:15.333200,bike_58223
2025-12-11T11:01:08.812897,bike_18776
2025-12-11T11:01:15.530726,bike_89024
2025-12-11T11:01:16.973451,bike_43366
2025-12-11T11:01:07.452561,bike_67527
2025-12-08T05:01:11.346281,bike_68718
2025-12-11T11:01:09.984117,bike_70335
2025-12-11T11:01:10.464158,bike_17245
2025-12-11T11:01:06.393115,bike_79405
2025-12-11T11:01:10.230115,bike_79890
2025-12-11T11:01:09.544171,bike_51430
2025-12-11T11:01:15.513275,bike_22278
2025-12-11T11:01:06.193079,bike_75885
2025-12-11T11:01:14.951967,bike_88622
2025-12-11T11:01:13.244237,bike_07387
2025-12-11T11:01:12.144161,bike_18127
2025-12-08T17:01:07.567928,bike_67196
2025-12-11T11:01:16.184172,bike_19957
2025-12-11T11:01:10.593085,bike_79577
2025-12-11T11:01:15.024177,bike_71234
2025-12-11T11:01:09.631200,bike_75141
2025-12-11T11:01:07.930193,bike_46373
2025-12-11T11:01:16.290124,bike_44500
2025-12-11T11:01:07.024212,bike_77302
2025-12-11T11:01:09.831233,bike_25790
2025-12-10T23:01:05.685250,bike_47575
2025-12-11T11:01:06.424145,bike_89088
2025-12-07T17:01:09.034251,bike_68251
2025-12-11T11:01:06.049799,bike_47777
2025-12-11T11:01:10.464203,bike_80119
2025-12-11T11:01:10.294041,bike_71362
2025-12-11T11:01:15.504180,bike_45051
2025-12-10T05:01:05.491070,bike_89398
2025-12-11T11:01:10.113527,bike_76437
2025-12-11T11:01:06.249228,bike_18869
2025-12-11T11:01:12.453815,bike_71589
2025-12-11T11:01:10.033313,bike_69734
2025-12-11T11:01:09.604196,bike_76632
2025-12-11T11:01:12.453833,bike_78777
2025-12-11T11:01:07.672451,bike_44968
2025-12-11T11:01:11.692819,bike_60880
2025-12-11T11:01:13.692990,bike_21161
2025-12-11T11:01:14.544239,bike_46937
2025-12-11T11:01:07.645156,bike_52015
2025-12-11T11:01:11.944476,bike_20575
2025-12-11T11:01:12.230716,bike_72621
2025-12-11T11:01:10.144356,bike_67812
2025-12-11T11:01:14.609879,bike_73536
2025-12-11T11:01:13.924262,bike_71368
2025-12-11T11:01:07.230403,bike_73677
2025-12-11T11:01:14.584214,bike_47894
2025-12-11T11:01:09.224162,bike_89876
2025-12-11T11:01:06.664156,bike_05701
2025-12-11T11:01:08.273209,bike_74216
2025-12-11T11:01:09.184178,bike_78710
2025-12-11T11:01:08.424333,bike_20142
2025-12-11T11:01:05.933231,bike_76786
2025-12-02T17:01:06.916704,bike_61520
2025-12-11T11:01:12.114177,bike_45420
2025-12-11T11:01:10.644129,bike_68238
2025-12-11T11:01:09.764167,bike_50518
2025-12-11T11:01:10.909102,bike_73818
2025-12-11T11:01:10.632221,bike_77261
2025-12-11T11:01:08.433339,bike_67373
2025-12-11T11:01:14.044150,bike_62802
2025-12-11T11:01:09.104215,bike_48072
2025-12-11T11:01:12.550701,bike_09954
2025-12-11T11:01:16.673491,bike_48088
2025-12-11T11:01:08.024161,bike_56990
2025-12-11T11:01:07.270113,bike_69748
2025-12-07T11:01:13.219085,bike_81194
2025-12-11T11:01:07.564057,bike_80444
2025-12-11T11:01:15.210148,bike_77874
2025-12-11T11:01:06.850029,bike_43559
2025-12-06T17:01:10.972591,bike_61260
2025-12-11T11:01:09.170106,bike_67773
2025-12-11T11:01:05.950619,bike_24477
2025-12-11T11:01:07.070549,bike_79874
2025-12-11T11:01:07.092858,bike_76483
2025-12-11T05:01:09.470933,bike_19336
2025-12-11T11:01:15.553166,bike_43913
2025-12-11T11:01:07.824151,bike_00542
2025-12-11T11:01:10.772814,bike_75659
2025-12-11T11:01:16.113544,bike_58187
2025-12-11T11:01:10.632219,bike_53270
2025-12-11T11:01:12.372952,bike_75447
2025-12-11T11:01:11.984132,bike_13887
2025-12-11T11:01:14.130695,bike_50419
2025-12-11T11:01:08.104172,bike_72866
2025-12-11T05:01:03.648449,bike_76007
2025-12-11T11:01:07.654490,bike_60233
2025-12-11T11:01:09.553269,bike_76393
2025-11-29T17:01:06.211851,bike_55741
2025-12-11T11:01:12.533179,bike_75040
2025-12-11T11:01:15.553113,bike_05797
2025-12-11T11:01:16.704189,bike_68725
2025-12-11T11:01:12.864206,bike_59082
2025-12-11T11:01:08.852945,bike_67934
2025-12-11T11:01:16.551455,bike_26093
2025-12-11T11:01:13.521062,bike_67406
2025-12-11T11:01:12.953331,bike_51408
2025-12-11T11:01:08.844166,bike_63064
2025-12-11T11:01:15.811149,bike_11006
2025-12-11T11:01:12.190421,bike_14553
2025-12-11T11:01:14.924185,bike_80021
2025-12-10T11:01:05.173483,bike_75562
2025-12-11T11:01:13.312206,bike_51727
2025-12-11T11:01:13.224182,bike_80329
2025-12-11T11:01:16.090134,bike_81147
2025-12-11T11:01:07.344201,bike_60005
2025-12-11T11:01:10.333441,bike_52552
2025-12-11T11:01:13.991179,bike_56276
2025-12-11T11:01:16.010704,bike_63750
2025-12-11T11:01:12.324193,bike_78069
2025-12-11T11:01:06.329864,bike_43759
2025-12-11T11:01:12.270438,bike_22412
2025-12-11T11:01:16.024160,bike_73037
2025-12-11T11:01:10.144348,bike_22675
2025-12-11T11:01:09.844172,bike_22798
2025-12-11T11:01:11.344214,bike_75382
2025-12-11T11:01:07.613095,bike_74835
2025-12-11T11:01:07.970132,bike_08591
2025-12-08T11:01:03.811859,bike_43096
2025-12-11T11:01:13.934255,bike_70693
2025-12-07T23:01:05.730872,bike_61793
2025-12-11T11:01:13.344211,bike_52765
2025-12-11T11:01:09.193149,bike_77090
2025-12-11T11:01:15.593379,bike_80836
2025-12-11T11:01:14.632768,bike_13018
2025-12-10T17:01:05.031696,bike_61095
2025-12-11T05:01:10.481940,bike_82499
2025-12-11T11:01:09.384150,bike_46516
2025-12-11T11:01:12.791148,bike_43553
2025-12-05T17:01:14.033373,bike_73194
2025-12-11T11:01:15.984207,bike_74411
2025-12-11T11:01:14.383634,bike_69620
2025-12-11T11:01:13.211218,bike_88974
2025-11-30T05:01:09.428619,bike_04012
2025-12-11T11:01:15.793622,bike_22212
2025-12-11T11:01:15.784238,bike_44255
2025-12-11T11:01:11.590626,bike_06024
2025-12-11T11:01:11.204160,bike_47177
2025-12-11T11:01:16.490596,bike_30288
2025-12-11T11:01:14.409911,bike_44695
2025-12-11T11:01:15.724165,bike_68413
2025-12-11T11:01:10.900176,bike_52799
2025-12-11T11:01:13.253697,bike_43932
2025-12-09T17:01:11.778834,bike_01927
2025-12-11T11:01:14.844188,bike_61994
2025-12-11T11:01:10.311287,bike_61049
2025-12-11T11:01:14.544254,bike_11444
2025-12-11T11:01:13.364606,bike_76964
2025-12-02T05:01:08.576403,bike_79852
2025-12-11T11:01:14.224176,bike_53254
2025-12-11T11:01:07.694446,bike_53071
2025-12-11T05:01:11.710803,bike_75449
2025-12-09T17:01:13.825559,bike_53235
2025-12-11T05:01:05.350837,bike_70506
2025-12-11T11:01:11.490737,bike_68478
2025-12-10T17:01:05.680671,bike_76104
2025-12-11T11:01:13.693050,bike_47033
2025-12-11T11:01:11.769779,bike_81650
2025-12-11T11:01:06.304079,bike_68661
2025-12-11T11:01:11.564095,bike_89915
2025-12-11T11:01:09.930935,bike_50167
2025-12-11T11:01:10.684157,bike_58449
2025-12-11T11:01:16.312482,bike_51135
2025-12-11T11:01:13.991214,bike_77180
2025-12-11T11:01:11.670346,bike_47769
2025-12-11T11:01:08.173754,bike_88783
2025-12-11T11:01:13.170740,bike_12324
2025-12-11T11:01:08.604198,bike_67823
2025-12-11T11:01:10.492435,bike_71219
2025-12-11T11:01:09.544173,bike_77029
2025-12-11T11:01:07.190922,bike_18135
2025-12-11T05:01:09.567949,bike_89772
2025-12-11T11:01:11.231290,bike_22249
2025-12-11T11:01:14.170801,bike_71597
2025-12-11T11:01:08.424346,bike_43630
2025-12-11T11:01:14.170749,bike_67954
2025-12-11T11:01:13.111265,bike_63189
2025-12-08T23:01:11.764060,bike_78136
2025-12-11T11:01:09.492659,bike_57748
2025-12-11T11:01:07.810178,bike_68771
2025-12-11T11:01:11.344190,bike_16408
2025-12-11T11:01:08.693228,bike_21616
2025-12-11T11:01:14.251502,bike_44157
2025-12-11T11:01:12.813065,bike_24563
2025-12-11T11:01:12.064164,bike_17443
2025-12-11T11:01:11.984176,bike_46453
2025-12-11T11:01:14.993596,bike_76018
2025-12-07T11:01:12.006958,bike_42968
2025-12-11T11:01:13.093586,bike_89989
2025-12-11T11:01:09.210601,bike_05370
2025-12-11T11:01:07.984154,bike_80915
2025-12-07T17:01:11.096747,bike_46122
2025-12-11T11:01:09.584144,bike_25214
2025-12-11T11:01:11.804194,bike_72337
2025-12-11T11:01:09.232436,bike_85373
2025-12-11T11:01:15.993467,bike_72686
2025-12-11T11:01:12.724193,bike_77007
2025-12-11T11:01:06.104090,bike_71073
2025-12-11T11:01:14.272953,bike_72869
2025-12-11T11:01:11.604216,bike_24200
2025-12-11T11:01:15.784204,bike_44843
2025-12-11T11:01:06.210080,bike_51260
2025-12-11T11:01:14.300757,bike_88536
2025-12-11T11:01:09.644234,bike_72365
2025-12-11T11:01:08.090456,bike_16014
2025-12-11T11:01:09.570608,bike_24679
2025-12-11T11:01:07.330189,bike_71114
2025-12-11T11:01:11.124174,bike_46315
2025-12-11T11:01:13.224192,bike_45084
2025-12-11T11:01:15.684172,bike_81052
2025-12-11T05:01:09.670098,bike_68602
2025-12-11T11:01:06.193092,bike_21883
2025-12-11T11:01:14.592690,bike_72305
2025-12-11T11:01:14.773088,bike_63479
2025-12-11T11:01:11.024134,bike_77395
2025-12-11T11:01:09.232443,bike_80838
2025-12-11T11:01:12.213290,bike_42974
2025-12-11T11:01:06.609845,bike_67861
2025-12-11T11:01:06.393081,bike_45299
2025-11-28T11:01:39.483684,bike_62106
2025-12-02T17:01:11.994589,bike_62279
2025-12-11T11:01:14.712920,bike_20462
2025-12-11T11:01:15.993489,bike_75392
2025-12-10T23:01:09.608792,bike_43590
2025-12-11T11:01:15.473219,bike_79469
2025-12-11T11:01:08.870182,bike_58333
2025-12-11T11:01:13.693024,bike_62048
2025-12-11T11:01:10.270397,bike_85320
2025-12-11T11:01:10.632229,bike_75515
2025-12-11T11:01:15.290849,bike_70460
2025-12-11T11:01:06.033031,bike_69776
2025-12-11T11:01:10.050722,bike_61490
2025-12-11T11:01:17.052965,bike_30747
2025-12-06T23:01:10.864894,bike_55890
2025-12-11T11:01:11.113303,bike_63725
2025-12-11T11:01:11.273246,bike_68139
2025-12-11T11:01:09.892568,bike_74326
2025-12-11T11:01:11.204175,bike_35509
2025-12-11T11:01:06.384117,bike_63661
2025-12-11T11:01:07.124306,bike_18837
2025-12-11T11:01:09.844216,bike_03445
2025-12-11T11:01:14.464174,bike_12596
2025-12-10T23:01:09.724944,bike_45500
2025-12-11T11:01:08.904142,bike_51884
2025-12-11T11:01:08.290451,bike_88090
2025-12-11T11:01:16.604263,bike_80925
2025-12-11T11:01:08.464217,bike_67591
2025-12-11T11:01:14.730578,bike_51340
2025-11-30T05:01:13.434745,bike_73849
2025-12-11T11:01:09.984146,bike_43536
2025-12-11T05:01:10.241824,bike_85028
2025-12-11T11:01:05.933226,bike_47402
2025-12-11T11:01:13.193769,bike_67385
2025-12-11T11:01:16.481031,bike_45428
2025-12-11T11:01:15.210184,bike_16977
2025-12-08T23:01:05.197771,bike_68720
2025-12-11T11:01:12.024173,bike_44483
2025-12-11T11:01:14.464124,bike_77000
2025-12-01T23:01:11.664719,bike_21987
2025-12-11T11:01:14.473190,bike_68659
2025-12-07T17:01:03.767492,bike_52333
2025-12-11T11:01:11.533496,bike_25558
2025-12-11T11:01:09.544155,bike_03238
2025-12-11T11:01:07.694428,bike_16930
2025-12-11T11:01:11.490685,bike_75810
2025-12-11T11:01:06.352936,bike_85119
2025-12-11T11:01:15.584191,bike_69103
2025-12-10T23:01:14.375476,bike_47821
2025-12-11T11:01:08.150677,bike_60339
2025-11-30T05:01:06.908546,bike_47201
2025-12-11T11:01:14.592647,bike_08344
2025-12-11T11:01:16.113584,bike_20576
2025-11-27T23:01:29.986743,bike_89156
2025-12-11T11:01:07.630463,bike_46595
2025-12-11T11:01:15.051029,bike_46997
2025-12-11T11:01:14.464146,bike_61861
2025-12-04T11:01:06.981100,bike_86011
2025-12-11T11:01:16.481086,bike_56529
2025-12-11T11:01:10.190721,bike_56490
2025-12-11T11:01:13.724285,bike_44022
2025-12-10T05:01:03.091594,bike_76126
2025-12-11T11:01:15.451905,bike_44757
2025-12-11T11:01:07.993133,bike_52555
2025-12-11T11:01:09.224183,bike_70117
2025-12-11T11:01:12.204155,bike_44102
2025-12-11T11:01:10.164143,bike_44474
2025-12-11T11:01:10.571913,bike_74324
2025-12-11T11:01:08.232206,bike_26582
2025-12-11T11:01:09.984159,bike_75181
2025-12-11T11:01:11.133262,bike_53102
2025-12-11T11:01:10.464172,bike_74545
2025-12-09T11:01:10.407084,bike_75073
2025-12-11T11:01:14.892988,bike_89566
2025-12-11T11:01:11.273249,bike_71288
2025-12-11T11:01:16.433479,bike_76518
2025-12-11T11:01:08.812874,bike_75023
2025-12-11T11:01:12.471148,bike_53304
2025-12-11T11:01:06.010690,bike_75710
2025-12-11T11:01:06.810088,bike_44862
2025-12-03T05:01:14.359802,bike_47090
2025-12-11T11:01:16.730353,bike_76983
2025-12-11T11:01:07.944128,bike_70548
2025-12-11T11:01:07.330198,bike_44057
2025-12-11T11:01:14.251493,bike_43671
2025-12-11T11:01:06.329896,bike_85041
2025-12-11T11:01:08.204335,bike_81078
2025-12-11T11:01:15.872709,bike_25485
2025-12-11T11:01:13.193772,bike_42811
2025-12-11T11:01:17.000124,bike_13109
2025-12-11T11:01:14.383630,bike_00365
2025-12-11T11:01:15.404231,bike_39292
2025-12-11T11:01:07.150154,bike_82243
2025-12-05T17:01:10.800047,bike_55643
2025-12-11T11:01:08.204357,bike_60112
2025-12-11T11:01:09.750234,bike_25609
2025-12-11T11:01:07.213115,bike_63314
2025-12-11T11:01:08.010798,bike_46222
2025-12-11T11:01:09.773277,bike_45350
2025-12-11T11:01:11.533539,bike_85190
2025-12-11T11:01:07.230439,bike_48035
2025-12-11T11:01:07.694455,bike_75654
2025-12-11T11:01:09.129951,bike_73847
2025-12-11T11:01:13.671234,bike_88971
2025-12-11T11:01:15.784235,bike_77737
2025-12-11T11:01:15.764233,bike_63047
2025-12-11T11:01:06.984173,bike_24473
2025-12-11T11:01:08.314098,bike_57601
2025-12-11T11:01:07.533050,bike_75001
2025-12-11T11:01:08.773979,bike_47667
2025-12-11T11:01:10.433577,bike_89923
2025-12-11T11:01:09.930896,bike_67748
2025-12-11T11:01:06.849958,bike_46198
2025-12-11T11:01:12.693000,bike_53356
2025-12-11T11:01:07.044235,bike_43967
2025-12-11T11:01:16.644223,bike_46168
2025-12-11T11:01:08.693260,bike_26884
2025-12-11T11:01:14.683434,bike_76230
2025-11-30T17:01:11.273225,bike_88801
2025-12-11T11:01:10.212915,bike_88314
2025-12-05T11:01:12.730930,bike_61688
2025-12-11T11:01:12.270459,bike_45601
2025-12-11T11:01:14.473164,bike_70274
2025-12-11T11:01:11.710018,bike_70872
2025-12-11T11:01:08.564382,bike_74977
2025-12-11T11:01:06.410672,bike_74855
2025-12-11T11:01:14.264244,bike_55404
2025-12-11T11:01:16.810304,bike_46189
2025-12-05T17:01:14.338831,bike_81099
2025-12-06T23:01:05.481816,bike_37094
2025-12-11T11:01:10.113509,bike_88605
2025-12-11T11:01:14.424212,bike_07375
2025-12-11T11:01:07.411136,bike_47280
2025-12-11T11:01:13.413555,bike_10880
2025-12-11T11:01:10.632250,bike_52395
2025-12-11T05:01:05.688422,bike_42973
2025-12-11T11:01:13.489441,bike_45532
2025-12-11T11:01:05.993412,bike_47178
2025-12-11T11:01:12.830078,bike_74180
2025-12-10T17:01:01.206737,bike_72499
2025-12-11T11:01:09.892516,bike_52756
2025-12-11T11:01:13.711266,bike_47366
2025-12-06T17:01:08.223330,bike_47140
2025-12-11T11:01:06.064076,bike_44470
2025-12-11T11:01:08.104196,bike_80732
2025-12-09T17:01:14.266362,bike_63096
2025-12-11T11:01:10.351154,bike_25669
2025-12-11T11:01:11.744195,bike_63619
2025-12-11T11:01:09.791183,bike_58971
2025-12-11T11:01:09.314469,bike_25676
2025-12-08T17:01:03.652266,bike_88441
2025-12-11T11:01:14.424242,bike_20873
2025-12-11T11:01:12.430862,bike_53173
2025-11-28T11:01:46.223753,bike_11090
2025-12-11T11:01:06.112861,bike_70634
2025-12-11T11:01:14.670893,bike_17011
2025-12-11T11:01:13.521118,bike_25699
2025-12-11T11:01:17.000111,bike_88873
2025-12-11T11:01:07.864212,bike_78283
2025-12-11T11:01:14.831175,bike_88250
2025-12-11T11:01:07.792844,bike_80122
2025-12-11T11:01:13.271565,bike_42731
2025-12-11T11:01:07.230408,bike_67520
2025-12-11T11:01:10.324224,bike_20479
2025-12-11T11:01:06.144122,bike_24912
2025-12-11T11:01:16.932148,bike_89636
2025-12-05T23:01:12.371322,bike_26237
2025-12-11T11:01:08.314114,bike_89465
2025-12-11T11:01:08.684183,bike_61923
2025-12-11T11:01:14.933348,bike_80943
2025-12-11T11:01:14.370191,bike_04392
2025-12-11T11:01:12.684207,bike_44309
2025-12-09T23:01:08.083172,bike_88597
2025-12-11T11:01:07.573512,bike_53184
2025-12-08T11:01:08.572050,bike_69737
2025-11-27T23:01:44.387117,bike_69217
2025-12-11T11:01:15.051006,bike_03144
2025-12-11T11:01:13.924194,bike_19919
2025-12-11T11:01:10.804136,bike_74106
2025-12-11T11:01:09.750229,bike_76173
2025-12-11T11:01:08.530670,bike_43089
2025-12-11T11:01:13.284228,bike_55330
2025-12-11T11:01:06.713200,bike_79280
2025-12-11T11:01:10.864165,bike_80950
2025-12-11T05:01:13.248751,bike_19578
2025-12-11T11:01:16.850066,bike_69012
2025-12-11T11:01:15.653349,bike_88513
2025-12-11T11:01:11.392927,bike_79782
2025-12-11T11:01:11.190591,bike_10694
2025-12-11T11:01:11.024121,bike_63773
2025-12-11T11:01:15.033748,bike_74384
2025-12-10T23:01:09.528626,bike_47358
2025-12-11T11:01:16.153416,bike_74952
2025-12-04T05:01:12.248068,bike_67163
2025-12-11T11:01:12.270480,bike_82231
2025-12-11T11:01:10.745493,bike_52372
2025-12-11T11:01:09.104180,bike_03101
2025-12-11T11:01:13.354929,bike_89586
2025-12-11T11:01:13.951892,bike_75101
2025-12-11T11:01:08.844177,bike_75358
2025-12-11T11:01:13.671183,bike_57080
2025-12-11T11:01:15.234041,bike_78089
2025-12-11T11:01:06.944195,bike_88781
2025-12-11T11:01:06.210013,bike_80118
2025-12-11T11:01:09.153108,bike_85054
2025-12-11T11:01:13.644198,bike_74173
2025-12-11T11:01:08.791178,bike_89826
2025-12-11T11:01:16.033969,bike_72335
2025-12-11T05:01:09.707927,bike_72136
2025-12-11T11:01:09.644198,bike_67549
2025-12-11T11:01:15.184240,bike_63357
2025-12-11T11:01:09.051635,bike_01693
2025-12-11T11:01:09.244155,bike_67390
2025-12-11T11:01:16.193536,bike_60300
2025-12-11T11:01:06.984176,bike_76773
2025-12-11T11:01:13.344167,bike_73444
2025-12-11T11:01:16.784128,bike_80586
2025-12-11T11:01:06.633214,bike_47801
2025-12-11T11:01:13.530628,bike_40383
2025-12-11T11:01:12.913192,bike_72631
2025-12-11T11:01:14.933302,bike_73805
2025-12-11T11:01:11.630879,bike_80362
2025-12-11T11:01:15.993473,bike_79224
2025-12-11T11:01:06.932349,bike_72394
2025-12-11T05:01:12.350374,bike_68267
2025-12-11T11:01:12.830028,bike_77236
2025-12-11T05:01:10.668948,bike_36164
2025-12-11T11:01:09.724135,bike_44873
2025-12-11T11:01:16.504208,bike_78138
2025-12-11T11:01:09.504084,bike_52918
2025-12-11T11:01:15.784198,bike_51487
2025-12-11T11:01:07.356459,bike_50550
2025-12-11T11:01:13.127069,bike_75443
2025-12-11T11:01:08.264199,bike_02525
2025-12-10T11:01:03.073363,bike_72906
2025-12-11T11:01:09.653340,bike_35546
2025-12-11T11:01:11.813301,bike_42952
2025-12-11T11:01:16.481046,bike_89968
2025-12-11T11:01:14.424218,bike_60645
2025-12-11T11:01:06.993183,bike_61531
2025-12-11T11:01:13.991200,bike_80162
2025-12-11T11:01:16.905420,bike_89828
2025-12-11T11:01:15.944117,bike_58926
2025-12-11T11:01:08.970846,bike_45689
2025-12-11T11:01:11.984190,bike_08787
2025-12-11T11:01:12.564183,bike_16904
2025-12-11T11:01:06.312991,bike_44350
2025-12-09T17:01:11.306265,bike_46760
2025-12-11T11:01:09.570590,bike_82241
2025-12-11T11:01:07.164223,bike_61202
2025-12-11T11:01:11.012462,bike_13049
2025-12-11T11:01:14.984265,bike_24113
2025-12-11T11:01:12.453775,bike_52283
2025-12-05T11:01:11.032482,bike_55085
2025-12-11T11:01:12.033540,bike_86001
2025-12-11T11:01:14.844135,bike_44374
2025-12-11T05:01:09.950991,bike_63613
2025-12-11T11:01:12.253263,bike_89554
2025-12-11T11:01:15.993484,bike_61651
2025-12-11T11:01:10.864185,bike_19947
2025-12-11T11:01:16.490570,bike_60413
2025-12-11T11:01:11.935218,bike_77407
2025-12-11T11:01:08.331992,bike_45203
2025-12-11T11:01:11.670363,bike_72110
2025-12-04T17:01:06.044710,bike_70685
2025-12-11T11:01:16.673470,bike_60159
2025-12-11T11:01:14.853050,bike_77169
2025-12-11T11:01:10.204100,bike_39580
2025-12-11T11:01:08.050883,bike_56769
2025-12-11T11:01:12.471134,bike_77890
2025-12-10T23:01:10.576169,bike_50511
2025-12-08T05:01:12.254798,bike_22889
2025-12-11T11:01:06.494753,bike_70289
2025-12-11T11:01:12.430891,bike_47698
2025-12-11T11:01:06.410689,bike_45243
2025-12-04T05:01:07.512429,bike_61203
2025-12-11T11:01:06.170087,bike_13839
2025-12-11T11:01:14.790575,bike_43944
2025-12-11T11:01:14.153445,bike_76763
2025-12-11T11:01:14.964251,bike_69478
2025-12-11T11:01:09.073142,bike_80091
2025-12-11T11:01:08.204349,bike_74189
2025-12-11T11:01:16.810278,bike_86024
2025-12-07T05:01:05.671617,bike_67013
2025-12-11T11:01:08.424321,bike_52014
2025-12-11T11:01:07.092895,bike_47506
2025-12-11T05:01:06.641940,bike_68143
2025-12-11T11:01:10.864162,bike_79204
2025-12-11T11:01:11.752845,bike_70977
2025-12-11T11:01:05.959979,bike_16590
2025-12-11T11:01:07.204191,bike_05434
2025-12-11T05:01:12.988718,bike_89592
2025-12-11T05:01:09.976706,bike_68470
2025-12-11T11:01:10.252990,bike_50746
2025-12-10T05:01:11.551679,bike_88137
2025-12-11T11:01:07.872931,bike_04047
2025-12-11T11:01:07.654474,bike_11228
2025-12-11T11:01:11.464222,bike_05803
2025-12-11T11:01:13.684205,bike_45034
2025-12-11T11:01:12.644115,bike_00397
2025-12-11T11:01:09.904225,bike_21851
2025-12-04T11:01:16.141086,bike_60296
2025-12-11T11:01:15.113998,bike_21028
2025-12-11T11:01:07.479525,bike_76961
2025-12-11T11:01:12.324181,bike_16720
2025-12-11T11:01:11.830385,bike_73224
2025-12-11T11:01:14.044194,bike_02985
2025-12-11T11:01:08.512952,bike_78769
2025-12-11T11:01:07.771077,bike_45572
2025-12-11T11:01:06.393110,bike_77127
2025-12-11T11:01:07.150152,bike_78487
2025-12-11T11:01:11.564056,bike_74467
2025-12-11T11:01:11.190614,bike_23326
2025-12-11T11:01:09.631229,bike_42671
2025-12-11T11:01:13.184334,bike_67273
2025-12-11T11:01:13.489396,bike_79876
2025-12-11T11:01:11.889505,bike_72796
2025-12-11T11:01:16.324169,bike_69463
2025-12-11T11:01:16.090160,bike_80615
2025-12-11T11:01:10.755192,bike_67853
2025-12-11T11:01:08.552087,bike_82246
2025-12-11T11:01:09.791159,bike_36547
2025-12-11T11:01:11.872820,bike_24968
2025-12-11T11:01:10.755236,bike_67109
2025-12-11T11:01:09.453210,bike_04816
2025-12-01T11:01:06.017168,bike_60530
2025-12-11T11:01:15.859240,bike_74565
2025-12-11T11:01:06.224136,bike_81016
2025-12-11T11:01:16.691311,bike_00774
2025-12-11T05:01:07.548016,bike_73365
2025-12-11T11:01:11.264204,bike_77969
2025-12-11T11:01:15.413298,bike_43496
2025-12-11T05:01:05.890288,bike_89281
2025-12-05T17:01:11.082148,bike_75721
2025-12-11T11:01:07.384230,bike_47041
2025-12-11T11:01:06.932369,bike_23900
2025-12-11T11:01:11.830412,bike_69393
2025-12-11T11:01:07.344221,bike_47941
2025-12-10T23:01:07.266749,bike_22565
2025-12-11T11:01:07.479530,bike_68933
2025-12-11T11:01:12.213344,bike_25535
2025-12-11T11:01:11.630887,bike_89237
2025-12-11T11:01:12.593625,bike_43430
2025-12-11T11:01:07.330201,bike_45273
2025-12-11T11:01:13.170751,bike_58221
2025-12-11T11:01:11.213428,bike_05005
2025-12-11T11:01:15.192920,bike_76262
2025-12-11T11:01:13.951898,bike_74151
2025-12-11T11:01:06.624141,bike_60990
2025-12-11T11:01:11.464193,bike_56091
2025-12-11T11:01:10.684164,bike_70815
2025-12-11T11:01:07.044188,bike_76241
2025-12-11T11:01:12.804184,bike_62470
2025-12-11T11:01:10.671713,bike_62169
2025-12-11T05:01:10.370873,bike_47563
2025-12-11T05:01:07.611457,bike_69243
2025-12-11T11:01:08.930826,bike_42803
2025-12-11T11:01:11.290396,bike_69657
2025-12-11T05:01:06.951538,bike_89477
2025-12-11T11:01:10.513530,bike_43781
2025-12-11T11:01:11.213454,bike_17834
2025-12-11T11:01:06.024157,bike_77394
2025-12-11T11:01:11.644177,bike_73946
2025-12-11T11:01:15.430669,bike_44143
2025-12-11T11:01:16.364195,bike_89370
2025-12-11T11:01:06.784158,bike_52719
2025-12-10T17:01:01.830676,bike_68762
2025-12-11T11:01:07.930250,bike_77574
2025-12-11T11:01:14.113509,bike_44208
2025-12-11T11:01:12.804178,bike_69600
2025-12-11T11:01:15.750725,bike_72504
2025-12-11T11:01:13.024161,bike_68322
2025-12-11T11:01:15.553164,bike_40072
2025-12-11T11:01:08.073278,bike_44584
2025-12-11T11:01:16.784101,bike_79563
2025-12-11T11:01:11.670312,bike_60552
2025-12-11T11:01:16.850058,bike_57193
2025-12-11T11:01:11.644165,bike_00751
2025-12-11T11:01:15.793656,bike_67706
2025-12-11T11:01:08.904150,bike_74528
2025-12-11T11:01:16.564172,bike_71008
2025-12-11T11:01:16.769716,bike_46135
2025-12-11T11:01:16.299244,bike_68370
2025-12-11T11:01:07.993151,bike_60885
2025-12-11T11:01:06.810083,bike_51202
2025-12-11T11:01:15.333180,bike_70512
2025-12-11T11:01:09.224189,bike_10832
2025-12-11T11:01:06.849972,bike_76410
2025-12-11T11:01:14.813157,bike_19567
2025-12-11T11:01:12.230695,bike_78939
2025-12-11T11:01:09.431490,bike_50933
2025-12-11T11:01:12.653065,bike_88084
2025-12-11T11:01:08.870195,bike_45278
2025-12-11T11:01:07.344183,bike_31260
2025-12-11T11:01:08.133242,bike_70188
2025-12-11T11:01:07.393473,bike_45778
2025-12-11T11:01:14.924193,bike_51802
2025-12-11T11:01:15.610638,bike_50179
2025-12-11T11:01:14.234034,bike_21505
2025-12-11T11:01:10.492463,bike_72318
2025-12-08T05:01:10.555014,bike_51809
2025-12-11T11:01:05.984199,bike_47352
2025-12-11T11:01:13.224209,bike_77344
2025-12-11T05:01:06.862035,bike_71688
2025-12-11T11:01:07.213152,bike_46746
2025-12-11T11:01:16.673455,bike_72538
2025-12-11T11:01:09.305196,bike_45671
2025-12-11T11:01:08.304221,bike_73268
2025-12-11T11:01:15.290834,bike_70830
2025-11-30T11:01:12.419141,bike_89198
2025-11-30T11:01:12.067035,bike_61904
2025-12-11T11:01:13.613425,bike_73542
2025-12-11T11:01:14.144200,bike_89064
2025-12-08T05:01:09.746254,bike_79856
2025-12-11T11:01:12.813068,bike_52288
2025-12-11T11:01:11.303668,bike_79087
2025-12-10T23:01:14.758210,bike_62952
2025-12-11T11:01:16.090152,bike_46579
2025-12-11T11:01:11.630866,bike_67206
2025-12-11T11:01:10.998467,bike_73236
2025-12-10T17:01:08.411669,bike_67726
2025-12-11T11:01:08.891794,bike_56365
2025-12-09T05:01:06.657646,bike_63335
2025-12-09T05:01:12.946715,bike_52271
2025-12-11T11:01:14.584229,bike_59100
2025-12-11T11:01:14.571007,bike_86267
2025-12-11T11:01:06.832971,bike_74774
2025-12-11T11:01:13.084326,bike_69319
2025-11-29T23:01:07.752658,bike_04565
2025-12-11T05:01:10.761934,bike_79139
2025-12-11T11:01:08.953391,bike_86235
2025-12-11T11:01:15.632138,bike_89269
2025-12-05T17:01:05.861063,bike_76246
2025-12-06T05:01:02.667086,bike_08566
2025-12-11T11:01:15.993494,bike_55829
2025-12-02T05:01:06.556669,bike_71877
2025-12-11T05:01:04.230467,bike_43770
2025-12-11T11:01:11.564102,bike_58260
2025-12-11T11:01:07.084137,bike_21898
2025-12-11T11:01:13.111279,bike_62400
2025-12-11T11:01:05.924283,bike_44676
2025-12-11T11:01:15.490555,bike_86239
2025-12-11T11:01:09.631203,bike_86043
2025-12-11T11:01:08.992918,bike_72125
2025-12-11T11:01:12.593673,bike_43826
2025-12-11T11:01:10.173296,bike_45360
2025-12-11T11:01:08.424303,bike_68337
2025-12-11T11:01:13.390988,bike_75532
2025-12-11T11:01:15.644177,bike_04108
2025-12-11T11:01:13.530615,bike_74985
2025-12-11T05:01:02.490876,bike_70436
2025-12-11T11:01:16.832764,bike_43327
2025-12-11T11:01:15.024190,bike_71850
2025-12-11T11:01:09.553249,bike_17921
2025-12-11T11:01:09.970545,bike_22749
2025-12-09T17:01:14.067081,bike_74091
2025-12-09T17:01:05.148333,bike_56870
2025-12-11T11:01:13.170758,bike_21290
2025-12-11T11:01:15.653335,bike_11369
2025-12-11T11:01:10.190686,bike_81139
2025-12-11T11:01:09.064142,bike_74976
2025-12-11T11:01:17.044238,bike_73199
2025-12-04T23:01:10.071710,bike_61382
2025-12-11T11:01:10.073747,bike_23676
2025-12-11T11:01:15.584183,bike_56577
2025-12-11T11:01:17.000118,bike_47772
2025-12-11T11:01:12.131869,bike_47397
2025-12-11T11:01:16.964249,bike_68692
2025-12-11T11:01:09.631232,bike_52741
2025-12-11T05:01:06.411835,bike_52247
2025-12-11T11:01:15.632106,bike_75826
2025-12-11T11:01:12.612643,bike_78241
2025-12-11T05:01:12.510926,bike_76244
2025-12-11T11:01:07.330196,bike_05864
2025-12-11T11:01:10.745488,bike_74691
2025-11-30T11:01:10.466165,bike_31497
2025-12-11T11:01:07.230406,bike_42505
2025-12-11T11:01:16.024181,bike_15575
2025-12-11T11:01:16.184224,bike_57262
2025-12-11T11:01:06.624179,bike_79211
2025-12-11T11:01:11.564049,bike_46156
2025-12-11T11:01:06.477052,bike_81877
2025-12-11T11:01:08.473437,bike_44792
2025-12-10T23:01:07.418396,bike_85086
2025-12-11T11:01:10.804144,bike_73474
2025-12-11T11:01:16.905417,bike_46341
2025-12-11T11:01:11.353179,bike_86022
2025-12-11T11:01:06.944176,bike_46257
2025-12-11T11:01:13.553620,bike_04646
2025-12-11T11:01:16.832783,bike_10850
2025-12-11T11:01:09.170144,bike_88673
2025-12-11T11:01:08.564355,bike_44142
2025-12-11T11:01:16.193514,bike_81848
2025-12-01T11:01:04.397161,bike_74159
2025-12-11T11:01:09.984151,bike_47638
2025-12-08T17:01:06.565131,bike_72344
2025-12-06T11:01:06.425803,bike_88152
2025-12-11T11:01:07.993128,bike_70260
2025-12-11T11:01:08.504186,bike_18171
2025-12-11T11:01:07.411191,bike_58984
2025-12-11T05:01:05.868629,bike_80134
2025-12-09T17:01:07.420565,bike_12273
2025-12-11T11:01:13.644211,bike_89205
2025-12-11T05:01:04.808556,bike_81760
2025-12-11T11:01:16.832742,bike_79482
2025-12-11T11:01:15.273300,bike_76642
2025-12-11T11:01:07.771080,bike_78915
2025-12-11T11:01:14.091678,bike_89956
2025-12-11T11:01:08.424341,bike_58681
2025-12-11T11:01:11.244174,bike_26571
2025-12-06T17:01:08.486160,bike_37561
2025-12-11T11:01:12.164176,bike_30318
2025-11-29T05:01:03.650600,bike_23677
2025-12-11T11:01:13.511653,bike_09122
2025-12-11T11:01:12.804160,bike_89386
2025-12-11T11:01:16.533628,bike_76645
2025-12-11T11:01:14.964232,bike_52603
2025-12-11T11:01:09.670616,bike_77900
2025-12-11T11:01:08.573646,bike_85519
2025-12-11T11:01:10.745532,bike_79400
2025-12-11T11:01:08.451045,bike_43831
2025-12-09T17:01:13.014714,bike_56244
2025-12-11T11:01:12.844174,bike_62479
2025-12-11T11:01:11.872796,bike_81718
2025-12-04T17:01:06.944620,bike_08086
2025-12-11T11:01:16.769731,bike_75534
2025-12-11T11:01:15.324228,bike_76739
2025-12-11T11:01:07.864197,bike_85110
2025-12-11T11:01:11.330479,bike_11777
2025-12-11T11:01:10.831067,bike_89292
2025-12-10T11:01:04.042159,bike_42921
2025-12-11T11:01:07.110021,bike_37312
2025-12-04T05:01:03.722728,bike_78315
2025-12-09T23:01:05.472502,bike_56192
2025-12-11T11:01:08.164235,bike_46103
2025-12-11T11:01:07.489258,bike_78378
2025-12-11T11:01:08.749998,bike_43843
2025-12-11T05:01:10.561899,bike_74280
2025-12-11T11:01:11.432896,bike_51302
2025-12-11T11:01:11.769809,bike_69451
2025-12-11T05:01:06.768791,bike_80379
2025-12-11T11:01:09.613333,bike_22192
2025-12-11T11:01:08.512955,bike_61476
2025-12-11T11:01:16.591447,bike_50910
2025-12-11T11:01:16.691295,bike_73543
2025-12-11T11:01:15.264299,bike_80292
2025-12-11T11:01:07.771071,bike_22137
2025-12-11T11:01:14.804158,bike_18822
2025-12-11T11:01:16.033910,bike_56207
2025-12-11T11:01:06.570641,bike_20791
2025-12-11T11:01:11.231235,bike_79414
2025-12-10T05:01:04.371668,bike_69162
2025-12-11T11:01:14.831151,bike_74609
2025-12-11T11:01:16.873285,bike_69406
2025-12-11T11:01:06.224086,bike_74686
2025-12-11T11:01:16.914596,bike_76851
2025-12-11T11:01:11.392894,bike_57507
2025-12-11T11:01:14.464135,bike_74592
2025-12-11T11:01:07.613047,bike_76488
2025-12-10T23:01:15.377484,bike_75169
2025-12-11T11:01:14.473198,bike_20674
2025-12-11T11:01:16.533579,bike_88292
2025-12-11T11:01:08.353245,bike_72813
2025-12-04T05:01:10.192755,bike_35306
2025-12-11T11:01:10.424198,bike_80314
2025-12-11T11:01:06.410706,bike_50664
2025-12-11T11:01:11.450421,bike_61702
2025-12-11T11:01:16.113547,bike_48081
2025-12-11T05:01:04.102027,bike_69553
2025-12-11T11:01:10.764056,bike_45699
2025-11-30T23:01:10.437297,bike_76115
2025-12-11T11:01:16.233667,bike_73842
2025-12-11T11:01:13.521084,bike_77208
2025-12-11T05:01:04.045816,bike_73885
2025-12-11T11:01:07.424171,bike_44103
2025-11-28T17:01:12.764272,bike_53382
2025-12-11T11:01:06.609878,bike_61879
2025-12-11T11:01:13.354910,bike_79245
2025-12-05T11:01:08.173504,bike_58758
2025-12-11T11:01:06.371569,bike_16261
2025-12-11T11:01:11.033584,bike_57947
2025-12-11T11:01:07.771108,bike_00922
2025-12-11T11:01:15.090061,bike_25398
2025-12-11T11:01:10.813599,bike_46766
2025-12-11T11:01:13.511670,bike_16627
2025-12-11T11:01:13.744195,bike_17967
2025-12-11T11:01:09.353460,bike_25080
2025-12-11T11:01:10.373279,bike_52887
2025-12-11T11:01:12.813032,bike_89717
2025-12-11T11:01:13.489452,bike_05315
2025-12-07T17:01:09.876101,bike_72851
2025-12-11T11:01:13.452760,bike_71852
2025-12-06T17:01:10.572473,bike_69778
2025-12-02T05:01:13.059135,bike_14605
2025-12-11T11:01:06.993237,bike_75617
2025-12-11T11:01:16.272634,bike_09082
2025-12-11T11:01:08.613042,bike_52013
2025-12-11T11:01:11.384137,bike_50778
2025-12-11T11:01:09.184210,bike_62235
2025-12-11T11:01:10.671716,bike_51112
2025-12-11T11:01:07.356457,bike_17977
2025-12-11T11:01:15.653329,bike_80088
2025-12-11T11:01:10.909046,bike_55492
2025-12-09T23:01:06.910247,bike_63135
2025-12-11T11:01:16.990889,bike_76602
2025-12-11T11:01:13.744253,bike_69068
2025-12-03T11:01:10.639990,bike_76846
2025-12-11T11:01:12.813049,bike_44107
2025-12-11T11:01:09.414208,bike_43519
2025-12-11T11:01:09.024220,bike_77002
2025-12-11T11:01:13.693042,bike_69167
2025-12-11T11:01:11.204165,bike_50320
2025-12-11T11:01:13.470877,bike_02973
2025-12-11T11:01:15.290812,bike_71923
2025-12-11T11:01:08.552137,bike_80303
2025-12-11T11:01:16.153418,bike_50490
2025-12-11T11:01:13.553613,bike_67284
2025-12-11T11:01:06.704166,bike_08097
2025-12-11T11:01:10.504159,bike_74689
2025-12-11T11:01:06.049770,bike_24490
2025-12-11T11:01:07.133045,bike_60734
2025-12-11T05:01:13.167942,bike_88620
2025-12-11T11:01:14.933317,bike_22650
2025-12-11T11:01:09.370847,bike_05327
2025-12-11T11:01:16.564180,bike_70736
2025-12-11T11:01:15.724162,bike_77370
2025-12-11T11:01:09.492651,bike_51742
2025-12-11T11:01:16.973456,bike_02949
2025-12-11T11:01:10.270381,bike_42720
2025-12-06T05:01:06.776242,bike_77846
2025-12-11T11:01:14.624121,bike_50405
2025-12-11T11:01:06.210040,bike_89718
2025-12-11T11:01:12.390249,bike_17997
2025-12-11T11:01:06.232704,bike_44644
2025-12-11T11:01:11.944422,bike_73608
2025-12-11T11:01:15.513307,bike_70196
2025-12-11T11:01:07.645164,bike_71325
2025-12-11T11:01:12.593631,bike_77627
2025-12-11T11:01:13.753349,bike_74012
2025-12-11T11:01:12.830076,bike_21783
2025-12-11T11:01:15.984182,bike_53044
2025-12-10T05:01:05.319981,bike_56205
2025-12-10T23:01:05.308686,bike_76806
2025-12-11T11:01:07.712130,bike_20157
2025-12-11T05:01:10.691588,bike_71601
2025-12-11T11:01:14.964238,bike_22723
2025-12-11T11:01:06.890337,bike_81663
2025-12-11T11:01:06.984202,bike_46558
2025-12-11T11:01:16.193498,bike_71915
2025-12-11T11:01:09.970579,bike_89433
2025-12-11T11:01:07.011122,bike_20890
2025-12-11T11:01:06.913374,bike_07483
2025-12-11T11:01:11.064223,bike_70329
2025-12-11T11:01:15.404245,bike_88005
2025-12-11T11:01:13.884599,bike_88899
2025-12-11T11:01:07.712122,bike_18141
2025-12-11T11:01:10.324170,bike_22879
2025-12-11T11:01:12.930356,bike_74052
2025-12-11T11:01:14.004272,bike_51658
2025-12-11T05:01:11.987757,bike_88548
2025-12-11T11:01:11.353154,bike_47337
2025-12-11T11:01:07.070518,bike_75050
2025-12-11T11:01:07.330157,bike_52879
2025-12-11T11:01:12.984281,bike_53012
2025-12-11T11:01:06.584157,bike_55320
2025-12-11T11:01:16.471367,bike_82821
2025-12-11T11:01:08.573638,bike_88299
2025-12-11T11:01:14.144244,bike_67566
2025-12-11T11:01:06.410670,bike_03631
2025-12-11T05:01:12.791134,bike_89247
2025-12-11T11:01:06.832956,bike_60532
2025-12-10T17:01:03.088266,bike_77611
2025-12-11T11:01:11.464244,bike_09291
2025-12-11T11:01:16.964215,bike_71179
2025-12-11T11:01:13.884593,bike_03392
2025-12-11T11:01:08.050886,bike_77996
2025-12-11T11:01:16.233679,bike_75030
2025-12-11T11:01:11.590609,bike_73573
2025-12-11T11:01:06.433367,bike_71726
2025-12-11T11:01:08.530665,bike_47123
2025-12-11T11:01:12.904185,bike_74675
2025-12-11T11:01:13.054118,bike_07224
2025-12-11T11:01:07.672407,bike_72753
2025-12-11T11:01:12.064159,bike_75081
2025-12-11T11:01:11.033574,bike_80589
2025-12-11T05:01:08.989364,bike_75861
2025-12-11T11:01:08.764183,bike_45174
2025-12-10T17:01:04.671655,bike_74870
2025-12-11T11:01:06.329875,bike_23431
2025-12-11T11:01:16.453662,bike_11376
2025-12-11T11:01:10.644106,bike_44639
2025-12-11T11:01:15.953158,bike_62426
2025-12-11T11:01:05.993407,bike_06857
2025-12-11T11:01:09.193108,bike_51744
2025-12-11T11:01:06.504350,bike_69412
2025-12-11T11:01:09.970533,bike_72672
2025-12-11T11:01:09.613336,bike_45412
2025-12-11T11:01:09.404200,bike_76836
2025-12-11T11:01:09.290951,bike_74762
2025-12-11T11:01:08.653106,bike_75369
2025-12-11T11:01:16.170733,bike_73555
2025-12-11T11:01:07.230449,bike_42618
2025-12-11T11:01:12.629892,bike_23041
2025-12-11T11:01:12.953299,bike_18018
2025-12-11T05:01:03.491733,bike_86028
2025-12-11T11:01:10.971206,bike_58634
2025-12-11T11:01:12.364134,bike_68708
2025-12-04T23:01:08.680121,bike_88376
2025-12-11T11:01:10.745506,bike_72592
2025-12-11T11:01:13.480035,bike_88368
2025-12-11T11:01:06.984163,bike_02526
2025-12-08T05:01:11.654619,bike_79311
2025-12-11T11:01:06.329859,bike_02379
2025-12-11T11:01:11.935167,bike_89919
2025-12-11T11:01:10.984829,bike_48100
2025-12-11T11:01:15.544198,bike_71331
2025-12-06T05:01:09.434146,bike_47064
2025-12-11T11:01:06.993227,bike_89487
2025-12-09T17:01:07.478784,bike_68454
2025-12-11T11:01:17.031271,bike_89894
2025-12-11T05:01:04.492523,bike_68301
2025-12-11T11:01:16.864280,bike_20553
2025-12-11T11:01:12.904171,bike_10650
2025-12-11T11:01:12.164187,bike_09773
2025-12-11T11:01:08.693206,bike_22035
2025-12-05T05:01:05.963808,bike_67328
2025-11-28T23:01:09.740434,bike_23254
2025-12-11T05:01:06.810059,bike_80563
2025-12-11T11:01:07.694381,bike_47948
2025-12-11T11:01:16.613274,bike_58743
2025-12-11T11:01:15.051054,bike_77859
2025-12-11T11:01:06.024143,bike_62250
2025-12-11T11:01:16.591411,bike_62475
2025-12-11T11:01:07.070521,bike_61646
2025-12-11T11:01:12.033514,bike_13331
2025-12-11T11:01:12.144171,bike_51641
2025-12-08T11:01:04.305186,bike_43193
2025-12-09T05:01:07.637731,bike_58134
2025-12-11T11:01:08.573649,bike_50258
2025-12-11T11:01:15.090063,bike_50495
2025-12-11T11:01:11.204127,bike_60087
2025-12-11T11:01:10.944194,bike_50650
2025-12-11T11:01:07.133070,bike_44439
2025-12-11T11:01:14.831159,bike_79407
2025-12-11T11:01:11.533501,bike_69027
2025-12-11T11:01:15.859243,bike_67805
2025-12-11T11:01:06.049791,bike_80374
2025-12-11T11:01:10.424254,bike_24712
2025-12-11T11:01:15.693709,bike_47321
2025-12-11T11:01:14.234007,bike_70037
2025-12-11T11:01:16.664254,bike_80190
2025-12-11T11:01:09.904208,bike_09163
2025-12-11T11:01:06.393139,bike_77079
2025-12-11T11:01:15.473195,bike_01040
2025-12-11T11:01:07.952851,bike_88777
2025-12-11T11:01:11.935216,bike_77953
2025-12-11T11:01:13.489449,bike_43868
2025-12-11T11:01:09.232451,bike_67537
2025-12-11T11:01:16.504236,bike_69194
2025-12-11T11:01:07.432937,bike_25735
2025-12-11T11:01:10.212883,bike_70783
2025-12-11T11:01:06.584138,bike_46297
2025-12-11T11:01:11.791858,bike_88510
2025-12-11T11:01:10.998450,bike_69563
2025-12-11T11:01:11.370597,bike_47132
2025-12-11T11:01:11.090178,bike_11635
2025-12-11T11:01:15.413283,bike_76770
2025-12-11T11:01:06.664185,bike_68624
2025-12-11T11:01:10.772826,bike_17265
2025-12-11T11:01:15.570425,bike_72996
2025-12-11T11:01:06.329883,bike_07880
2025-12-07T17:01:11.576007,bike_43997
2025-12-11T11:01:12.904191,bike_70008
2025-12-09T05:01:04.459725,bike_76795
2025-12-11T11:01:14.632777,bike_53337
2025-12-11T05:01:11.822054,bike_89895
2025-12-11T11:01:09.870808,bike_70617
2025-12-11T11:01:07.810194,bike_72249
2025-12-11T11:01:09.353530,bike_24492
2025-12-11T11:01:06.129942,bike_62420
2025-12-11T11:01:07.771095,bike_60383
2025-12-04T05:01:08.822949,bike_75931
2025-12-10T23:01:10.608679,bike_77233
2025-12-11T11:01:13.324212,bike_73083
2025-12-11T11:01:12.984283,bike_56566
2025-12-11T11:01:07.164151,bike_24937
2025-12-11T11:01:07.613042,bike_80125
2025-12-11T11:01:07.604210,bike_17345
2025-12-11T11:01:09.305191,bike_67133
2025-12-11T11:01:08.653084,bike_46044
2025-12-11T11:01:09.750244,bike_47810
2025-12-11T11:01:08.451056,bike_45172
2025-12-11T11:01:10.474963,bike_51363
2025-12-11T11:01:12.270449,bike_78940
2025-12-11T11:01:06.170055,bike_42846
2025-12-11T11:01:09.024215,bike_45078
2025-12-11T11:01:16.673436,bike_55584
2025-12-11T11:01:16.433501,bike_69700
2025-12-11T11:01:13.924273,bike_46551
2025-12-11T11:01:06.609834,bike_55136
2025-12-11T11:01:08.133299,bike_47650
2025-12-11T11:01:10.433546,bike_89432
2025-12-11T11:01:06.224118,bike_69519
2025-12-11T11:01:13.253705,bike_79309
2025-12-11T11:01:08.732895,bike_70433
2025-12-11T11:01:07.164163,bike_50750
2025-12-11T11:01:11.473185,bike_55656
2025-12-11T11:01:09.492656,bike_59087
2025-12-11T11:01:07.672413,bike_56779
2025-12-11T11:01:12.024194,bike_86131
2025-12-11T11:01:15.670827,bike_74632
2025-12-11T11:01:15.333248,bike_53340
2025-12-11T11:01:07.872891,bike_12569
2025-12-11T11:01:15.553161,bike_51268
2025-12-11T11:01:11.303707,bike_79108
2025-12-11T11:01:08.314092,bike_24658
2025-12-11T11:01:09.470441,bike_77339
2025-12-11T11:01:06.129970,bike_02708
2025-12-11T11:01:13.011500,bike_47749
2025-12-11T11:01:09.993135,bike_73217
2025-12-11T05:01:04.267675,bike_55176
2025-12-11T11:01:11.370574,bike_88385
2025-12-11T11:01:14.813141,bike_71618
2025-12-11T11:01:09.892553,bike_43680
2025-12-11T11:01:15.584186,bike_42531
2025-12-11T11:01:10.270389,bike_52626
2025-12-11T11:01:09.912936,bike_89291
2025-12-11T11:01:06.544150,bike_50162
2025-12-11T11:01:07.573557,bike_78946
2025-12-11T11:01:16.064173,bike_52290
2025-12-11T11:01:12.830057,bike_52101
2025-12-11T11:01:08.552090,bike_75596
2025-12-11T11:01:12.692975,bike_89744
2025-12-11T11:01:11.432919,bike_62033
2025-12-11T11:01:12.764149,bike_47836
2025-12-11T11:01:10.930171,bike_51671
2025-12-11T11:01:14.044179,bike_70984
2025-12-11T11:01:10.073729,bike_46814
2025-12-11T11:01:15.350488,bike_04720
2025-12-11T11:01:13.044334,bike_45333
2025-12-11T11:01:14.704145,bike_50187
2025-12-10T05:01:05.071631,bike_68989
2025-12-11T11:01:09.773211,bike_89326
2025-12-11T11:01:10.270368,bike_51607
2025-12-11T05:01:06.402067,bike_74904
2025-12-11T11:01:06.864179,bike_58415
2025-12-11T11:01:12.284141,bike_67137
2025-12-11T11:01:09.653342,bike_68504
2025-12-11T11:01:14.170735,bike_50375
2025-12-11T11:01:14.692394,bike_75563
2025-12-11T11:01:09.224155,bike_77034
2025-12-11T11:01:14.831153,bike_85003
2025-12-06T23:01:05.852312,bike_71205
2025-12-11T11:01:15.693750,bike_71622
2025-12-11T05:01:11.048128,bike_03036
2025-12-11T11:01:11.630861,bike_80027
2025-12-11T11:01:12.390214,bike_07716
2025-12-11T11:01:06.504392,bike_60970
2025-12-11T11:01:13.253684,bike_56326
2025-12-11T11:01:15.413306,bike_06838
2025-12-11T11:01:10.333449,bike_53037
2025-12-05T05:01:11.106041,bike_88001
2025-12-11T11:01:13.153254,bike_74535
2025-12-11T11:01:10.671718,bike_46788
2025-12-11T11:01:14.044176,bike_53174
2025-12-11T11:01:09.653337,bike_20478
2025-12-11T11:01:15.364213,bike_07494
2025-11-30T05:01:11.368636,bike_06639
2025-12-11T11:01:11.164230,bike_67378
2025-12-11T11:01:14.933320,bike_76265
2025-12-11T11:01:11.604232,bike_23819
2025-12-11T11:01:14.353216,bike_52589
2025-12-11T11:01:06.873097,bike_77696
2025-12-11T11:01:08.904163,bike_74145
2025-12-11T11:01:08.010840,bike_44010
2025-12-11T11:01:10.724149,bike_63690
2025-12-11T11:01:14.624174,bike_50699
2025-12-11T11:01:09.644203,bike_44809
2025-12-11T11:01:09.732772,bike_89227
2025-12-11T11:01:12.404155,bike_55892
2025-12-11T11:01:14.632774,bike_19657
2025-12-04T23:01:06.322047,bike_79373
2025-12-11T11:01:14.491356,bike_52040
2025-12-11T05:01:06.810086,bike_89716
2025-12-11T11:01:08.050864,bike_11288
2025-12-11T11:01:06.624151,bike_76940
2025-12-11T11:01:07.824121,bike_62768
2025-12-11T11:01:14.670915,bike_50413
2025-12-11T11:01:15.224198,bike_75451
2025-12-11T11:01:08.150661,bike_74366
2025-12-11T05:01:05.568035,bike_04814
2025-12-11T11:01:12.953304,bike_73764
2025-12-11T11:01:11.944450,bike_70222
2025-12-10T05:01:05.797973,bike_78394
2025-12-11T11:01:14.264235,bike_80911
2025-12-01T05:01:06.722758,bike_53307
2025-12-11T11:01:12.564189,bike_51788
2025-12-11T11:01:16.630943,bike_51893
2025-12-11T11:01:14.130714,bike_52373
2025-12-11T05:01:03.381944,bike_52083
2025-12-11T11:01:07.944154,bike_71178
2025-12-11T11:01:15.224190,bike_76446
2025-12-11T11:01:15.610649,bike_55151
2025-12-11T11:01:14.310032,bike_62812
2025-12-11T11:01:09.453183,bike_00502
2025-12-11T11:01:14.432750,bike_68001
2025-12-11T11:01:13.373614,bike_52470
2025-12-11T11:01:16.024163,bike_22625
2025-12-11T11:01:13.373580,bike_89030
2025-12-11T11:01:14.170757,bike_68427
2025-12-11T11:01:10.610542,bike_12735
2025-12-09T05:01:10.044115,bike_56916
2025-12-11T11:01:06.770256,bike_23825
2025-12-11T11:01:10.544199,bike_01016
2025-12-11T11:01:06.792952,bike_57025
2025-12-11T11:01:10.944138,bike_24660
2025-12-11T05:01:10.481952,bike_52255
2025-12-11T11:01:13.653561,bike_88706
2025-12-11T11:01:09.384163,bike_79496
2025-12-11T11:01:14.193036,bike_68030
2025-12-11T11:01:12.573703,bike_80574
2025-12-11T11:01:15.144164,bike_70058
2025-12-11T11:01:15.953179,bike_51476
2025-12-11T11:01:07.190876,bike_45518
2025-12-11T05:01:06.681337,bike_20714
2025-12-07T17:01:06.727660,bike_50937
2025-12-05T11:01:07.428391,bike_45313
2025-12-11T11:01:15.224172,bike_74537
2025-12-11T11:01:11.984174,bike_04731
2025-12-11T11:01:06.292450,bike_74033
2025-12-11T11:01:08.464246,bike_70910
2025-12-11T11:01:15.971176,bike_08584
2025-12-11T11:01:12.010474,bike_72137
2025-11-30T17:01:07.404595,bike_27054
2025-12-11T11:01:12.733537,bike_44699
2025-12-11T11:01:10.804152,bike_68977
2025-12-08T11:01:02.988559,bike_81835
2025-12-11T11:01:10.173277,bike_80268
2025-12-11T11:01:11.709992,bike_85062
2025-12-11T11:01:14.804213,bike_77389
2025-12-11T11:01:16.393130,bike_51399
2025-12-11T11:01:16.673457,bike_77086
2025-12-11T11:01:16.573709,bike_57320
2025-12-11T11:01:15.324220,bike_25375
2025-12-11T11:01:05.914778,bike_77663
2025-12-09T23:01:06.103245,bike_72800
2025-12-11T11:01:16.784130,bike_70874
2025-12-11T11:01:11.344224,bike_22337
2025-12-11T11:01:11.410500,bike_88546
2025-12-08T11:01:03.350229,bike_79403
2025-12-11T11:01:15.333221,bike_17354
2025-12-11T11:01:17.000055,bike_81790
2025-12-11T11:01:07.479535,bike_60254
2025-12-06T11:01:03.720890,bike_69490
2025-12-11T05:01:03.087755,bike_73171
2025-12-11T11:01:15.290823,bike_75367
2025-12-11T11:01:07.784014,bike_52853
2025-12-11T11:01:10.230088,bike_08491
2025-12-11T11:01:07.952894,bike_76146
2025-12-04T11:01:10.151656,bike_88585
2025-12-11T11:01:10.684137,bike_13001
2025-12-10T23:01:05.415349,bike_69729
2025-12-10T23:01:15.257257,bike_56172
2025-12-11T11:01:12.372941,bike_74444
2025-12-11T11:01:15.930275,bike_88893
2025-12-11T11:01:07.604256,bike_71503
2025-12-11T11:01:07.312805,bike_24443
2025-12-11T11:01:14.344208,bike_23267
2025-12-05T05:01:07.203430,bike_75513
2025-12-11T11:01:06.609863,bike_18319
2025-12-11T11:01:10.745535,bike_75520
2025-12-11T11:01:11.904219,bike_06921
2025-12-11T11:01:14.144241,bike_42606
2025-12-11T11:01:09.724171,bike_82557
2025-12-08T23:01:08.346303,bike_57524
2025-12-11T11:01:09.644217,bike_13004
2025-12-11T11:01:11.653148,bike_24668
2025-12-11T11:01:12.244196,bike_88037
2025-12-11T11:01:08.764192,bike_80332
2025-12-11T11:01:15.104171,bike_14365
2025-12-11T11:01:10.531046,bike_10825
2025-12-11T11:01:11.804219,bike_80452
2025-12-11T11:01:07.645185,bike_52468
2025-12-11T05:01:08.921826,bike_46436
2025-12-11T11:01:16.914561,bike_72508
2025-12-11T11:01:11.012451,bike_02919
2025-12-11T11:01:11.344204,bike_78070
2025-12-11T11:01:14.053087,bike_52507
2025-12-11T11:01:07.550585,bike_67486
2025-12-11T11:01:06.953093,bike_80942
2025-12-11T11:01:12.390274,bike_45708
2025-12-11T11:01:11.970350,bike_70481
2025-12-11T11:01:06.104053,bike_82529
2025-12-11T11:01:11.573324,bike_73845
2025-12-11T11:01:07.024167,bike_44016
2025-12-11T11:01:11.064219,bike_46216
2025-12-11T11:01:10.831057,bike_50758
2025-12-11T11:01:14.473183,bike_88816
2025-12-11T11:01:12.404131,bike_22389
2025-12-11T11:01:06.531227,bike_88350
2025-12-11T11:01:10.230082,bike_53069
2025-12-11T11:01:06.144157,bike_08619
2025-12-11T11:01:12.564168,bike_71109
2025-12-11T11:01:12.684226,bike_71369
2025-12-11T11:01:06.210027,bike_75701
2025-12-11T11:01:12.684213,bike_11659
2025-12-11T11:01:16.944257,bike_08267
2025-12-11T11:01:14.964229,bike_22538
2025-12-07T17:01:08.156593,bike_52787
2025-12-11T11:01:06.184117,bike_10081
2025-12-11T11:01:14.649844,bike_61316
2025-12-11T11:01:10.554087,bike_78086
2025-12-11T11:01:11.533491,bike_79494
2025-12-11T11:01:15.373101,bike_10006
2025-12-11T11:01:14.884280,bike_56402
2025-12-11T11:01:08.732881,bike_60962
2025-12-11T11:01:06.904233,bike_89840
2025-12-11T11:01:12.844171,bike_75519
2025-12-11T11:01:08.290474,bike_46185
2025-12-11T11:01:16.471378,bike_75422
2025-12-11T11:01:07.630440,bike_71821
2025-12-11T11:01:12.573695,bike_62712
2025-12-11T11:01:11.473196,bike_70103
2025-12-11T11:01:14.031085,bike_46702
2025-12-11T11:01:11.830387,bike_67216
2025-12-11T05:01:05.527623,bike_74554
2025-12-11T05:01:07.916380,bike_72867
2025-12-11T11:01:13.244220,bike_88023
2025-12-09T23:01:13.643169,bike_08073
2025-12-11T11:01:16.272655,bike_80766
2025-12-04T05:01:10.282989,bike_72147
2025-12-11T11:01:09.184191,bike_81826
2025-12-07T11:01:13.328625,bike_68233
2025-12-11T11:01:06.486012,bike_50364
2025-12-11T11:01:11.752867,bike_69764
2025-12-11T11:01:16.104121,bike_47462
2025-12-11T11:01:14.153392,bike_62471
2025-12-11T05:01:10.241869,bike_24811
2025-12-08T05:01:10.366278,bike_74836
2025-12-11T11:01:14.070163,bike_17511
2025-12-11T11:01:09.930898,bike_72744
2025-12-11T11:01:14.104241,bike_20105
2025-12-11T11:01:14.473177,bike_76136
2025-12-11T11:01:11.290393,bike_89170
2025-12-11T11:01:07.292087,bike_09058
2025-11-29T05:01:06.539471,bike_80184
2025-12-11T11:01:15.324203,bike_53099
2025-12-11T11:01:11.464230,bike_80842
2025-12-11T11:01:07.365464,bike_08593
2025-12-11T11:01:13.344226,bike_62141
2025-12-08T05:01:09.466237,bike_76666
2025-12-11T11:01:10.755249,bike_70528
2025-12-10T23:01:07.958101,bike_74941
2025-12-11T11:01:06.486039,bike_61414
2025-12-11T11:01:11.744224,bike_88183
2025-12-11T11:01:07.753792,bike_76636
2025-12-11T11:01:16.332994,bike_00501
2025-12-11T11:01:13.724237,bike_69080
2025-12-11T11:01:08.392870,bike_20031
2025-12-11T11:01:05.914820,bike_44434
2025-12-11T11:01:15.904160,bike_11646
2025-12-11T11:01:16.033937,bike_81683
2025-12-11T11:01:06.513998,bike_45771
2025-12-11T11:01:08.191379,bike_50801
2025-12-11T11:01:14.013707,bike_57641
2025-12-11T11:01:16.932153,bike_12342
2025-12-11T11:01:07.851030,bike_70368
2025-12-11T11:01:14.831187,bike_23824
2025-12-11T11:01:12.404088,bike_67881
2025-12-11T11:01:10.204069,bike_88538
2025-12-11T11:01:06.010721,bike_51455
2025-12-11T05:01:05.061971,bike_75108
2025-12-11T11:01:09.051585,bike_24082
2025-12-11T11:01:07.092918,bike_75870
2025-12-11T11:01:16.290097,bike_52562
2025-12-10T05:01:09.131697,bike_88679
2025-12-11T11:01:14.370175,bike_73476
2025-12-11T11:01:12.444161,bike_75949
2025-12-09T05:01:08.806788,bike_70147
2025-12-11T11:01:07.523701,bike_26205
2025-12-11T11:01:11.953220,bike_57169
2025-12-11T11:01:11.830398,bike_42630
2025-12-11T11:01:16.914558,bike_76426
2025-12-11T11:01:08.644231,bike_47069
2025-12-11T11:01:12.764184,bike_78645
2025-12-11T11:01:14.409941,bike_76445
2025-12-11T11:01:12.791192,bike_12256
2025-12-11T11:01:07.564065,bike_57115
2025-12-11T11:01:10.953311,bike_47114
2025-12-11T11:01:09.684182,bike_69436
2025-12-11T11:01:07.604188,bike_47054
2025-12-11T11:01:12.104901,bike_23085
2025-12-11T11:01:13.413544,bike_20559
2025-12-11T11:01:11.830364,bike_52944
2025-12-11T11:01:13.964232,bike_78365
2025-12-09T23:01:05.302933,bike_70942
2025-12-11T05:01:07.208248,bike_75868
2025-12-11T11:01:14.370204,bike_79885
2025-12-11T11:01:12.430888,bike_43200
2025-12-11T11:01:08.273248,bike_89069
2025-12-11T05:01:12.541972,bike_81785
2025-12-11T11:01:06.691055,bike_74387
2025-12-11T11:01:13.951914,bike_20503
2025-12-11T11:01:09.051607,bike_50604
2025-11-30T17:01:07.184607,bike_61155
2025-12-11T11:01:10.632275,bike_80059
2025-12-11T11:01:17.052936,bike_71567
2025-12-11T11:01:11.133276,bike_88202
2025-12-11T11:01:13.530638,bike_82815
2025-12-11T11:01:07.890149,bike_47009
2025-12-11T11:01:09.453220,bike_16796
2025-12-11T11:01:16.481089,bike_67465
2025-12-11T11:01:05.924234,bike_17673
2025-12-09T05:01:08.698369,bike_75793
2025-12-11T11:01:12.890626,bike_60167
2025-12-11T11:01:06.144152,bike_45463
2025-12-11T11:01:13.093604,bike_76377
2025-12-05T05:01:05.765794,bike_51495
2025-12-11T11:01:11.653174,bike_24994
2025-12-11T11:01:11.133304,bike_78793
2025-12-11T11:01:12.333260,bike_69362
2025-12-11T11:01:09.711259,bike_42509
2025-12-11T11:01:12.629917,bike_51028
2025-12-11T05:01:04.582003,bike_88236
2025-12-11T11:01:13.893722,bike_43004
2025-12-11T11:01:08.944120,bike_43236
2025-12-11T11:01:06.873138,bike_52734
2025-12-11T11:01:06.477005,bike_46739
2025-12-11T11:01:06.494817,bike_46090
2025-12-11T05:01:12.888082,bike_67038
2025-12-11T11:01:15.224203,bike_58566
2025-12-11T11:01:11.524209,bike_69380
2025-12-11T11:01:07.150197,bike_52728
2025-12-11T11:01:10.144384,bike_46596
2025-12-11T11:01:13.884563,bike_56567
2025-12-11T11:01:08.331989,bike_71598
2025-12-08T17:01:06.642031,bike_47056
2025-12-10T11:01:06.979290,bike_58771
2025-12-11T11:01:16.153400,bike_24713
2025-12-11T11:01:16.290069,bike_77907
2025-12-01T05:01:09.659067,bike_77198
2025-12-11T11:01:11.889500,bike_88112
2025-12-11T11:01:14.224126,bike_44077
2025-12-11T11:01:09.711229,bike_74845
2025-12-11T11:01:07.252854,bike_00135
2025-12-11T11:01:14.924170,bike_77178
2025-12-03T05:01:07.906512,bike_72749
2025-12-11T11:01:08.473439,bike_76092
2025-12-11T11:01:16.533586,bike_86066
2025-12-11T11:01:11.312774,bike_20140
2025-12-11T11:01:15.513257,bike_43563
2025-11-30T05:01:13.388627,bike_68432
2025-12-11T11:01:08.732886,bike_51267
2025-12-11T11:01:13.724243,bike_22546
2025-12-11T11:01:12.350661,bike_68138
2025-12-11T11:01:09.064118,bike_43422
2025-12-11T05:01:02.782052,bike_85517
2025-12-11T11:01:09.370833,bike_51153
2025-12-11T11:01:14.353172,bike_44840
2025-12-05T11:01:07.342748,bike_71225
2025-12-11T11:01:16.932122,bike_44242
2025-12-11T11:01:15.104163,bike_50483
2025-12-11T11:01:12.050608,bike_88800
2025-12-11T11:01:06.792930,bike_67176
2025-12-11T11:01:11.113283,bike_50832
2025-12-11T11:01:16.170817,bike_86240
2025-12-11T11:01:16.272658,bike_05298
2025-12-11T11:01:09.051599,bike_62839
2025-12-11T11:01:12.114169,bike_78653
2025-12-04T17:01:06.204697,bike_74007
2025-12-11T11:01:13.253658,bike_77423
2025-12-08T17:01:05.296029,bike_63656
2025-12-11T11:01:12.764187,bike_81847
2025-12-11T11:01:08.804149,bike_78066
2025-12-11T11:01:15.333197,bike_89832
2025-12-11T11:01:16.453639,bike_85455
2025-12-11T11:01:07.744158,bike_58083
2025-12-11T11:01:15.971171,bike_67990
2025-12-11T11:01:07.312821,bike_82877
2025-12-11T11:01:15.570463,bike_08525
2025-12-11T11:01:16.873269,bike_24768
2025-12-11T11:01:09.984161,bike_51558
2025-12-11T11:01:07.070505,bike_79410
2025-12-11T05:01:12.709430,bike_81506
2025-12-01T17:01:13.605407,bike_68912
2025-12-11T11:01:09.332254,bike_02693
2025-12-11T11:01:12.050644,bike_51592
2025-12-11T11:01:14.553312,bike_56269
2025-12-11T11:01:07.270079,bike_05116
2025-12-11T11:01:06.824116,bike_11351
2025-12-11T05:01:03.930331,bike_85508
2025-12-11T11:01:14.091716,bike_61458
2025-12-11T11:01:12.073028,bike_71841
2025-12-07T17:01:03.753629,bike_69496
2025-12-11T11:01:07.244158,bike_72584
2025-12-11T11:01:09.804108,bike_77214
2025-12-11T11:01:16.832766,bike_89909
2025-12-11T11:01:06.993209,bike_47449
2025-12-11T11:01:15.684201,bike_63605
2025-12-11T11:01:07.133055,bike_78829
2025-12-11T05:01:13.370922,bike_70242
2025-12-11T11:01:10.451448,bike_05499
2025-12-11T11:01:15.953231,bike_03316
2025-12-11T11:01:09.353488,bike_88805
2025-12-11T11:01:10.492488,bike_60541
2025-12-11T11:01:12.504127,bike_70420
2025-12-11T11:01:15.490510,bike_42950
2025-12-11T11:01:16.890665,bike_62240
2025-12-10T23:01:06.728747,bike_74113
2025-12-11T11:01:06.152901,bike_51582
2025-12-11T11:01:06.824165,bike_48058
2025-12-04T05:01:08.242690,bike_46086
2025-12-11T11:01:10.971254,bike_16229
2025-12-11T11:01:06.553082,bike_67474
2025-12-11T11:01:06.770291,bike_89535
2025-12-11T05:01:12.341967,bike_81791
2025-12-11T11:01:09.584152,bike_13187
2025-12-11T11:01:16.033947,bike_51265
2025-12-11T11:01:08.064202,bike_44003
2025-12-11T11:01:07.133033,bike_69486
2025-12-11T11:01:10.324175,bike_70508
2025-12-11T11:01:14.513369,bike_62010
2025-12-11T11:01:16.533621,bike_44845
2025-12-11T11:01:10.953288,bike_60528
2025-12-11T11:01:08.304283,bike_52085
2025-12-02T11:01:06.193571,bike_22684
2025-12-11T11:01:13.024219,bike_71951
2025-12-11T05:01:09.541952,bike_41949
2025-12-11T11:01:07.292106,bike_71610
2025-12-11T11:01:08.124316,bike_73071
2025-12-11T11:01:14.264205,bike_88287
2025-12-11T11:01:13.430842,bike_86089
2025-12-11T11:01:14.184176,bike_24530
2025-12-11T11:01:10.173290,bike_52435
2025-12-11T11:01:05.993419,bike_50499
2025-12-11T11:01:08.930791,bike_16863
2025-12-11T11:01:09.305178,bike_60550
2025-12-10T11:01:11.110807,bike_79822
2025-12-11T11:01:14.170754,bike_68163
2025-12-11T11:01:12.604061,bike_69144
2025-12-10T17:01:08.496279,bike_42979
2025-12-11T11:01:08.750027,bike_76340
2025-12-11T11:01:06.513959,bike_11529
2025-12-11T11:01:12.364137,bike_25322
2025-12-11T11:01:15.930296,bike_13948
2025-12-11T11:01:13.653526,bike_88364
2025-12-11T11:01:12.090359,bike_77347
2025-12-11T11:01:15.750695,bike_89351
2025-12-11T11:01:08.852963,bike_88078
2025-12-11T11:01:10.113559,bike_43469
2025-12-11T11:01:07.024180,bike_71747
2025-12-11T11:01:06.090375,bike_68599
2025-12-11T11:01:14.730565,bike_75651
2025-12-11T11:01:09.644206,bike_77303
2025-12-11T11:01:12.913141,bike_10730
2025-12-11T11:01:06.410701,bike_52574
2025-12-11T11:01:13.553635,bike_19726
2025-12-11T11:01:11.550960,bike_43363
2025-12-10T23:01:07.868635,bike_68944
2025-12-11T11:01:11.090204,bike_16781
2025-12-11T11:01:08.504260,bike_46305
2025-12-11T11:01:13.470858,bike_16740
2025-12-11T11:01:12.204181,bike_03599
2025-12-11T11:01:10.653329,bike_74069
2025-12-11T11:01:13.964175,bike_16172
2025-12-11T11:01:13.631198,bike_50633
2025-12-11T11:01:10.930181,bike_47867
2025-12-11T11:01:10.433559,bike_21192
2025-12-11T11:01:12.010461,bike_80547
2025-12-11T11:01:07.744178,bike_69523
2025-12-11T11:01:08.090507,bike_77761
2025-12-11T11:01:09.032978,bike_06515
2025-12-09T17:01:09.818860,bike_88492
2025-12-11T11:01:10.772847,bike_45903
2025-12-09T23:01:11.163020,bike_46048
2025-12-02T17:01:04.100622,bike_80149
2025-12-11T11:01:16.064147,bike_73400
2025-12-11T11:01:07.523760,bike_43233
2025-12-11T11:01:09.170160,bike_45387
2025-12-11T11:01:13.364600,bike_46468
2025-12-11T11:01:07.564085,bike_44993
2025-12-11T11:01:09.750262,bike_89248
2025-12-10T11:01:08.941994,bike_45760
2025-12-09T05:01:05.498192,bike_81818
2025-12-11T11:01:11.970328,bike_80787
2025-12-11T11:01:10.813650,bike_77199
2025-12-11T11:01:14.344200,bike_58685
2025-12-10T17:01:01.507596,bike_89438
2025-12-11T11:01:14.392660,bike_77904
2025-12-11T11:01:11.124180,bike_45471
2025-12-11T11:01:07.312800,bike_23214
2025-12-11T11:01:11.504153,bike_46381
2025-12-11T11:01:07.792829,bike_72642
2025-12-10T23:01:06.164295,bike_67760
2025-12-11T11:01:14.504190,bike_72654
2025-12-11T11:01:14.649846,bike_80553
2025-12-11T11:01:14.790611,bike_88320
2025-12-11T11:01:11.384187,bike_70750
2025-12-11T11:01:11.450448,bike_23430
2025-12-11T11:01:07.110018,bike_70715
2025-12-11T11:01:06.792920,bike_69794
2025-12-11T11:01:09.144165,bike_88296
2025-12-11T11:01:15.904181,bike_85025
2025-12-11T05:01:08.529729,bike_47470
2025-12-11T05:01:06.331123,bike_86112
2025-12-11T11:01:13.553644,bike_17620
2025-12-11T11:01:07.564052,bike_88803
2025-12-11T11:01:14.544251,bike_89431
2025-12-11T11:01:16.990874,bike_85079
2025-12-11T11:01:14.193077,bike_05356
2025-12-11T11:01:11.590662,bike_85457
2025-12-10T17:01:01.830687,bike_27017
2025-12-11T11:01:06.691073,bike_51550
2025-12-07T11:01:07.399178,bike_74142
2025-12-11T11:01:10.424206,bike_68629
2025-12-11T11:01:09.431498,bike_69781
2025-12-11T11:01:15.473184,bike_80580
2025-12-11T11:01:12.653080,bike_24642
2025-12-11T05:01:05.381901,bike_62516
2025-12-11T11:01:16.272688,bike_74987
2025-12-11T11:01:08.644224,bike_77607
2025-12-11T11:01:11.804217,bike_45019
2025-12-11T11:01:07.833399,bike_22638
2025-12-08T17:01:08.624870,bike_06664
2025-12-11T05:01:07.141911,bike_89633
2025-12-11T11:01:12.993652,bike_50627
2025-12-11T11:01:10.230085,bike_45274
2025-12-11T11:01:14.531119,bike_81654
2025-12-11T11:01:15.224226,bike_52628
2025-12-11T11:01:10.104277,bike_16569
2025-12-11T11:01:15.311907,bike_51097
2025-12-11T11:01:12.253274,bike_71175
2025-12-11T11:01:11.050802,bike_33068
2025-12-11T11:01:09.305175,bike_05550
2025-12-11T11:01:12.930370,bike_76519
2025-12-11T11:01:15.553156,bike_44236
2025-12-11T11:01:06.984197,bike_82261
2025-12-11T11:01:16.332950,bike_51983
2025-12-11T11:01:07.110044,bike_19647
2025-12-11T11:01:13.312201,bike_43027
2025-12-11T11:01:08.512914,bike_71463
2025-12-06T23:01:12.324920,bike_12382
2025-12-08T05:01:05.224312,bike_68271
2025-12-11T11:01:08.844126,bike_46403
2025-12-11T11:01:11.231268,bike_17716
2025-12-11T11:01:10.632216,bike_78321
2025-12-11T11:01:11.073402,bike_72754
2025-12-09T23:01:10.623220,bike_22753
2025-12-11T11:01:11.312848,bike_79163
2025-12-11T11:01:16.631007,bike_16727
2025-12-02T05:01:12.949716,bike_19715
2025-12-11T11:01:08.392857,bike_75897
2025-12-11T11:01:14.153440,bike_75147
2025-12-11T11:01:10.544210,bike_47294
2025-12-11T11:01:16.613251,bike_52936
2025-12-11T11:01:12.244241,bike_73075
2025-12-11T11:01:10.930141,bike_81705
2025-12-11T11:01:12.253255,bike_80798
2025-12-11T11:01:14.044166,bike_77759
2025-12-10T23:01:12.756214,bike_47628
2025-12-11T11:01:11.290440,bike_23826
2025-12-11T11:01:13.572053,bike_52325
2025-12-11T05:01:10.941927,bike_62162
2025-12-11T11:01:11.670340,bike_52808
2025-12-11T11:01:13.373573,bike_43240
2025-12-11T11:01:07.304087,bike_81720
2025-12-11T11:01:11.273218,bike_72634
2025-12-10T11:01:02.359658,bike_72585
2025-12-11T11:01:14.104275,bike_69564
2025-11-28T17:01:05.745890,bike_08156
2025-12-11T11:01:12.050621,bike_51945
2025-12-11T11:01:11.953254,bike_70144
2025-12-11T11:01:13.991192,bike_20692
2025-12-11T11:01:16.944206,bike_56700
2025-12-11T11:01:11.033602,bike_45225
2025-12-11T11:01:09.853171,bike_09681
2025-12-08T05:01:12.231791,bike_71719
2025-12-11T11:01:09.904217,bike_73478
2025-12-11T11:01:08.724196,bike_88063
2025-11-28T23:01:07.252365,bike_69388
2025-12-11T11:01:11.244164,bike_42791
2025-12-11T11:01:11.164242,bike_85414
2025-12-11T05:01:03.530564,bike_71531
2025-12-11T05:01:08.881846,bike_81842
2025-12-11T05:01:04.221956,bike_53244
2025-12-11T11:01:06.329878,bike_52455
2025-12-06T05:01:10.289697,bike_72488
2025-12-11T11:01:12.333278,bike_70762
2025-12-11T11:01:13.044325,bike_89399
2025-12-11T11:01:16.873256,bike_77159
2025-12-11T11:01:16.713103,bike_23113
2025-12-11T11:01:09.853166,bike_47418
2025-12-11T11:01:12.564196,bike_43699
2025-12-11T11:01:15.750722,bike_70851
2025-12-11T11:01:13.253637,bike_53204
2025-12-11T11:01:06.184109,bike_60287
2025-12-11T11:01:14.933291,bike_85342
2025-12-11T11:01:14.993628,bike_72812
2025-12-11T11:01:07.479573,bike_51545
2025-12-11T11:01:09.370875,bike_74599
2025-12-11T11:01:15.570447,bike_78999
2025-12-11T11:01:11.590670,bike_69681
2025-12-11T11:01:11.804227,bike_89417
2025-12-11T11:01:10.364217,bike_61258
2025-12-11T11:01:08.064176,bike_77522
2025-12-11T11:01:10.873425,bike_07237
2025-11-29T11:01:13.242457,bike_58501
2025-12-11T11:01:07.124264,bike_51936
2025-12-11T11:01:12.604053,bike_80423
2025-12-11T11:01:09.032958,bike_69473
2025-12-11T11:01:13.452784,bike_12770
2025-12-11T11:01:16.730393,bike_45478
2025-12-11T11:01:08.033384,bike_43972
2025-12-11T11:01:16.533610,bike_78818
2025-12-11T11:01:09.724132,bike_51055
2025-12-11T11:01:11.604226,bike_81140
2025-12-11T11:01:07.044253,bike_86080
2025-12-06T23:01:10.813491,bike_00068
2025-11-28T17:01:13.247554,bike_26498
2025-12-11T11:01:14.113467,bike_72134
2025-12-11T11:01:06.485999,bike_75642
2025-12-11T11:01:07.292093,bike_47755
2025-12-11T11:01:12.653059,bike_50420
2025-12-11T11:01:11.550951,bike_68948
2025-12-11T11:01:07.724974,bike_51128
2025-12-11T11:01:08.653114,bike_24311
2025-12-11T11:01:16.072939,bike_76186
2025-12-04T23:01:07.851048,bike_89328
2025-12-11T11:01:15.184226,bike_45787
2025-12-11T11:01:11.912965,bike_71902
2025-12-11T05:01:06.641925,bike_82268
2025-12-11T11:01:13.153252,bike_51855
2025-12-11T11:01:06.344043,bike_79818
2025-12-11T05:01:12.901972,bike_23060
2025-12-11T11:01:08.913119,bike_77640
2025-12-11T11:01:12.010467,bike_09334
2025-12-11T11:01:12.930349,bike_19457
2025-12-11T11:01:09.064129,bike_61494
2025-12-11T11:01:07.044220,bike_42705
2025-12-11T05:01:12.408311,bike_69622
2025-12-11T05:01:07.929411,bike_80295
2025-12-11T05:01:05.168993,bike_71427
2025-12-11T05:01:06.294113,bike_88215
2025-12-11T11:01:11.644175,bike_06524
2025-12-11T11:01:12.692964,bike_80698
2025-11-29T11:01:11.067349,bike_03665
2025-12-11T05:01:12.721914,bike_53380
2025-12-11T11:01:11.330528,bike_67356
2025-12-11T11:01:12.270467,bike_24459
2025-12-11T11:01:12.131861,bike_76820
2025-12-11T11:01:09.073159,bike_47673
2025-12-11T11:01:14.553304,bike_80592
2025-12-11T11:01:15.251806,bike_25719
2025-12-11T11:01:12.670206,bike_62782
2025-12-11T11:01:13.671239,bike_47835
2025-12-11T11:01:15.234032,bike_24332
2025-12-11T11:01:11.231257,bike_79181
2025-12-11T11:01:06.112863,bike_19620
2025-12-11T11:01:13.011540,bike_74121
2025-12-11T11:01:15.584194,bike_44687
2025-12-11T11:01:06.033008,bike_04899
2025-12-06T17:01:07.697434,bike_47441
2025-12-11T11:01:06.570643,bike_22893
2025-12-11T11:01:09.032997,bike_20451
2025-12-11T11:01:12.813038,bike_45893
2025-12-11T11:01:10.113580,bike_09279
2025-12-11T05:01:06.161894,bike_48042
2025-12-11T11:01:17.031253,bike_45201
2025-12-09T17:01:13.838823,bike_56277
2025-12-11T11:01:14.513421,bike_07772
2025-12-11T11:01:14.300740,bike_09617
2025-12-11T11:01:08.504247,bike_00383
2025-12-11T05:01:02.421703,bike_88556
2025-12-11T11:01:05.914758,bike_70754
2025-12-11T11:01:16.090169,bike_57109
2025-12-11T11:01:12.484141,bike_11076
2025-12-11T11:01:13.224179,bike_43394
2025-12-11T11:01:09.314440,bike_79227
2025-12-11T11:01:07.792842,bike_74107
2025-12-11T11:01:12.413459,bike_74037
2025-12-11T11:01:15.364194,bike_74890
2025-12-11T11:01:07.792798,bike_89723
2025-12-11T11:01:07.810197,bike_58964
2025-12-11T11:01:07.204214,bike_43367
2025-12-11T11:01:11.684204,bike_76916
2025-12-11T11:01:07.753778,bike_73928
2025-12-11T11:01:06.664190,bike_85185
2025-12-11T11:01:14.210154,bike_70661
2025-12-11T11:01:15.104142,bike_57448
2025-12-11T11:01:10.671705,bike_76555
2025-12-11T11:01:11.889477,bike_42808
2025-12-11T11:01:06.531261,bike_81900
2025-12-10T11:01:01.900073,bike_70221
2025-12-11T11:01:08.104228,bike_16391
2025-12-11T11:01:15.234022,bike_79310
2025-12-11T11:01:07.724995,bike_85413
2025-12-11T11:01:17.052911,bike_45010
2025-12-11T11:01:14.993604,bike_47608
2025-12-11T11:01:16.551393,bike_89528
2025-12-11T11:01:09.544216,bike_88652
2025-12-11T11:01:07.564080,bike_71146
2025-12-11T11:01:08.830045,bike_74192
2025-12-11T11:01:08.273230,bike_69087
2025-12-11T11:01:06.932385,bike_89457
2025-12-11T11:01:14.170743,bike_11855
2025-12-11T11:01:13.644177,bike_74458
2025-12-10T05:01:10.217205,bike_78770
2025-12-11T11:01:06.864220,bike_80073
2025-12-11T11:01:15.350523,bike_60063
2025-12-11T11:01:16.290095,bike_75386
2025-12-11T05:01:12.721911,bike_88945
2025-12-09T17:01:05.878947,bike_58087
2025-12-11T11:01:15.644145,bike_07949
2025-12-11T11:01:09.892556,bike_55500
2025-12-11T11:01:16.664219,bike_47640
2025-12-11T11:01:11.804201,bike_01230
2025-12-11T11:01:16.504223,bike_55111
2025-11-30T11:01:13.048503,bike_25524
2025-12-11T11:01:14.091668,bike_82523
2025-12-11T11:01:10.351119,bike_02554
2025-12-11T11:01:08.241840,bike_57376
2025-12-11T11:01:15.733481,bike_77748
2025-12-11T11:01:07.213129,bike_69190
2025-12-10T23:01:06.325197,bike_75904
2025-12-11T11:01:07.230447,bike_21170
2025-12-11T11:01:08.344165,bike_76941
2025-12-11T11:01:06.691086,bike_78290
2025-12-11T11:01:09.953297,bike_52317
2025-12-03T17:01:08.184877,bike_67899
2025-12-11T11:01:13.071813,bike_20987
2025-12-11T11:01:08.844151,bike_00086
2025-12-11T11:01:16.832762,bike_51750
2025-12-11T05:01:06.491218,bike_72511
2025-12-11T11:01:15.490487,bike_78831
2025-12-11T11:01:14.310049,bike_46133
2025-12-11T11:01:15.104192,bike_74522
2025-12-11T11:01:11.303675,bike_74945
2025-12-11T11:01:07.384191,bike_77847
2025-12-11T05:01:10.148519,bike_73703
2025-12-11T11:01:10.104214,bike_71357
2025-12-11T11:01:14.744220,bike_08107
2025-12-11T11:01:09.791100,bike_77392
2025-11-29T11:01:10.727356,bike_08693
2025-12-11T11:01:09.604188,bike_52144
2025-12-11T11:01:09.484131,bike_01517
2025-12-11T11:01:08.804130,bike_76556
2025-12-11T11:01:15.750709,bike_77460
2025-12-11T11:01:10.544241,bike_24255
2025-12-10T11:01:10.802477,bike_55285
2025-12-11T11:01:11.524202,bike_47564
2025-12-11T11:01:16.573748,bike_20587
2025-12-11T11:01:15.859195,bike_67739
2025-12-11T05:01:10.881812,bike_75603
2025-12-11T11:01:14.993630,bike_51372
2025-12-11T11:01:14.744150,bike_62822
2025-12-11T11:01:12.653085,bike_68690
2025-12-11T11:01:13.631185,bike_43380
2025-12-11T11:01:13.693052,bike_17256
2025-12-11T11:01:16.691303,bike_74412
2025-12-11T11:01:11.464206,bike_51870
2025-12-06T23:01:11.525007,bike_16376
2025-12-11T11:01:11.935227,bike_72582
2025-12-11T11:01:10.944189,bike_68486
2025-12-11T11:01:15.733467,bike_18490
2025-12-11T11:01:10.544187,bike_67828
2025-12-11T05:01:04.492492,bike_89859
2025-12-11T11:01:07.424126,bike_74057
2025-12-11T11:01:12.492664,bike_78432
2025-12-11T11:01:14.473205,bike_61437
2025-12-11T11:01:09.670571,bike_78099
2025-12-11T11:01:10.813653,bike_20767
2025-12-11T11:01:13.312193,bike_46588
2025-12-11T11:01:15.828853,bike_68633
2025-12-11T11:01:13.553657,bike_58456
2025-12-11T11:01:09.870805,bike_69385
2025-12-11T05:01:11.347986,bike_80694
2025-12-11T11:01:13.111274,bike_81218
2025-12-11T11:01:09.653359,bike_62795
2025-12-11T11:01:12.524211,bike_15179
2025-12-11T11:01:08.424343,bike_44299
2025-12-08T17:01:07.742012,bike_60984
2025-12-11T11:01:14.513396,bike_50873
2025-12-11T11:01:12.444151,bike_63244
2025-12-11T11:01:09.791161,bike_58191
2025-12-11T11:01:11.778479,bike_88688
2025-12-11T11:01:16.832739,bike_79781
2025-12-11T05:01:13.231380,bike_62875
2025-12-08T23:01:08.286360,bike_02358
2025-12-11T11:01:09.224168,bike_22328
2025-12-11T11:01:06.850017,bike_44525
2025-12-11T11:01:07.384246,bike_89002
2025-12-11T11:01:13.604212,bike_00948
2025-12-11T11:01:14.449818,bike_88820
2025-12-11T11:01:11.073418,bike_74860
2025-12-11T11:01:07.851012,bike_53119
2025-12-11T11:01:10.390885,bike_47510
2025-12-11T11:01:11.330490,bike_45400
2025-12-11T11:01:06.584132,bike_77600
2025-12-11T11:01:07.109973,bike_89578
2025-12-11T11:01:14.224155,bike_24184
2025-12-11T11:01:13.144270,bike_88253
2025-12-11T11:01:09.064152,bike_78054
2025-12-11T11:01:13.244206,bike_30252
2025-12-11T11:01:14.300762,bike_69219
2025-12-11T11:01:11.889489,bike_46240
2025-12-11T11:01:12.284131,bike_19903
2025-12-11T11:01:15.451923,bike_68135
2025-12-11T11:01:09.831241,bike_76541
2025-12-11T05:01:09.347389,bike_81238
2025-12-11T11:01:07.564087,bike_16975
2025-12-11T11:01:11.813306,bike_04099
2025-12-11T05:01:06.321918,bike_08952
2025-12-11T11:01:13.153222,bike_51741
2025-12-11T11:01:09.210604,bike_44060
2025-12-11T11:01:08.033376,bike_07470
2025-12-10T17:01:06.960419,bike_46497
2025-12-11T11:01:06.953113,bike_24223
2025-12-11T11:01:14.764160,bike_76797
2025-12-11T11:01:10.632201,bike_22024
2025-12-11T11:01:16.564170,bike_43841
2025-12-11T11:01:06.513990,bike_51444
2025-12-11T11:01:13.653569,bike_55581
2025-12-11T05:01:13.438058,bike_82820
2025-12-11T11:01:14.513383,bike_22171
2025-12-11T11:01:08.764218,bike_70849
2025-12-11T11:01:06.932341,bike_77168
2025-12-10T17:01:08.037804,bike_89729
2025-12-11T11:01:11.024114,bike_89777
2025-12-01T17:01:12.498474,bike_46437
2025-12-11T11:01:06.650518,bike_25407
2025-12-11T11:01:09.653345,bike_52318
2025-12-11T11:01:11.550939,bike_45281
2025-12-11T11:01:07.753733,bike_25848
2025-12-11T11:01:10.531036,bike_72767
2025-12-11T11:01:12.244204,bike_22176
2025-12-11T11:01:11.604166,bike_55671
2025-12-11T11:01:10.554034,bike_07676
2025-12-11T11:01:06.049772,bike_77486
2025-12-11T11:01:08.304224,bike_78895
2025-12-11T11:01:16.064150,bike_50366
2025-12-11T05:01:03.827365,bike_42975
2025-12-11T11:01:14.813149,bike_45598
2025-12-11T11:01:11.392924,bike_74030
2025-12-11T11:01:07.110013,bike_85096
2025-12-11T11:01:14.692402,bike_80008
2025-12-11T11:01:12.324222,bike_57802
2025-12-11T11:01:11.464201,bike_44670
2025-12-11T11:01:15.413303,bike_58808
2025-12-11T11:01:14.383632,bike_70702
2025-12-11T11:01:15.872711,bike_21157
2025-12-11T11:01:12.993687,bike_03594
2025-12-11T11:01:08.670604,bike_52332
2025-12-11T11:01:10.671720,bike_58809
2025-12-11T11:01:08.930818,bike_77082
2025-12-11T11:01:13.893768,bike_75417
2025-12-11T11:01:13.324188,bike_75398
2025-12-11T11:01:13.584237,bike_21356
2025-12-11T11:01:08.024185,bike_09312
2025-12-11T11:01:14.504174,bike_42888
2025-12-11T11:01:09.684124,bike_51946
2025-12-11T11:01:08.464229,bike_73378
2025-12-11T11:01:09.090411,bike_00234
2025-12-11T11:01:07.133031,bike_81872
2025-12-11T11:01:16.471305,bike_00683
2025-12-10T11:01:08.612910,bike_74813
2025-12-11T05:01:12.888111,bike_35362
2025-12-11T11:01:06.664137,bike_11050
2025-12-11T11:01:09.193151,bike_78140
2025-12-11T11:01:07.244208,bike_53104
2025-12-11T11:01:09.693465,bike_45184
2025-12-11T11:01:08.010854,bike_68037
2025-12-11T11:01:16.890676,bike_70480
2025-12-11T11:01:15.653314,bike_60393
2025-12-11T11:01:16.453596,bike_44664
2025-12-11T11:01:13.430850,bike_60758
2025-12-11T11:01:09.344219,bike_32700
2025-12-11T11:01:12.504158,bike_09517
2025-12-11T05:01:11.021873,bike_34216
2025-12-11T11:01:07.533014,bike_56518
2025-12-05T23:01:13.491348,bike_89209
2025-12-11T11:01:11.791838,bike_76271
2025-12-11T11:01:09.853197,bike_16925
2025-12-11T11:01:11.744222,bike_05821
2025-12-11T11:01:12.324203,bike_50707
2025-12-11T05:01:13.322028,bike_58730
2025-12-11T05:01:03.301907,bike_80389
2025-12-11T11:01:06.544132,bike_52182
2025-12-11T11:01:15.632127,bike_69611
2025-12-11T11:01:14.670891,bike_14996
2025-12-01T11:01:09.697194,bike_73643
2025-12-11T11:01:13.884610,bike_08527
2025-12-11T11:01:14.473185,bike_42620
2025-12-11T11:01:08.970774,bike_19958
2025-12-11T11:01:06.486001,bike_52053
2025-12-11T11:01:08.344205,bike_68287
2025-12-11T11:01:06.873154,bike_81171
2025-12-11T11:01:14.504223,bike_72450
2025-12-11T11:01:11.769794,bike_46601
2025-12-11T11:01:09.453155,bike_82561
2025-12-11T11:01:08.331973,bike_70813
2025-12-11T11:01:13.875624,bike_82795
2025-12-11T11:01:08.644222,bike_50833
2025-12-11T11:01:16.990905,bike_23263
2025-12-11T11:01:07.244187,bike_70847
2025-12-11T05:01:09.370411,bike_88034
2025-12-11T11:01:08.290434,bike_76254
2025-12-11T11:01:12.309933,bike_82224
2025-12-06T23:01:10.271950,bike_77535
2025-12-11T11:01:07.753773,bike_51512
2025-12-11T11:01:12.984289,bike_89700
2025-12-11T11:01:13.584176,bike_73982
2025-12-11T11:01:13.904150,bike_77760
2025-12-11T11:01:13.489414,bike_82308
2025-12-11T11:01:10.513544,bike_25520
2025-12-11T11:01:08.090453,bike_45300
2025-12-11T11:01:15.224205,bike_85036
2025-12-11T11:01:16.113542,bike_70397
2025-12-11T11:01:16.504180,bike_25721
2025-12-11T11:01:12.904202,bike_71293
2025-12-11T11:01:09.512803,bike_62257
2025-12-11T11:01:11.935224,bike_75239
2025-12-11T11:01:15.513249,bike_70376
2025-12-11T11:01:16.533603,bike_52041
2025-12-08T05:01:13.146277,bike_58597
2025-12-11T11:01:07.712091,bike_62394
2025-12-11T11:01:16.072955,bike_25620
2025-12-11T11:01:08.314117,bike_58614
2025-12-11T11:01:10.513510,bike_51585
2025-12-11T11:01:10.212933,bike_45436
2025-12-11T11:01:14.570952,bike_76725
2025-12-11T11:01:06.433352,bike_69178
2025-12-11T11:01:14.813178,bike_63662
2025-12-11T11:01:12.164163,bike_19451
2025-12-10T23:01:13.266845,bike_25847
2025-12-07T17:01:12.367633,bike_73556
2025-12-11T11:01:08.693203,bike_73794
2025-12-11T11:01:07.724964,bike_79018
2025-12-11T11:01:07.952844,bike_70485
2025-12-11T11:01:13.224195,bike_02570
2025-12-11T11:01:12.144187,bike_85366
2025-12-11T11:01:13.924250,bike_62495
2025-12-11T11:01:10.584203,bike_85411
2025-12-11T11:01:09.813744,bike_88675
2025-12-05T17:01:06.773477,bike_73678
2025-12-11T11:01:13.271539,bike_89822
2025-12-11T11:01:08.844172,bike_61365
2025-12-11T11:01:13.244222,bike_21610
2025-11-28T23:01:02.785869,bike_23415
2025-12-11T11:01:16.090180,bike_89785
2025-12-11T05:01:06.188611,bike_71653
2025-12-11T11:01:10.474984,bike_59537
2025-12-11T11:01:16.490601,bike_63185
2025-12-10T11:01:06.793560,bike_61286
2025-12-11T11:01:11.944424,bike_74210
2025-12-06T05:01:02.324616,bike_89974
2025-12-03T11:01:06.681764,bike_89687
2025-12-11T11:01:16.211547,bike_47825
2025-12-11T11:01:07.044196,bike_17088
2025-12-11T11:01:09.129940,bike_77334
2025-12-11T11:01:16.524466,bike_77743
2025-12-11T11:01:12.090328,bike_43836
2025-12-11T11:01:14.773093,bike_73976
2025-12-11T11:01:13.724207,bike_74084
2025-12-10T23:01:06.848702,bike_57822
2025-12-11T11:01:15.764267,bike_80442
2025-12-06T11:01:08.051721,bike_52374
2025-12-11T11:01:06.312960,bike_04639
2025-12-11T11:01:10.451466,bike_20002
2025-12-11T11:01:11.330492,bike_45298
2025-12-11T11:01:15.033700,bike_16447
2025-12-11T11:01:16.033971,bike_79453
2025-12-11T11:01:06.673454,bike_61805
2025-12-11T11:01:10.010303,bike_79532
2025-12-11T11:01:12.114171,bike_74972
2025-12-11T11:01:16.644229,bike_78732
2025-12-11T05:01:12.188184,bike_70568
2025-12-11T11:01:14.513426,bike_88258
2025-12-11T11:01:06.792944,bike_70664
2025-12-11T11:01:08.090502,bike_52661
2025-12-11T11:01:14.383621,bike_06503
2025-12-11T11:01:09.073164,bike_47839
2025-12-11T11:01:09.944169,bike_77361
2025-12-11T05:01:10.050635,bike_76226
2025-12-10T05:01:08.551710,bike_72443
2025-12-11T11:01:12.430876,bike_89060
2025-12-11T11:01:15.724170,bike_85452
2025-12-10T17:01:02.387382,bike_81493
2025-12-11T11:01:11.752869,bike_24406
2025-12-11T11:01:09.724145,bike_57573
2025-12-11T11:01:16.024189,bike_75853
2025-12-11T11:01:11.432898,bike_55090
2025-12-11T11:01:13.413537,bike_78145
2025-12-11T05:01:08.821916,bike_62000
2025-12-11T11:01:06.913407,bike_44249
2025-12-11T11:01:08.191376,bike_50303
2025-12-11T11:01:08.104249,bike_76938
2025-12-11T11:01:08.073293,bike_46625
2025-12-11T11:01:06.570636,bike_80637
2025-12-11T11:01:14.091684,bike_85182
2025-12-11T11:01:10.772844,bike_77537
2025-12-11T11:01:15.850414,bike_42651
2025-12-11T11:01:12.492701,bike_73214
2025-12-11T11:01:06.090351,bike_51414
2025-12-11T11:01:07.533052,bike_45128
2025-11-30T11:01:10.391026,bike_55450
2025-12-11T11:01:15.273271,bike_17330
2025-12-11T11:01:16.564186,bike_52809
2025-12-11T11:01:15.553159,bike_79887
2025-12-02T05:01:11.309706,bike_72516
2025-12-11T11:01:09.613367,bike_79303
2025-12-11T11:01:06.864145,bike_89707
2025-12-11T11:01:15.430701,bike_52459
2025-12-11T11:01:10.554083,bike_19927
2025-12-11T11:01:12.724169,bike_89356
2025-12-11T11:01:17.044202,bike_24603
2025-12-11T11:01:05.984159,bike_25586
2025-12-11T11:01:16.664211,bike_72999
2025-12-11T11:01:16.832791,bike_46200
2025-12-11T11:01:14.730554,bike_68784
2025-12-11T11:01:06.049797,bike_89307
2025-12-09T17:01:10.354635,bike_72973
2025-12-04T11:01:15.631633,bike_81448
2025-12-11T11:01:16.944247,bike_23223
2025-12-11T11:01:16.752844,bike_47741
2025-12-11T11:01:11.724155,bike_20380
2025-12-11T11:01:10.930179,bike_38192
2025-12-11T11:01:12.292676,bike_10619
2025-12-11T11:01:07.573507,bike_71705
2025-12-11T11:01:12.114164,bike_77699
2025-12-11T11:01:08.564439,bike_88964
2025-12-09T17:01:12.118731,bike_89755
2025-12-11T11:01:08.984172,bike_78863
2025-12-11T11:01:14.310044,bike_61767
2025-12-11T11:01:16.752825,bike_76586
2025-12-11T11:01:07.133036,bike_74255
2025-12-11T11:01:13.084312,bike_47819
2025-12-11T11:01:08.451037,bike_21985
2025-12-11T11:01:14.370137,bike_63038
2025-12-11T11:01:15.153118,bike_86031
2025-12-11T11:01:16.490609,bike_46771
2025-12-11T11:01:16.752793,bike_74038
2025-12-11T11:01:16.524463,bike_82545
2025-12-11T11:01:11.410580,bike_67029
2025-12-11T11:01:06.944201,bike_51599
2025-12-11T11:01:13.964159,bike_89461
2025-12-11T11:01:06.090366,bike_67915
2025-12-11T11:01:16.792868,bike_43888
2025-12-11T11:01:12.024164,bike_68831
2025-12-11T11:01:12.372909,bike_89310
2025-12-11T05:01:09.950969,bike_25935
2025-12-11T11:01:15.828835,bike_68261
2025-12-11T11:01:15.364221,bike_46603
2025-12-08T05:01:12.646251,bike_72981
2025-12-11T11:01:10.632242,bike_77775
2025-12-11T11:01:09.470482,bike_52201
2025-12-11T11:01:09.484136,bike_45176
2025-12-11T11:01:15.033750,bike_89743
2025-12-11T11:01:06.624164,bike_10347
2025-12-11T11:01:10.294063,bike_47329
2025-12-11T11:01:06.249280,bike_60697
2025-12-10T11:01:05.539305,bike_52478
2025-12-11T11:01:11.124164,bike_42534
2025-12-11T11:01:15.593348,bike_05077
2025-12-11T11:01:09.944143,bike_67952
2025-12-11T11:01:12.873248,bike_75448
2025-12-11T11:01:08.371204,bike_81465
2025-12-11T11:01:15.114023,bike_46162
2025-12-11T11:01:16.792900,bike_73656
2025-12-11T11:01:14.310052,bike_46672
2025-12-11T11:01:06.329893,bike_73017
2025-12-11T11:01:10.230090,bike_80917
2025-12-11T11:01:13.934241,bike_85356
2025-12-11T11:01:08.612989,bike_22468
2025-12-11T11:01:12.764129,bike_08994
2025-12-11T11:01:07.851033,bike_35270
2025-12-11T11:01:16.730361,bike_77235
2025-12-11T11:01:10.144353,bike_42922
2025-11-30T11:01:07.985904,bike_68890
2025-12-09T17:01:07.478793,bike_37834
2025-12-11T05:01:06.090912,bike_85299
2025-12-11T11:01:16.704239,bike_42866
2025-12-11T05:01:12.528220,bike_76325
2025-11-30T05:01:08.877426,bike_52236
2025-12-11T11:01:09.153123,bike_44063
2025-12-11T11:01:16.051173,bike_24669
2025-12-11T11:01:06.170089,bike_80719
2025-12-11T11:01:14.544220,bike_63066
2025-12-01T05:01:07.102674,bike_44345
2025-12-11T11:01:09.264260,bike_50909
2025-12-11T11:01:10.492471,bike_89081
2025-12-11T11:01:07.872894,bike_80229
2025-12-02T23:01:09.083608,bike_75881
2025-12-10T17:01:01.660403,bike_08189
2025-12-11T11:01:07.092852,bike_70759
2025-12-11T11:01:07.452503,bike_67362
2025-12-11T11:01:06.984186,bike_47688
2025-12-11T11:01:11.024139,bike_58481
2025-12-11T11:01:09.453200,bike_82835
2025-12-11T11:01:11.872830,bike_51278
2025-12-11T11:01:15.210175,bike_52449
2025-12-11T11:01:09.144157,bike_81072
2025-12-11T05:01:09.150862,bike_80343
2025-12-11T11:01:13.312177,bike_67816
2025-12-11T11:01:11.244166,bike_46891
2025-12-11T11:01:07.356488,bike_89070
2025-12-11T11:01:06.279303,bike_46053
2025-12-11T11:01:12.692993,bike_71732
2025-12-11T11:01:14.790613,bike_57201
2025-12-11T11:01:09.184216,bike_60576
2025-12-11T11:01:10.610547,bike_78203
2025-12-11T11:01:12.904199,bike_80109
2025-12-11T11:01:10.104233,bike_67878
2025-12-11T11:01:11.644196,bike_57214
2025-12-11T11:01:07.252871,bike_56980
2025-12-09T05:01:15.664601,bike_81515
2025-12-11T11:01:10.204059,bike_61340
2025-12-11T11:01:08.433362,bike_70947
2025-12-11T11:01:11.424140,bike_81754
2025-12-11T11:01:10.513515,bike_76728
2025-12-11T11:01:11.273254,bike_50390
2025-12-11T11:01:09.264225,bike_46101
2025-12-11T05:01:03.582031,bike_46730
2025-12-11T11:01:09.305188,bike_76975
2025-12-11T11:01:06.971015,bike_46690
2025-12-11T11:01:09.831198,bike_89451
2025-12-11T11:01:12.333220,bike_19149
2025-12-11T11:01:12.904210,bike_71035
2025-12-11T11:01:08.033371,bike_53386
2025-12-11T11:01:09.570618,bike_82851
2025-12-11T11:01:08.992921,bike_88382
2025-12-11T05:01:07.570729,bike_50216
2025-12-11T11:01:07.784068,bike_73170
2025-12-11T11:01:09.170149,bike_60694
2025-12-11T11:01:09.993080,bike_45909
2025-12-11T11:01:10.890897,bike_43656
2025-12-11T11:01:08.512912,bike_80042
2025-12-11T11:01:09.290930,bike_73121
2025-12-11T11:01:12.253248,bike_42761
2025-12-11T11:01:16.744220,bike_46167
2025-12-11T11:01:07.630513,bike_88124
2025-12-06T23:01:10.605111,bike_75025
2025-12-11T11:01:07.270076,bike_07270
2025-12-11T11:01:07.304108,bike_77620
2025-12-11T11:01:14.924188,bike_70526
2025-12-11T11:01:10.610557,bike_75980
2025-12-11T11:01:10.873394,bike_78410
2025-12-11T11:01:07.573496,bike_08488
2025-12-11T11:01:08.530685,bike_77755
2025-12-11T11:01:10.671739,bike_02321
2025-12-11T11:01:14.310029,bike_07214
2025-12-11T11:01:08.564374,bike_47700
2025-12-11T11:01:11.653156,bike_07553
2025-12-11T11:01:09.384186,bike_86111
2025-12-11T11:01:12.471152,bike_52746
2025-12-11T11:01:15.114004,bike_11352
2025-12-11T11:01:08.104187,bike_46059
2025-12-11T11:01:09.892563,bike_73500
2025-12-11T11:01:12.484136,bike_21723
2025-12-11T11:01:11.064205,bike_52139
2025-12-11T11:01:12.864204,bike_88494
2025-12-11T11:01:12.104911,bike_56230
2025-12-11T11:01:06.984166,bike_75055
2025-12-11T11:01:09.631182,bike_53412
2025-12-11T11:01:12.310009,bike_75880
2025-12-11T11:01:11.090191,bike_26021
2025-12-11T11:01:06.784152,bike_74457
2025-12-11T11:01:10.333424,bike_79243
2025-12-11T11:01:07.070526,bike_50387
2025-12-11T11:01:12.350694,bike_21642
2025-12-11T11:01:16.644197,bike_85040
2025-12-11T05:01:05.230813,bike_72924
2025-11-29T05:01:05.356966,bike_42622
2025-12-11T11:01:10.113582,bike_46458
2025-12-11T11:01:12.292694,bike_89866
2025-12-11T11:01:16.064168,bike_76697
2025-12-11T11:01:15.711633,bike_24126
2025-12-11T11:01:11.970342,bike_42552
2025-12-11T11:01:16.153392,bike_75676
2025-12-11T11:01:06.184143,bike_70911
2025-12-11T11:01:15.170386,bike_36114
2025-12-11T11:01:07.489293,bike_78399
2025-12-11T11:01:06.112858,bike_47773
2025-12-11T11:01:10.909080,bike_58153
2025-12-11T11:01:16.792882,bike_67619
2025-12-10T23:01:13.756448,bike_78431
2025-12-11T11:01:08.930767,bike_56878
2025-12-11T11:01:12.324179,bike_46922
2025-12-11T11:01:13.071832,bike_42896
2025-12-11T11:01:09.853220,bike_62374
2025-12-11T11:01:08.191296,bike_76944
2025-12-11T11:01:06.024163,bike_58824
2025-12-05T23:01:14.420043,bike_05971
2025-12-11T11:01:09.470497,bike_24369
2025-12-11T05:01:08.272030,bike_46765
2025-12-11T11:01:16.564189,bike_86105
2025-12-11T11:01:06.504390,bike_68164
2025-12-11T11:01:14.712936,bike_80346
2025-12-11T11:01:10.033319,bike_51600
2025-12-11T11:01:11.450475,bike_69424
2025-12-09T23:01:09.543123,bike_45642
2025-12-11T11:01:09.504099,bike_88423
2025-12-11T11:01:14.933340,bike_57556
2025-12-11T05:01:08.870457,bike_80403
2025-12-11T11:01:08.451010,bike_50487
2025-12-11T05:01:08.421995,bike_73028
2025-12-11T05:01:12.362101,bike_19993
2025-12-11T11:01:16.481054,bike_17965
2025-12-11T11:01:09.170142,bike_82534
2025-12-11T11:01:15.090034,bike_23055
2025-12-11T11:01:11.231292,bike_73404
2025-12-11T11:01:06.553069,bike_86113
2025-12-10T11:01:09.239262,bike_67919
2025-12-11T11:01:06.283424,bike_69247
2025-12-11T11:01:06.064074,bike_67791
2025-12-11T11:01:07.630515,bike_70981
2025-12-02T17:01:04.923654,bike_80304
2025-12-11T11:01:13.452800,bike_56071
2025-12-11T11:01:09.224129,bike_21262
2025-12-11T11:01:06.531255,bike_61300
2025-12-11T11:01:11.173206,bike_55646
2025-12-11T11:01:10.504213,bike_44147
2025-12-11T05:01:06.011120,bike_67638
2025-12-11T11:01:06.410656,bike_62220
2025-12-11T11:01:12.913211,bike_45853
2025-12-11T11:01:09.670576,bike_60592
2025-12-11T11:01:06.810052,bike_62910
2025-12-11T11:01:08.904125,bike_19658
2025-12-11T11:01:13.071830,bike_88045
2025-12-11T11:01:12.533195,bike_89428
2025-12-11T11:01:16.233661,bike_69615
2025-12-11T11:01:06.873152,bike_56300
2025-12-11T11:01:16.490580,bike_73570
2025-12-11T05:01:03.591316,bike_47634
2025-12-11T11:01:07.904135,bike_80996
2025-12-09T23:01:14.383038,bike_73366
2025-12-11T05:01:10.308079,bike_57021
2025-12-11T11:01:07.411196,bike_80427
2025-12-11T11:01:07.654480,bike_80201
2025-12-05T17:01:13.822221,bike_77141
2025-12-11T11:01:16.644221,bike_03110
2025-12-11T11:01:13.604227,bike_67290
2025-12-11T11:01:08.953421,bike_23370
2025-12-11T11:01:13.753384,bike_69771
2025-12-11T11:01:16.324174,bike_73016
2025-12-11T11:01:16.630964,bike_67080
2025-12-06T05:01:06.964773,bike_03655
2025-12-11T11:01:14.764168,bike_70745
2025-12-11T11:01:12.904220,bike_80235
2025-12-11T11:01:07.213135,bike_18207
2025-12-11T11:01:15.644183,bike_67631
2025-12-11T11:01:16.290092,bike_52278
2025-12-04T11:01:07.751675,bike_89058
2025-12-11T11:01:12.453825,bike_89940
2025-12-11T11:01:13.144243,bike_79265
2025-12-11T11:01:15.644172,bike_89130
2025-12-11T11:01:09.113105,bike_77266
2025-12-11T11:01:14.592688,bike_70671
2025-12-11T11:01:14.004245,bike_89817
2025-12-11T11:01:06.932328,bike_52754
2025-12-11T05:01:07.270953,bike_50716
2025-12-11T11:01:07.452542,bike_72405
2025-12-11T11:01:14.310021,bike_00341
2025-12-11T11:01:07.213137,bike_19525
2025-12-11T11:01:06.531224,bike_47843
2025-12-11T11:01:08.191303,bike_15512
2025-12-11T11:01:09.530315,bike_50151
2025-12-11T11:01:15.584152,bike_69714
2025-12-11T11:01:13.530623,bike_76310
2025-12-10T17:01:02.080778,bike_56123
2025-12-11T11:01:12.930374,bike_15780
2025-12-11T11:01:11.791864,bike_80371
2025-12-11T11:01:07.792854,bike_21038
2025-12-11T11:01:15.251783,bike_01661
2025-12-11T11:01:16.170749,bike_53051
2025-12-11T11:01:08.773992,bike_19878
2025-12-10T11:01:05.653507,bike_68705
2025-12-11T05:01:10.161936,bike_88468
2025-12-11T11:01:14.870470,bike_43253
2025-12-11T11:01:17.000080,bike_51755
2025-12-11T11:01:16.792905,bike_88771
2025-12-11T11:01:06.691031,bike_20269
2025-12-11T11:01:06.944187,bike_89348
2025-12-11T11:01:11.872804,bike_13097
2025-12-11T11:01:14.910370,bike_79517
2025-12-11T11:01:09.724120,bike_10343
2025-12-11T11:01:06.090327,bike_56407
2025-12-11T11:01:06.010695,bike_46484
2025-12-11T11:01:08.724144,bike_76838
2025-12-11T11:01:14.632796,bike_79220
2025-12-11T11:01:11.050821,bike_78306
2025-12-10T23:01:12.336657,bike_04688
2025-12-11T11:01:15.944164,bike_15800
2025-12-11T11:01:14.272960,bike_85037
2025-12-11T11:01:08.191309,bike_73936
2025-12-11T11:01:08.844140,bike_76030
2025-12-11T11:01:08.604212,bike_09370
2025-12-11T11:01:11.864204,bike_61562
2025-12-11T11:01:16.153384,bike_72671
2025-12-11T11:01:12.333244,bike_17574
2025-12-11T11:01:16.364203,bike_69604
2025-12-11T11:01:15.684184,bike_07186
2025-12-11T11:01:16.312498,bike_70543
2025-12-08T17:01:09.876285,bike_23369
2025-12-11T11:01:15.890051,bike_77780
2025-12-11T11:01:06.944219,bike_21449
2025-12-11T11:01:11.432891,bike_44438
2025-12-11T11:01:05.914732,bike_78735
2025-12-11T11:01:14.870465,bike_61015
2025-12-11T11:01:05.914755,bike_09171
2025-12-11T11:01:08.684199,bike_44537
2025-12-11T11:01:12.453805,bike_50571
2025-12-11T11:01:09.512844,bike_15872
2025-12-11T11:01:16.932133,bike_57643
2025-12-11T11:01:13.744221,bike_73630
2025-12-11T11:01:09.170121,bike_47590
2025-12-11T11:01:07.573530,bike_80052
2025-12-11T11:01:12.791177,bike_89529
2025-12-06T11:01:11.060710,bike_47937
2025-12-11T11:01:07.712125,bike_69556
2025-11-27T23:01:32.846693,bike_16439
2025-12-11T11:01:07.344157,bike_77656
2025-12-11T11:01:15.251799,bike_47540
2025-12-11T11:01:09.444122,bike_16580
2025-12-11T11:01:05.914810,bike_26419
2025-12-11T11:01:06.193061,bike_89373
2025-12-11T05:01:05.390622,bike_62104
2025-12-11T11:01:12.333252,bike_89937
2025-12-11T11:01:16.453650,bike_43140
2025-12-11T11:01:14.870475,bike_78655
2025-12-11T11:01:15.971194,bike_78862
2025-12-11T11:01:12.292660,bike_79836
2025-12-11T11:01:11.473217,bike_21191
2025-12-11T11:01:07.452550,bike_78560
2025-12-11T11:01:13.530631,bike_08857
2025-12-11T11:01:16.524503,bike_67300
2025-12-11T11:01:10.953279,bike_80144
2025-12-11T11:01:10.311317,bike_25912
2025-12-11T11:01:08.124267,bike_77147
2025-12-10T23:01:13.688699,bike_61160
2025-12-11T11:01:12.471139,bike_82805
2025-12-06T17:01:06.353017,bike_68268
2025-12-11T11:01:16.250995,bike_67333
2025-12-11T11:01:07.053496,bike_78935
2025-12-11T11:01:15.711638,bike_76598
2025-12-11T11:01:06.531248,bike_23567
2025-12-11T11:01:11.303710,bike_67874
2025-12-11T11:01:08.684237,bike_57563
2025-12-11T11:01:14.892999,bike_52605
2025-12-11T11:01:11.613513,bike_62200
2025-12-11T11:01:08.104241,bike_16620
2025-12-11T11:01:16.471326,bike_67287
2025-12-11T11:01:06.144159,bike_26232
2025-12-11T11:01:16.433538,bike_53421
2025-12-11T11:01:16.471313,bike_73084
2025-12-11T11:01:12.670191,bike_22838
2025-12-11T11:01:10.653288,bike_74809
2025-12-11T05:01:13.531337,bike_57386
2025-12-11T11:01:16.744153,bike_67106
2025-12-11T11:01:11.330506,bike_45260
2025-12-11T11:01:15.033739,bike_53189
2025-12-02T23:01:08.399652,bike_47953
2025-12-11T11:01:13.211240,bike_43890
2025-12-11T05:01:06.441935,bike_80138
2025-12-11T11:01:08.433342,bike_72481
2025-12-11T11:01:09.051591,bike_70956
2025-12-11T11:01:15.073126,bike_73815
2025-12-11T11:01:15.114028,bike_89995
2025-12-11T05:01:10.050644,bike_44027
2025-12-11T11:01:11.684167,bike_71289
2025-12-11T11:01:07.110037,bike_05177
2025-12-11T11:01:11.073421,bike_63779
2025-12-11T11:01:13.312238,bike_75914
2025-12-11T11:01:14.513429,bike_05451
2025-12-11T11:01:15.350482,bike_57024
2025-12-11T11:01:06.152945,bike_19557
2025-12-11T11:01:16.411286,bike_73377
2025-12-11T11:01:14.804171,bike_73876
2025-12-11T11:01:08.164245,bike_76799
2025-12-11T11:01:06.393152,bike_40297
2025-12-11T11:01:14.831194,bike_88377
2025-12-11T11:01:13.071802,bike_50577
2025-12-11T11:01:10.390882,bike_47129
2025-12-08T23:01:08.077537,bike_58992
2025-12-11T11:01:16.324177,bike_79540
2025-12-11T11:01:15.784217,bike_10885
2025-12-11T11:01:13.744198,bike_68542
2025-12-11T05:01:13.662012,bike_80477
2025-12-11T11:01:07.489218,bike_51040
2025-12-09T23:01:05.051647,bike_48019
2025-12-11T11:01:06.486014,bike_00180
2025-12-11T11:01:07.252840,bike_52360
2025-12-11T11:01:06.993165,bike_56885
2025-12-11T05:01:13.608229,bike_61556
2025-12-11T11:01:14.210078,bike_77576
2025-12-11T11:01:12.953288,bike_52068
2025-12-11T05:01:05.661969,bike_80585
2025-12-11T11:01:13.253661,bike_78952
2025-12-11T11:01:09.332251,bike_00294
2025-12-11T11:01:08.090472,bike_88738
2025-12-11T11:01:08.411013,bike_78731
2025-12-11T11:01:16.673467,bike_53365
2025-12-11T11:01:15.811139,bike_55420
2025-12-11T11:01:13.511634,bike_68137
2025-12-11T05:01:05.767779,bike_56718
2025-12-11T11:01:06.544122,bike_60723
2025-12-11T05:01:11.490565,bike_09443
2025-12-09T11:01:09.599222,bike_12334
2025-11-28T11:01:47.763764,bike_18233
2025-12-11T05:01:11.736913,bike_73772
2025-12-11T11:01:11.944416,bike_69727
2025-12-05T23:01:04.677314,bike_03015
2025-12-11T11:01:06.592740,bike_81043
2025-12-11T05:01:05.868645,bike_46592
2025-12-11T11:01:10.474976,bike_88521
2025-12-11T11:01:16.604257,bike_79597
2025-12-05T17:01:11.082164,bike_67854
2025-12-11T11:01:06.433364,bike_85070
2025-12-06T23:01:07.109541,bike_88692
2025-12-11T11:01:09.051630,bike_43786
2025-12-09T23:01:06.919598,bike_89596
2025-12-11T11:01:08.024190,bike_46121
2025-12-11T11:01:12.484184,bike_61693
2025-12-11T11:01:09.553309,bike_57434
2025-12-11T11:01:14.153435,bike_68553
2025-12-04T17:01:07.633679,bike_89549
2025-12-11T11:01:06.090341,bike_02633
2025-12-11T11:01:16.905415,bike_68608
2025-12-11T11:01:15.324179,bike_44740
2025-12-11T11:01:15.693745,bike_63603
2025-12-11T11:01:14.091718,bike_69256
2025-12-11T11:01:06.704192,bike_44603
2025-12-10T23:01:12.699118,bike_79456
2025-12-11T11:01:08.750005,bike_78151
2025-12-11T11:01:06.944184,bike_43894
2025-12-11T11:01:11.791887,bike_25731
2025-12-11T05:01:09.967994,bike_77038
2025-12-11T11:01:13.893752,bike_71270
2025-12-11T11:01:08.251474,bike_70043
2025-12-11T11:01:14.392705,bike_68840
2025-12-11T11:01:07.724979,bike_58159
2025-12-11T11:01:10.230107,bike_45023
2025-12-06T11:01:11.280312,bike_62083
2025-12-11T11:01:08.970822,bike_62031
2025-12-10T23:01:05.269104,bike_88418
2025-12-11T11:01:15.264270,bike_79481
2025-12-11T05:01:12.510895,bike_85172
2025-12-11T11:01:16.453626,bike_45535
2025-12-11T05:01:11.170607,bike_60436
2025-12-11T11:01:11.778464,bike_67976
2025-12-11T11:01:12.010519,bike_80055
2025-12-11T11:01:16.873261,bike_39472
2025-12-11T11:01:06.553029,bike_16350
2025-12-11T11:01:06.129989,bike_53080
2025-12-11T11:01:12.653094,bike_69359
2025-12-11T11:01:14.730597,bike_72630
2025-12-11T11:01:08.930828,bike_16689
2025-12-11T11:01:09.032968,bike_70200
2025-12-11T11:01:14.853043,bike_67446
2025-12-02T11:01:08.045017,bike_71884
2025-12-11T11:01:08.392846,bike_74939
2025-12-11T11:01:10.873422,bike_72595
2025-12-11T11:01:13.724270,bike_61315
2025-12-11T11:01:12.524165,bike_23410
2025-12-11T11:01:08.684215,bike_08781
2025-12-11T05:01:11.109849,bike_70753
2025-12-11T11:01:07.092906,bike_16271
2025-12-10T11:01:10.960055,bike_60632
2025-12-11T11:01:14.053084,bike_75027
2025-12-11T11:01:15.104195,bike_61528
2025-12-04T17:01:10.853728,bike_67167
2025-12-11T11:01:08.173767,bike_45190
2025-12-11T11:01:15.653306,bike_52824
2025-12-11T11:01:14.432773,bike_73450
2025-12-11T11:01:10.451413,bike_63634
2025-12-11T11:01:12.324198,bike_72330
2025-12-06T17:01:06.825907,bike_88611
2025-12-11T11:01:11.490725,bike_67680
2025-12-11T11:01:10.294080,bike_44176
2025-12-11T11:01:14.004291,bike_45510
2025-12-11T11:01:10.024122,bike_69458
2025-12-11T11:01:09.492661,bike_80903
2025-12-11T11:01:16.471316,bike_08618
2025-12-11T11:01:13.324200,bike_51624
2025-12-11T11:01:06.184127,bike_88898
2025-12-11T11:01:11.330482,bike_88663
2025-12-04T17:01:14.215493,bike_24556
2025-11-28T17:01:09.913306,bike_76885
2025-12-11T11:01:09.153057,bike_74951
2025-12-11T11:01:06.633216,bike_20560
2025-12-11T11:01:06.064096,bike_44370
2025-12-11T11:01:15.192907,bike_71637
2025-12-11T11:01:10.284233,bike_44506
2025-12-11T11:01:13.973694,bike_82513
2025-12-11T11:01:08.984178,bike_19690
2025-12-11T11:01:12.904177,bike_43402
2025-12-11T11:01:07.190919,bike_07867
2025-12-11T11:01:16.890655,bike_47858
2025-12-11T11:01:08.552119,bike_89896
2025-12-11T11:01:07.244213,bike_24260
2025-12-11T11:01:12.804210,bike_69148
2025-12-11T11:01:14.553301,bike_80517
2025-12-11T11:01:09.711232,bike_18061
2025-12-11T11:01:06.544113,bike_71979
2025-12-11T11:01:09.984140,bike_71931
2025-12-11T11:01:15.192928,bike_46685
2025-12-11T11:01:08.830086,bike_46227
2025-12-11T11:01:09.711267,bike_55747
2025-12-11T11:01:07.452511,bike_78441
2025-12-11T05:01:06.681383,bike_74961
2025-12-11T05:01:13.582067,bike_17639
2025-12-11T11:01:15.632082,bike_73519
2025-12-11T11:01:10.772850,bike_48093
2025-12-11T11:01:16.113568,bike_89629
2025-12-11T11:01:16.393076,bike_03406
2025-12-11T11:01:08.830023,bike_42716
2025-12-11T11:01:16.832749,bike_69546
2025-12-11T11:01:08.204330,bike_17427
2025-12-11T11:01:11.124148,bike_22002
2025-12-11T11:01:12.484134,bike_88775
2025-12-11T11:01:13.293252,bike_75468
2025-12-11T11:01:14.031082,bike_45801
2025-12-07T05:01:01.124329,bike_69633
2025-12-11T11:01:06.553067,bike_73290
2025-12-11T11:01:07.244193,bike_78065
2025-12-06T23:01:06.445057,bike_43495
2025-11-30T05:01:15.178660,bike_46124
2025-12-10T23:01:14.688777,bike_61093
2025-12-11T05:01:02.430349,bike_58982
2025-12-11T11:01:12.333250,bike_41445
2025-12-11T11:01:13.753357,bike_71313
2025-12-11T11:01:08.411028,bike_24628
2025-12-10T17:01:05.140905,bike_78370
2025-12-11T11:01:10.644150,bike_73048
2025-12-11T11:01:14.910381,bike_21887
2025-12-11T11:01:11.384168,bike_71848
2025-12-11T11:01:13.604204,bike_43866
2025-12-11T11:01:11.370626,bike_03063
2025-12-11T11:01:16.784122,bike_81230
2025-12-11T11:01:15.430688,bike_17424
2025-12-11T11:01:16.332973,bike_03851
2025-12-11T11:01:17.009687,bike_21847
2025-12-11T11:01:15.504172,bike_50782
2025-12-11T11:01:11.353168,bike_89816
2025-12-11T11:01:06.313012,bike_85196
2025-12-11T11:01:15.544201,bike_71769
2025-12-11T11:01:09.953254,bike_78729
2025-12-11T11:01:08.124313,bike_02599
2025-12-11T11:01:14.844141,bike_89761
2025-12-11T11:01:10.953255,bike_43007
2025-12-11T11:01:06.352874,bike_45483
2025-12-11T11:01:16.144226,bike_17157
2025-12-11T11:01:14.370172,bike_67152
2025-12-11T11:01:09.732752,bike_85258
2025-12-11T11:01:16.224256,bike_47191
2025-12-11T11:01:12.644120,bike_72821
2025-12-11T11:01:16.613246,bike_70278
2025-12-09T17:01:14.247955,bike_47945
2025-12-11T11:01:09.944210,bike_78890
2025-12-04T05:01:03.762624,bike_52567
2025-11-29T17:01:05.241709,bike_43718
2025-12-11T11:01:10.033296,bike_70214
2025-12-11T11:01:06.784174,bike_79271
2025-11-30T17:01:06.484691,bike_79384
2025-12-11T11:01:11.791856,bike_16158
2025-12-11T11:01:13.553652,bike_42827
2025-12-11T11:01:13.904206,bike_67326
2025-12-11T11:01:06.873135,bike_69213
2025-12-11T11:01:07.344196,bike_63636
2025-12-11T05:01:03.461981,bike_74887
2025-12-11T11:01:16.312475,bike_62161
2025-12-11T11:01:10.513528,bike_57365
2025-12-11T11:01:16.604295,bike_81192
2025-12-11T11:01:10.930135,bike_17513
2025-12-11T05:01:11.241995,bike_09186
2025-12-11T11:01:08.371201,bike_18406
2025-12-11T11:01:16.104118,bike_70521
2025-12-11T11:01:12.629913,bike_00815
2025-12-11T11:01:10.073755,bike_79847
2025-12-11T11:01:12.612621,bike_17431
2025-12-11T11:01:08.133306,bike_85065
2025-12-11T11:01:08.830099,bike_08218
2025-12-11T11:01:06.232680,bike_58336
2025-12-11T11:01:16.153408,bike_11562
2025-12-11T11:01:14.544241,bike_24462
2025-12-11T11:01:14.813165,bike_51631
2025-12-11T05:01:02.741942,bike_78906
2025-12-01T05:01:04.742873,bike_53169
2025-12-08T17:01:10.825252,bike_75012
2025-12-11T11:01:11.604184,bike_80354
2025-12-11T11:01:15.153104,bike_09491
2025-12-11T11:01:07.124309,bike_57390
2025-12-11T11:01:05.914769,bike_46585
2025-12-11T11:01:06.744108,bike_82314
2025-12-11T11:01:12.612646,bike_21482
2025-12-11T11:01:10.164179,bike_20800
2025-12-11T11:01:09.773216,bike_82507
2025-12-11T05:01:05.407640,bike_79495
2025-12-04T17:01:10.712676,bike_50254
2025-12-11T11:01:06.010713,bike_75839
2025-12-11T11:01:13.354904,bike_56111
2025-11-27T18:03:38.725160,bike_89550
2025-12-11T11:01:10.632272,bike_53262
2025-12-11T05:01:08.341962,bike_75039
2025-12-11T11:01:06.129968,bike_71066
2025-12-11T11:01:06.704144,bike_10849
2025-12-11T11:01:11.804178,bike_45776
2025-12-02T17:01:09.559000,bike_04429
2025-12-06T17:01:10.363875,bike_69462
2025-12-11T11:01:12.204137,bike_81470
2025-12-10T17:01:02.046759,bike_75079
2025-12-09T23:01:08.311501,bike_24584
2025-12-11T11:01:10.204082,bike_04275
2025-12-09T11:01:12.673804,bike_75393
2025-12-11T11:01:06.152890,bike_07094
2025-12-11T11:01:13.973680,bike_43344
2025-12-11T11:01:12.953286,bike_51241
2025-12-11T11:01:07.613066,bike_52704
2025-12-11T11:01:13.544217,bike_67635
2025-12-06T17:01:11.292586,bike_63349
2025-12-11T05:01:04.621967,bike_74636
2025-12-11T11:01:08.331979,bike_76817
2025-12-11T11:01:08.232201,bike_25284
2025-12-11T11:01:14.773103,bike_58192
2025-12-11T11:01:07.292125,bike_67900
2025-12-11T11:01:08.953376,bike_80246
2025-12-11T11:01:06.691070,bike_53394
2025-12-11T11:01:10.284217,bike_61486
2025-12-11T11:01:15.764270,bike_56233
2025-12-11T11:01:16.010676,bike_47076
2025-12-11T11:01:09.813736,bike_55019
2025-12-11T11:01:14.804218,bike_73184
2025-12-11T11:01:09.993130,bike_42877
2025-12-11T11:01:15.251786,bike_79417
2025-12-11T11:01:12.573672,bike_76361
2025-12-11T05:01:02.987928,bike_75143
2025-12-11T11:01:11.124123,bike_75127
2025-12-11T11:01:13.404187,bike_47096
2025-12-11T11:01:09.470458,bike_47425
2025-12-11T11:01:08.491063,bike_52428
2025-12-11T11:01:14.571005,bike_12498
2025-12-02T17:01:10.300880,bike_73326
2025-12-11T11:01:08.353224,bike_43849
2025-12-11T11:01:06.792937,bike_13231
2025-12-11T11:01:10.571935,bike_55107
2025-12-11T11:01:16.411267,bike_23387
2025-12-11T11:01:06.810081,bike_25628
2025-12-11T11:01:08.530652,bike_67269
2025-12-11T05:01:07.101875,bike_72964
2025-12-09T17:01:07.779323,bike_68880
2025-12-11T11:01:11.604213,bike_51494
2025-12-11T11:01:10.900222,bike_76049
2025-12-11T11:01:07.384225,bike_79565
2025-12-11T11:01:12.213355,bike_20209
2025-12-11T11:01:11.889444,bike_70831
2025-12-11T11:01:14.013668,bike_67498
2025-12-11T11:01:12.073038,bike_02541
2025-12-11T11:01:07.312834,bike_72253
2025-12-11T11:01:11.724176,bike_58975
2025-12-11T05:01:09.541928,bike_71729
2025-12-11T11:01:08.264226,bike_52160
2025-12-11T11:01:15.544204,bike_52153
2025-12-11T11:01:13.753395,bike_52467
2025-12-11T11:01:16.299270,bike_14950
2025-12-07T17:01:10.087732,bike_52003
2025-12-11T11:01:15.653299,bike_45193
2025-12-11T11:01:09.544168,bike_47802
2025-12-11T11:01:16.350889,bike_10724
2025-12-11T11:01:13.521113,bike_08212
2025-12-11T11:01:07.312852,bike_63297
2025-12-11T11:01:09.264236,bike_52538
2025-12-11T11:01:08.573659,bike_88809
2025-12-11T11:01:13.224229,bike_68442
2025-12-11T11:01:07.452553,bike_46017
2025-12-11T11:01:10.971280,bike_46653
2025-12-11T11:01:15.670816,bike_46607
2025-12-11T11:01:14.224158,bike_52692
2025-12-11T11:01:08.241833,bike_70838
2025-12-11T11:01:12.890571,bike_71803
2025-12-11T11:01:09.584111,bike_47188
2025-12-03T17:01:06.674186,bike_20193
2025-12-11T11:01:16.630967,bike_22018
2025-12-11T11:01:12.890589,bike_74222
2025-12-11T11:01:14.353183,bike_47759
2025-12-11T11:01:15.113991,bike_62322
2025-12-11T11:01:08.891807,bike_19916
2025-12-11T05:01:07.746173,bike_81741
2025-12-11T11:01:10.998428,bike_89003
2025-12-11T11:01:09.232426,bike_52684
2025-12-11T11:01:11.912950,bike_52821
2025-12-11T11:01:14.744214,bike_60747
2025-12-11T11:01:14.831161,bike_77313
2025-12-11T11:01:13.530626,bike_70366
2025-12-11T11:01:13.744250,bike_69054
2025-12-11T11:01:07.424159,bike_89313
2025-12-11T05:01:03.210119,bike_19904
2025-12-07T11:01:04.248502,bike_06042
2025-12-11T11:01:11.564031,bike_04879
2025-12-06T05:01:07.643332,bike_15322
2025-12-11T11:01:12.564204,bike_73242
2025-12-11T11:01:09.844192,bike_10942
2025-12-11T11:01:09.613339,bike_51457
2025-12-11T11:01:09.024172,bike_67386
2025-12-11T11:01:08.124283,bike_47704
2025-12-11T11:01:14.504212,bike_60370
2025-12-11T11:01:13.364583,bike_09888
2025-12-11T11:01:14.679322,bike_82868
2025-12-11T11:01:10.243583,bike_88272
2025-12-11T11:01:10.294036,bike_63658
2025-12-11T11:01:10.745485,bike_74819
2025-12-10T23:01:06.765378,bike_58433
2025-12-11T11:01:07.744208,bike_81651
2025-12-11T11:01:11.813274,bike_78630
2025-12-11T11:01:10.464194,bike_72412
2025-12-11T11:01:06.913363,bike_75876
2025-12-11T11:01:10.230093,bike_11481
2025-12-11T05:01:02.671261,bike_52682
2025-12-11T11:01:09.129969,bike_43029
2025-12-11T11:01:17.031229,bike_72439
2025-12-11T11:01:16.551445,bike_52750
2025-12-11T11:01:13.452789,bike_08063
2025-12-11T11:01:14.804169,bike_55133
2025-12-11T11:01:10.504231,bike_70979
2025-11-30T05:01:13.789621,bike_80646
2025-12-11T11:01:07.970113,bike_79798
2025-12-11T11:01:16.104175,bike_47841
2025-12-11T05:01:05.621964,bike_44154
2025-12-03T11:01:09.741275,bike_51719
2025-12-11T11:01:14.193067,bike_67000
2025-12-11T11:01:16.393079,bike_43532
2025-12-11T11:01:10.772863,bike_47607
2025-12-11T11:01:16.873277,bike_73435
2025-12-11T11:01:16.792895,bike_76071
2025-12-11T11:01:07.084162,bike_81159
2025-12-11T11:01:16.490564,bike_23674
2025-12-11T11:01:11.944419,bike_78190
2025-12-07T17:01:11.335756,bike_61429
2025-12-11T11:01:13.184328,bike_46426
2025-12-11T11:01:13.613441,bike_77490
2025-12-11T11:01:08.670563,bike_23035
2025-12-11T11:01:16.704209,bike_68371
2025-12-11T11:01:06.033025,bike_70279
2025-12-09T17:01:08.668477,bike_77934
2025-12-11T11:01:12.653091,bike_69656
2025-12-11T11:01:13.184319,bike_70952
2025-12-11T11:01:11.190619,bike_67264
2025-12-11T11:01:06.129997,bike_53153
2025-12-11T11:01:08.684167,bike_74552
2025-12-11T11:01:08.411005,bike_85300
2025-12-11T11:01:07.550538,bike_11393
2025-12-11T11:01:09.530361,bike_44781
2025-12-09T23:01:10.583174,bike_76700
2025-12-11T11:01:09.984170,bike_52148
2025-12-11T11:01:15.793662,bike_76127
2025-12-11T11:01:06.104080,bike_80373
2025-12-11T11:01:14.130716,bike_89879
2025-12-11T11:01:06.152904,bike_05225
2025-12-11T11:01:08.024226,bike_44169
2025-12-11T11:01:16.104149,bike_81669
2025-12-11T05:01:09.753419,bike_52554
2025-12-11T11:01:12.971132,bike_18043
2025-12-11T11:01:09.631248,bike_78096
2025-12-11T11:01:16.691287,bike_51597
2025-12-05T23:01:12.741523,bike_68384
2025-12-11T11:01:08.164240,bike_77204
2025-12-08T05:01:10.432068,bike_71522
2025-12-11T11:01:14.324186,bike_75995
2025-12-11T11:01:06.344058,bike_10639
2025-12-11T11:01:17.031197,bike_78987
2025-12-11T11:01:16.944254,bike_51084
2025-12-11T11:01:11.450495,bike_81533
2025-12-11T05:01:03.827398,bike_55104
2025-12-11T11:01:11.464241,bike_62703
2025-12-11T11:01:06.504366,bike_24414
2025-12-11T11:01:06.352913,bike_67649
2025-12-11T11:01:06.064071,bike_51119
2025-12-11T11:01:10.373318,bike_77639
2025-12-11T11:01:14.609833,bike_89887
2025-12-11T11:01:06.344073,bike_80482
2025-11-28T23:01:06.671292,bike_75396
2025-12-11T11:01:08.473409,bike_07774
2025-11-28T23:01:04.385668,bike_55604
2025-12-11T11:01:09.930929,bike_16846
2025-12-11T11:01:10.890943,bike_51048
2025-12-11T11:01:09.470474,bike_10621
2025-12-11T11:01:16.312495,bike_07321
2025-12-11T11:01:10.333444,bike_76823
2025-12-11T11:01:11.490756,bike_89813
2025-12-11T11:01:16.211569,bike_44612
2025-11-30T11:01:04.107260,bike_57364
2025-12-11T11:01:06.731133,bike_72878
2025-12-11T11:01:06.953077,bike_08779
2025-12-11T11:01:14.632799,bike_77886
2025-12-11T11:01:13.584217,bike_53441
2025-12-11T05:01:09.621938,bike_56311
2025-12-11T11:01:15.684179,bike_77508
2025-12-11T11:01:16.131060,bike_71845
2025-12-11T11:01:10.294071,bike_75827
2025-12-11T11:01:12.190426,bike_46072
2025-12-11T11:01:09.264234,bike_85392
2025-12-11T11:01:08.604167,bike_74886
2025-12-06T17:01:13.626091,bike_88732
2025-12-11T11:01:07.164142,bike_89242
2025-12-11T11:01:16.824131,bike_11554
2025-12-11T11:01:12.813057,bike_42597
2025-12-11T11:01:11.630913,bike_89936
2025-12-11T11:01:11.692794,bike_79439
2025-12-11T11:01:16.153410,bike_70139
2025-12-11T11:01:08.630105,bike_10970
2025-12-11T11:01:14.491402,bike_21684
2025-12-11T11:01:13.521098,bike_53241
2025-12-11T11:01:16.299255,bike_69150
2025-12-11T05:01:09.950983,bike_61570
2025-12-11T11:01:09.305186,bike_77995
2025-12-11T05:01:06.712629,bike_68615
2025-12-11T11:01:12.090370,bike_81713
2025-12-11T11:01:15.350499,bike_02896
2025-12-11T11:01:13.470830,bike_50786
2025-12-11T11:01:16.481062,bike_67786
2025-12-11T11:01:12.524173,bike_63776
2025-12-11T11:01:13.452746,bike_67015
2025-12-11T11:01:08.290468,bike_73230
2025-12-11T11:01:10.864139,bike_88567
2025-12-11T11:01:15.733446,bike_50297
2025-12-11T11:01:09.384137,bike_51967
2025-12-11T11:01:13.364603,bike_79237
2025-12-11T11:01:09.944218,bike_44412
2025-12-11T11:01:09.305199,bike_77686
2025-12-11T11:01:16.673489,bike_09500
2025-12-11T11:01:11.904224,bike_88929
2025-12-10T05:01:02.424935,bike_89699
2025-12-11T11:01:08.612971,bike_47095
2025-12-11T11:01:11.692799,bike_60135
2025-12-11T11:01:11.173196,bike_23459
2025-12-11T05:01:02.323583,bike_89569
2025-12-11T11:01:08.830066,bike_75527
2025-12-11T11:01:08.090470,bike_46444
2025-12-11T11:01:11.064187,bike_77381
2025-12-11T11:01:16.944201,bike_70012
2025-11-30T05:01:13.168552,bike_76749
2025-12-11T11:01:07.533075,bike_76733
2025-12-11T11:01:10.104191,bike_67964
2025-12-11T11:01:09.144162,bike_67889
2025-12-11T11:01:16.490611,bike_67188
2025-12-11T11:01:07.356451,bike_50612
2025-12-11T11:01:12.573713,bike_50637
2025-12-11T11:01:07.970134,bike_57543
2025-12-11T11:01:12.010482,bike_89678
2025-12-11T11:01:11.778502,bike_74859
2025-12-11T11:01:11.024147,bike_78080
2025-12-11T11:01:15.473190,bike_61297
2025-12-11T11:01:10.844184,bike_22049
2025-12-11T11:01:10.451461,bike_51820
2025-12-11T11:01:07.792814,bike_67929
2025-12-11T11:01:15.464173,bike_60832
2025-12-11T05:01:04.088399,bike_81680
2025-12-11T11:01:09.764164,bike_52348
2025-12-11T11:01:11.204173,bike_60622
2025-12-11T11:01:08.552114,bike_75883
2025-12-11T11:01:11.872799,bike_46445
2025-12-11T11:01:07.133061,bike_74229
2025-12-11T11:01:10.113585,bike_81133
2025-12-11T11:01:09.090433,bike_70477
2025-12-11T11:01:07.864159,bike_52790
2025-12-11T11:01:16.290102,bike_52341
2025-12-11T11:01:11.904181,bike_89651
2025-11-29T23:01:05.353406,bike_03466
2025-12-11T11:01:13.184304,bike_57533
2025-12-11T11:01:11.630890,bike_71847
2025-12-11T11:01:07.771085,bike_80650
2025-12-09T23:01:05.449876,bike_88119
2025-12-10T05:01:03.220648,bike_21355
2025-12-11T11:01:06.609828,bike_17576
2025-12-04T23:01:06.520453,bike_85397
2025-12-11T11:01:10.364229,bike_85332
2025-12-11T11:01:06.784115,bike_23185
2025-12-11T11:01:08.904128,bike_04070
2025-12-11T11:01:14.409891,bike_70991
2025-12-11T11:01:14.184155,bike_46611
2025-12-11T11:01:13.584181,bike_62574
2025-12-11T11:01:09.693422,bike_89827
2025-12-11T11:01:12.993690,bike_73091
2025-12-10T11:01:07.490223,bike_72367
2025-12-11T11:01:13.354876,bike_16637
2025-12-11T11:01:09.512800,bike_85199
2025-12-11T11:01:08.904171,bike_20260
2025-12-11T11:01:15.632111,bike_51912
2025-12-11T11:01:06.752945,bike_11861
2025-12-11T11:01:16.973443,bike_69377
2025-12-11T11:01:12.804170,bike_45618
2025-12-11T11:01:14.553306,bike_43595
2025-12-11T11:01:15.144131,bike_46589
2025-12-11T11:01:06.292424,bike_73908
2025-12-11T11:01:11.392911,bike_48008
2025-12-11T11:01:16.769786,bike_85035
2025-12-11T11:01:09.113097,bike_80683
2025-12-11T11:01:05.924232,bike_50203
2025-12-11T11:01:14.531116,bike_69018
2025-12-07T17:01:04.294978,bike_77889
2025-12-11T11:01:11.992842,bike_62690
2025-12-10T17:01:09.657674,bike_44046
2025-12-11T11:01:06.410645,bike_57474
2025-12-11T11:01:10.790782,bike_81668
2025-12-11T11:01:11.970331,bike_51337
2025-12-11T11:01:10.584201,bike_61611
2025-12-10T11:01:07.173376,bike_89476
2025-12-11T11:01:13.354892,bike_80413
2025-12-11T11:01:08.164263,bike_12536
2025-12-11T11:01:08.173777,bike_16112
2025-12-11T11:01:10.804112,bike_43902
2025-12-11T11:01:16.233651,bike_78461
2025-12-08T17:01:11.272026,bike_75070
2025-12-11T05:01:05.970942,bike_80469
2025-12-11T11:01:14.553343,bike_62914
2025-12-11T11:01:11.912934,bike_79797
2025-12-11T11:01:16.730401,bike_17111
2025-12-11T11:01:16.504199,bike_46504
2025-12-11T11:01:07.133068,bike_10334
2025-12-11T11:01:09.684161,bike_46410
2025-12-11T11:01:07.672410,bike_77025
2025-12-11T11:01:16.393117,bike_74250
2025-12-11T11:01:06.953098,bike_51383
2025-12-11T11:01:16.730382,bike_88108
2025-12-11T11:01:06.650538,bike_44078
2025-12-11T11:01:11.590680,bike_75740
2025-12-11T11:01:12.913200,bike_15548
2025-12-11T11:01:11.290378,bike_52717
2025-12-11T11:01:14.624153,bike_68065
2025-12-11T11:01:06.873130,bike_42601
2025-12-11T11:01:13.184337,bike_80527
2025-12-11T11:01:08.564411,bike_43617
2025-12-11T11:01:06.993212,bike_03698
2025-12-08T23:01:09.206288,bike_78652
2025-12-11T11:01:15.210109,bike_73395
2025-12-11T11:01:06.664187,bike_50508
2025-12-11T11:01:14.670923,bike_17720
2025-12-11T11:01:16.211537,bike_76990
2025-12-11T11:01:11.904170,bike_72874
2025-12-11T11:01:12.144154,bike_62657
2025-12-11T11:01:11.744187,bike_45861
2025-12-11T11:01:06.313009,bike_79080
2025-12-11T05:01:05.931098,bike_47626
2025-12-11T11:01:07.851018,bike_81792
2025-12-11T11:01:16.299249,bike_51958
2025-12-11T05:01:10.171289,bike_00256
2025-12-11T11:01:15.984224,bike_58106
2025-12-11T11:01:11.590637,bike_03452
2025-12-11T11:01:10.024169,bike_74906
2025-12-11T11:01:12.050642,bike_74524
2025-12-11T11:01:07.470156,bike_41002
2025-12-11T11:01:06.832981,bike_77295
2025-12-11T11:01:09.870766,bike_89779
2025-12-10T23:01:05.858345,bike_69513
2025-12-11T11:01:12.644113,bike_89231
2025-12-11T11:01:15.144206,bike_89946
2025-12-11T11:01:15.944138,bike_45845
2025-12-11T11:01:13.553608,bike_23089
2025-12-11T11:01:08.992889,bike_45181
2025-12-11T11:01:05.959949,bike_72885
2025-12-11T11:01:11.113337,bike_89738
2025-12-11T11:01:10.531073,bike_89447
2025-12-11T05:01:10.588844,bike_70454
2025-12-11T11:01:11.012480,bike_44637
2025-12-11T11:01:15.890010,bike_19503
2025-12-11T11:01:13.430840,bike_16661
2025-12-11T11:01:14.224191,bike_24280
2025-11-28T05:01:27.910299,bike_88989
2025-12-11T11:01:09.724122,bike_58196
2025-12-11T11:01:08.904131,bike_07609
2025-12-11T11:01:17.070140,bike_42600
2025-12-11T11:01:15.473208,bike_88905
2025-12-11T05:01:04.961973,bike_42838
2025-12-11T11:01:13.193777,bike_77379
2025-12-11T11:01:12.131886,bike_73753
2025-12-11T11:01:11.653140,bike_50708
2025-12-11T11:01:14.013717,bike_52369
2025-12-11T11:01:13.271536,bike_75597
2025-12-11T11:01:05.993453,bike_21544
2025-12-11T11:01:09.544194,bike_77865
2025-12-11T11:01:13.111289,bike_89347
2025-12-11T11:01:06.832995,bike_22769
2025-12-11T11:01:15.724204,bike_74188
2025-12-10T17:01:03.088208,bike_79356
2025-12-11T11:01:07.356485,bike_73709
2025-12-11T11:01:06.971012,bike_72196
2025-12-11T11:01:10.091014,bike_18889
2025-12-11T11:01:12.524162,bike_73495
2025-12-11T11:01:06.513948,bike_50908
2025-12-11T11:01:16.573742,bike_69045
2025-12-11T11:01:11.410530,bike_72798
2025-12-11T11:01:13.153235,bike_85345
2025-12-11T11:01:14.409921,bike_89453
2025-12-02T17:01:03.875025,bike_60262
2025-12-11T05:01:06.911497,bike_81479
2025-12-11T11:01:14.353188,bike_80061
2025-12-11T11:01:13.584225,bike_52624
2025-12-11T11:01:08.290461,bike_72242
2025-12-11T11:01:06.371583,bike_57862
2025-12-11T11:01:07.510731,bike_77552
2025-12-04T23:01:13.720953,bike_88107
2025-12-04T17:01:11.164629,bike_20859
2025-12-11T11:01:13.024225,bike_17337
2025-12-11T11:01:16.350894,bike_79618
2025-12-10T05:01:04.951723,bike_72879
2025-12-11T11:01:09.631258,bike_81148
2025-12-11T11:01:12.114140,bike_68522
2025-12-11T11:01:12.390257,bike_03974
2025-11-28T17:01:11.165385,bike_77021
2025-12-11T11:01:13.511639,bike_07263
2025-12-08T05:01:07.734845,bike_55164
2025-12-11T11:01:14.730543,bike_46054
2025-12-11T11:01:08.332008,bike_89589
2025-12-11T11:01:15.584204,bike_17361
2025-12-11T11:01:07.523763,bike_79909
2025-12-10T11:01:02.973519,bike_73996
2025-12-11T11:01:17.044185,bike_88650
2025-12-11T11:01:12.873263,bike_16433
2025-12-11T11:01:06.279312,bike_76923
2025-12-11T11:01:10.711320,bike_52592
2025-12-11T11:01:13.024239,bike_03193
2025-12-11T11:01:11.710015,bike_72431
2025-12-11T11:01:14.649833,bike_24858
2025-12-11T11:01:08.804133,bike_81452
2025-12-11T11:01:08.904094,bike_24262
2025-12-11T11:01:06.609865,bike_52616
2025-12-11T11:01:07.230434,bike_56485
2025-12-09T23:01:05.983148,bike_57922
2025-12-11T11:01:11.303670,bike_20037
2025-12-11T11:01:13.470844,bike_56103
2025-12-11T11:01:06.691090,bike_51955
2025-12-03T23:01:04.831251,bike_04583
2025-12-11T05:01:09.248308,bike_52559
2025-12-11T11:01:11.173182,bike_56331
2025-12-11T11:01:09.930938,bike_25498
2025-12-11T05:01:04.622004,bike_13302
2025-12-11T11:01:10.252966,bike_80375
2025-12-11T05:01:06.170949,bike_77413
2025-12-10T23:01:07.266725,bike_55327
2025-12-04T11:01:16.000649,bike_47272
2025-12-11T11:01:06.650524,bike_05634
2025-12-11T11:01:09.244176,bike_80743
2025-12-11T11:01:16.333000,bike_75256
2025-12-11T11:01:06.329901,bike_50658
2025-12-11T11:01:14.449852,bike_46584
2025-12-11T11:01:08.304227,bike_74562
2025-12-11T11:01:14.344190,bike_47752
2025-12-11T11:01:08.164224,bike_39136
2025-12-11T11:01:12.144156,bike_60889
2025-12-11T11:01:08.150672,bike_05430
2025-12-11T11:01:06.609853,bike_88093
2025-12-11T11:01:11.791854,bike_73702
2025-12-09T23:01:13.303078,bike_88637
2025-12-11T11:01:12.791146,bike_88908
2025-12-11T11:01:12.144179,bike_85266
2025-12-11T11:01:13.544206,bike_16560
2025-12-11T11:01:16.810288,bike_24675
2025-12-11T11:01:15.904168,bike_68088
2025-12-11T11:01:08.891780,bike_21343
2025-12-11T05:01:08.831533,bike_50407
2025-12-11T11:01:06.832985,bike_58747
2025-12-09T23:01:06.919546,bike_03494
2025-12-11T11:01:14.624168,bike_85107
2025-12-11T11:01:12.573649,bike_56250
2025-12-11T11:01:15.984232,bike_25636
2025-12-11T11:01:10.864154,bike_76386
2025-12-10T11:01:07.558975,bike_50478
2025-12-10T05:01:12.217039,bike_76419
2025-12-11T11:01:10.873434,bike_89367
2025-12-11T11:01:15.073100,bike_10883
2025-12-11T11:01:06.249270,bike_89877
2025-12-11T11:01:11.133309,bike_88485
2025-12-11T11:01:13.951909,bike_72633
2025-12-11T11:01:14.531094,bike_17183
2025-12-11T11:01:10.971259,bike_76553
2025-12-11T11:01:12.284105,bike_81722
2025-12-11T11:01:05.959986,bike_77167
2025-12-11T11:01:10.024159,bike_44671
2025-12-11T11:01:15.820027,bike_88713
2025-12-11T11:01:12.773552,bike_51868
2025-12-04T23:01:11.131725,bike_62659
2025-12-11T11:01:06.570670,bike_76043
2025-12-11T11:01:11.653169,bike_55898
2025-12-11T11:01:12.724200,bike_47784
2025-12-11T11:01:09.273357,bike_79395
2025-12-11T05:01:06.228798,bike_61218
2025-12-11T11:01:09.051582,bike_71152
2025-12-10T11:01:09.828783,bike_78230
2025-12-05T17:01:10.939845,bike_62515
2025-12-11T11:01:09.153116,bike_23186
2025-12-11T11:01:10.324151,bike_25000
2025-12-04T11:01:06.311864,bike_44424
2025-12-11T11:01:07.252802,bike_55921
2025-12-11T11:01:08.512922,bike_46192
2025-12-05T05:01:11.157144,bike_45894
2025-12-11T11:01:13.964185,bike_50239
2025-12-11T11:01:14.773040,bike_46683
2025-12-11T11:01:11.151279,bike_50732
2025-12-11T11:01:14.392707,bike_15129
2025-12-11T11:01:13.684207,bike_51431
2025-12-11T11:01:05.959951,bike_50608
2025-12-11T11:01:07.833371,bike_57665
2025-12-11T11:01:11.392922,bike_50185
2025-12-11T11:01:16.932141,bike_10911
2025-12-11T11:01:08.992879,bike_73811
2025-12-11T11:01:11.992854,bike_44390
2025-12-11T11:01:08.953460,bike_16203
2025-12-11T11:01:13.884568,bike_23102
2025-12-11T11:01:06.744151,bike_45106
2025-12-11T11:01:06.752943,bike_55937
2025-12-11T11:01:10.831101,bike_16853
2025-12-11T11:01:07.550554,bike_24207
2025-12-11T11:01:05.950627,bike_21100
2025-12-11T11:01:10.873378,bike_72270
2025-12-11T11:01:12.984297,bike_77910
2025-12-11T11:01:15.764218,bike_81739
2025-12-11T11:01:06.270308,bike_72865
2025-12-11T11:01:10.243543,bike_79199
2025-12-10T23:01:06.716808,bike_72990
2025-12-11T11:01:12.844181,bike_43300
2025-12-11T11:01:06.270319,bike_51797
2025-11-27T18:03:36.125159,bike_89791
2025-12-11T11:01:09.273330,bike_67775
2025-12-11T11:01:10.930133,bike_81787
2025-12-11T11:01:13.354850,bike_86053
2025-11-29T23:01:13.772040,bike_24404
2025-12-11T11:01:14.553309,bike_78901
2025-12-11T11:01:06.129962,bike_00598
2025-12-11T11:01:11.303688,bike_51601
2025-12-11T11:01:13.413594,bike_75384
2025-12-11T11:01:07.824183,bike_52558
2025-12-11T11:01:14.870504,bike_02070
2025-12-11T11:01:07.393476,bike_71667
2025-12-11T11:01:07.252810,bike_50374
2025-12-11T11:01:14.853074,bike_08846
2025-12-11T11:01:06.304109,bike_47696
2025-12-11T11:01:16.211555,bike_72272
2025-12-11T11:01:11.613510,bike_45554
2025-12-11T11:01:14.449854,bike_07166
2025-12-11T11:01:12.064134,bike_69539
2025-12-08T11:01:06.445275,bike_82258
2025-12-11T11:01:07.164140,bike_42833
2025-12-11T11:01:06.477043,bike_06868
2025-12-11T11:01:09.244165,bike_51029
2025-12-11T11:01:07.694431,bike_56617
2025-12-11T11:01:15.793659,bike_61408
2025-12-11T11:01:17.000100,bike_26341
2025-12-11T11:01:09.870738,bike_80900
2025-12-11T11:01:09.129943,bike_70199
2025-12-11T11:01:07.270058,bike_22990
2025-12-11T11:01:06.104040,bike_09718
2025-12-11T11:01:15.684217,bike_75416
2025-12-11T11:01:16.090128,bike_45610
2025-12-11T11:01:12.550685,bike_78868
2025-12-11T11:01:09.892543,bike_61558
2025-12-11T11:01:07.092898,bike_58841
2025-12-11T11:01:09.051594,bike_44170
2025-12-11T11:01:06.424137,bike_20933
2025-12-11T05:01:06.888461,bike_51214
2025-12-11T11:01:08.191373,bike_18303
2025-12-11T11:01:09.504115,bike_72379
2025-11-28T23:01:06.985825,bike_62323
2025-12-11T11:01:16.990933,bike_52724
2025-12-11T11:01:06.477055,bike_80623
2025-12-11T11:01:16.490562,bike_46539
2025-12-10T17:01:03.014672,bike_21808
2025-12-11T11:01:06.344063,bike_46226
2025-12-11T11:01:10.831104,bike_51959
2025-12-11T11:01:11.830409,bike_46354
2025-12-11T11:01:13.127044,bike_80775
2025-12-11T11:01:09.584162,bike_61171
2025-12-11T05:01:11.549801,bike_79092
2025-12-11T11:01:11.392936,bike_44279
2025-12-11T11:01:07.744164,bike_63777
2025-12-11T11:01:15.251759,bike_08297
2025-12-11T11:01:16.299239,bike_89152
2025-12-11T11:01:16.704200,bike_50527
2025-12-11T11:01:15.324190,bike_52484
2025-12-11T11:01:16.104157,bike_52778
2025-12-11T11:01:14.370169,bike_03853
2025-12-11T05:01:08.730972,bike_78127
2025-12-11T11:01:06.270327,bike_76901
2025-12-11T11:01:12.864176,bike_50772
2025-12-11T05:01:12.687851,bike_45055
2025-12-11T05:01:10.941960,bike_78228
2025-12-11T11:01:07.384204,bike_78469
2025-12-11T11:01:08.264168,bike_79433
2025-12-11T11:01:15.610657,bike_59098
2025-12-11T11:01:10.644156,bike_79520
2025-12-11T11:01:12.864156,bike_20394
2025-12-11T11:01:11.464214,bike_76489
2025-12-11T11:01:07.470189,bike_88393
2025-12-11T11:01:06.010693,bike_63119
2025-12-11T11:01:16.072947,bike_35907
2025-12-11T11:01:13.354871,bike_25675
2025-12-11T11:01:10.464211,bike_80339
2025-12-11T11:01:12.164168,bike_78960
2025-12-11T11:01:08.670571,bike_24460
2025-12-08T05:01:06.834675,bike_55307
2025-12-11T11:01:14.153443,bike_74575
2025-12-10T23:01:07.356702,bike_10587
2025-12-11T11:01:14.692364,bike_77939
2025-12-11T11:01:15.570405,bike_51298
2025-12-11T11:01:11.473214,bike_51120
2025-12-08T23:01:05.597634,bike_47513
2025-12-11T05:01:03.870922,bike_05817
2025-12-11T11:01:13.404206,bike_46682
2025-12-11T11:01:16.010661,bike_73666
2025-12-11T11:01:14.679328,bike_89976
2025-12-11T11:01:06.592732,bike_18976
2025-12-02T11:01:12.451491,bike_72853
2025-12-11T11:01:16.433513,bike_12541
2025-12-11T11:01:08.630053,bike_70125
2025-12-11T11:01:08.090480,bike_20694
2025-12-11T11:01:05.914774,bike_56519
2025-12-11T11:01:16.810276,bike_89095
2025-12-04T23:01:11.360639,bike_73226
2025-12-03T17:01:05.131262,bike_88677
2025-12-11T11:01:06.971018,bike_10424
2025-12-11T11:01:08.891804,bike_52208
2025-12-11T11:01:13.604217,bike_79774
2025-12-11T11:01:11.504164,bike_89494
2025-12-11T11:01:06.384166,bike_05954
2025-12-11T11:01:07.109994,bike_60210
2025-12-11T11:01:16.224253,bike_76808
2025-12-11T11:01:08.232216,bike_51981
2025-12-11T11:01:16.393074,bike_70001
2025-12-11T11:01:09.144160,bike_44712
2025-12-11T11:01:14.592693,bike_02257
2025-12-10T17:01:03.811689,bike_53450
2025-12-11T11:01:13.253699,bike_51247
2025-12-11T11:01:11.912975,bike_72530
2025-12-11T11:01:07.044232,bike_72220
2025-12-06T11:01:07.107101,bike_67020
2025-12-11T11:01:08.830081,bike_44805
2025-12-11T05:01:04.208503,bike_67223
2025-12-11T11:01:14.031077,bike_55181
2025-12-10T11:01:08.789403,bike_61709
2025-12-11T11:01:07.365458,bike_53234
2025-12-11T11:01:14.884296,bike_88072
2025-12-11T11:01:16.364238,bike_75306
2025-12-11T11:01:09.813747,bike_74532
2025-12-11T11:01:11.872838,bike_24026
2025-12-11T11:01:06.304076,bike_59011
2025-12-11T11:01:14.004258,bike_71404
2025-12-11T11:01:17.009698,bike_10162
2025-12-11T11:01:15.192877,bike_71072
2025-12-11T11:01:12.190375,bike_86269
2025-12-11T11:01:11.550963,bike_71107
2025-12-10T23:01:10.196753,bike_76109
2025-12-11T11:01:14.649881,bike_51807
2025-12-11T11:01:17.070138,bike_88591
2025-12-11T11:01:08.173796,bike_80821
2025-12-05T23:01:09.751304,bike_43783
2025-12-01T11:01:09.625021,bike_81688
2025-12-10T23:01:14.548659,bike_06449
2025-12-11T11:01:15.971202,bike_45461
2025-12-11T11:01:11.692810,bike_24941
2025-12-11T11:01:06.553037,bike_79378
2025-12-11T11:01:06.904207,bike_50897
2025-12-11T11:01:09.104177,bike_52629
2025-12-11T11:01:11.090212,bike_53016
2025-12-11T11:01:12.073009,bike_42733
2025-12-11T11:01:06.752918,bike_47997
2025-12-11T11:01:08.773989,bike_07528
2025-12-11T11:01:10.584195,bike_63408
2025-12-11T11:01:07.970154,bike_88581
2025-12-11T11:01:10.204116,bike_70148
2025-12-01T05:01:05.259962,bike_72991
2025-12-11T11:01:14.104280,bike_80029
2025-12-11T11:01:06.270297,bike_06405
2025-12-11T11:01:09.232399,bike_61530
2025-12-11T11:01:13.644193,bike_69779
2025-12-11T11:01:06.913384,bike_79420
2025-12-11T11:01:08.604201,bike_79607
2025-12-11T11:01:08.064166,bike_04978
2025-12-11T11:01:05.968591,bike_05171
2025-12-11T11:01:14.692361,bike_11270
2025-12-11T11:01:08.232236,bike_47127
2025-12-11T11:01:09.644214,bike_76674
2025-12-10T23:01:14.206043,bike_68123
2025-12-11T05:01:06.831809,bike_09191
2025-12-11T11:01:07.952846,bike_86000
2025-12-11T11:01:10.930174,bike_74507
2025-12-11T11:01:12.073035,bike_52627
2025-12-11T11:01:07.424141,bike_80874
2025-12-11T11:01:06.664150,bike_05154
2025-12-11T11:01:14.153438,bike_51488
2025-12-11T11:01:16.024205,bike_22619
2025-12-11T11:01:09.484113,bike_26862
2025-12-11T05:01:06.131366,bike_77550
2025-12-11T11:01:06.713212,bike_81457
2025-12-11T11:01:16.630991,bike_44662
2025-12-11T11:01:06.570654,bike_72339
2025-12-11T11:01:10.772812,bike_73467
2025-12-11T11:01:14.272955,bike_46565
2025-12-11T11:01:07.833388,bike_20465
2025-12-11T11:01:13.991203,bike_68314
2025-12-11T11:01:14.790631,bike_12349
2025-12-01T17:01:13.685326,bike_79464
2025-12-11T11:01:08.970819,bike_52457
2025-12-11T11:01:15.850384,bike_24906
2025-12-11T11:01:09.129962,bike_01606
2025-12-11T11:01:06.832973,bike_85162
2025-12-11T11:01:07.944171,bike_23542
2025-12-11T11:01:12.164200,bike_76776
2025-12-11T11:01:12.230726,bike_62558
2025-12-11T11:01:08.314120,bike_45058
2025-12-11T11:01:13.991206,bike_62097
2025-12-11T05:01:10.548415,bike_80566
2025-12-11T05:01:10.131054,bike_73436
2025-12-11T11:01:10.173261,bike_58253
2025-12-08T05:01:12.186346,bike_07812
2025-12-11T11:01:05.959975,bike_43015
2025-12-03T23:01:13.791216,bike_56087
2025-12-11T11:01:14.531099,bike_88748
2025-12-11T11:01:14.544235,bike_88739
2025-12-11T11:01:07.173325,bike_71626
2025-12-11T11:01:15.104178,bike_07036
2025-12-11T05:01:09.141899,bike_71332
2025-12-11T11:01:12.724166,bike_05092
2025-12-11T11:01:06.384186,bike_85075
2025-12-11T11:01:10.024102,bike_07377
2025-12-11T11:01:16.573760,bike_44842
2025-12-11T11:01:11.684198,bike_08785
2025-12-11T11:01:07.330181,bike_67535
2025-12-11T11:01:11.613481,bike_46130
2025-12-11T11:01:10.243535,bike_75825
2025-12-11T11:01:06.064082,bike_74732
2025-12-11T11:01:11.778494,bike_76653
2025-12-11T11:01:10.900194,bike_79471
2025-12-02T23:01:10.254891,bike_24101
2025-12-07T17:01:09.576043,bike_44243
2025-12-11T11:01:06.249241,bike_79609
2025-12-11T11:01:10.953286,bike_77441
2025-12-11T11:01:07.904132,bike_44312
2025-12-11T05:01:05.688399,bike_60061
2025-12-11T11:01:11.473169,bike_72928
2025-12-11T11:01:12.204147,bike_69202
2025-12-11T11:01:09.404230,bike_73309
2025-12-11T11:01:10.772855,bike_62603
2025-12-11T11:01:12.471101,bike_72618
2025-12-11T11:01:08.010805,bike_26220
2025-11-30T05:01:07.340333,bike_58608
2025-12-11T11:01:16.333005,bike_24430
2025-12-11T11:01:06.304082,bike_70788
2025-12-11T11:01:14.712915,bike_15640
2025-12-11T11:01:06.504363,bike_62187
2025-12-11T11:01:14.383592,bike_46700
2025-12-11T11:01:09.813765,bike_21509
2025-12-11T11:01:08.290476,bike_47526
2025-12-11T11:01:07.411122,bike_55349
2025-12-11T11:01:07.270081,bike_88872
2025-12-11T11:01:08.891831,bike_46834
2025-12-11T11:01:08.774013,bike_52212
2025-12-11T11:01:12.284149,bike_74864
2025-12-11T11:01:16.664216,bike_18133
2025-12-10T05:01:04.051675,bike_04449
2025-12-10T23:01:15.173614,bike_09032
2025-12-11T11:01:08.353209,bike_76385
2025-12-11T11:01:07.173315,bike_46411
2025-12-11T11:01:16.424268,bike_46003
2025-12-09T11:01:05.673975,bike_72128
2025-12-11T05:01:07.127983,bike_77790
2025-12-03T17:01:07.734832,bike_89157
2025-12-11T11:01:08.050888,bike_42790
2025-12-11T11:01:11.151251,bike_77894
2025-12-11T11:01:12.813087,bike_78543
2025-12-11T11:01:11.684193,bike_88559
2025-12-11T11:01:10.844155,bike_52699
2025-12-11T11:01:14.964208,bike_35757
2025-12-11T11:01:09.984178,bike_89654
2025-12-11T11:01:12.213296,bike_89263
2025-12-11T11:01:07.510759,bike_80013
2025-12-11T05:01:13.348490,bike_74723
2025-12-11T11:01:09.644229,bike_89663
2025-12-11T11:01:16.792855,bike_71524
2025-12-11T11:01:06.210075,bike_73168
2025-12-11T11:01:07.564054,bike_16810
2025-12-03T05:01:13.446249,bike_46418
2025-12-11T11:01:14.383594,bike_55595
2025-12-10T11:01:07.752810,bike_11411
2025-12-11T11:01:08.191332,bike_56966
2025-12-11T11:01:09.553294,bike_63768
2025-12-11T11:01:11.473180,bike_47445
2025-12-11T05:01:07.601951,bike_37376
2025-12-11T11:01:10.998483,bike_76124
2025-12-11T11:01:15.504222,bike_52258
2025-12-10T11:01:09.999875,bike_79853
2025-12-11T11:01:07.510717,bike_52209
2025-12-06T17:01:11.007446,bike_45135
2025-12-11T11:01:13.011510,bike_61444
2025-12-11T11:01:14.491323,bike_02967
2025-12-11T11:01:07.489271,bike_61482
2025-12-11T11:01:11.353147,bike_51207
2025-12-11T11:01:13.544214,bike_73097
2025-12-11T11:01:06.410648,bike_73232
2025-12-11T11:01:10.311242,bike_77933
2025-12-11T11:01:15.413327,bike_20432
2025-12-11T11:01:11.710002,bike_72396
2025-12-11T11:01:08.774026,bike_73389
2025-12-11T11:01:07.890119,bike_74327
2025-12-08T23:01:05.865320,bike_63342
2025-12-11T11:01:06.352904,bike_42619
2025-12-11T11:01:06.424164,bike_70191
2025-12-11T11:01:15.930291,bike_20675
2025-12-11T11:01:12.804181,bike_70428
2025-12-11T11:01:14.091646,bike_89939
2025-12-11T11:01:13.344224,bike_89020
2025-12-11T05:01:04.208480,bike_76400
2025-12-11T11:01:06.312996,bike_67777
2025-12-11T11:01:08.241883,bike_06416
2025-12-11T11:01:13.893740,bike_43921
2025-12-11T05:01:11.081943,bike_46069
2025-12-11T11:01:10.909082,bike_88904
2025-12-01T11:01:07.151878,bike_89475
2025-12-11T11:01:08.711646,bike_52405
2025-12-11T05:01:07.828533,bike_77455
2025-12-11T11:01:14.773073,bike_69725
2025-12-11T11:01:13.373607,bike_07098
2025-12-11T11:01:15.584225,bike_70171
2025-12-11T11:01:09.953283,bike_80377
2025-12-11T11:01:11.312833,bike_03302
2025-12-11T11:01:11.344180,bike_77210
2025-12-11T11:01:10.073770,bike_76796
2025-11-30T05:01:08.334624,bike_68850
2025-12-09T17:01:10.871724,bike_50755
2025-12-11T11:01:16.393122,bike_57864
2025-12-11T11:01:14.683469,bike_43660
2025-12-11T11:01:12.033558,bike_22648
2025-12-11T11:01:14.324208,bike_00422
2025-12-11T11:01:07.244179,bike_80422
2025-12-11T11:01:14.432717,bike_47998
2025-12-11T11:01:07.053517,bike_45806
2025-12-11T11:01:16.613287,bike_58807
2025-12-11T11:01:10.831112,bike_03345
2025-12-11T11:01:12.504143,bike_43884
2025-12-11T11:01:10.373330,bike_21649
2025-12-11T11:01:14.513424,bike_61771
2025-12-11T05:01:07.737227,bike_68203
2025-12-11T11:01:06.592694,bike_00849
2025-12-04T05:01:11.610627,bike_78898
2025-12-11T11:01:07.356483,bike_21029
2025-12-11T11:01:14.344198,bike_04055
2025-12-11T11:01:12.104909,bike_62848
2025-12-11T11:01:14.193075,bike_88212
2025-12-11T11:01:16.131050,bike_67164
2025-12-11T11:01:06.504339,bike_62924
2025-12-11T05:01:03.968276,bike_61911
2025-12-11T11:01:12.791156,bike_88551
2025-12-09T05:01:12.357768,bike_73662
2025-12-11T11:01:14.624176,bike_71741
2025-12-02T05:01:08.545946,bike_62318
2025-12-11T11:01:15.264268,bike_46688
2025-12-11T05:01:07.522011,bike_73768
2025-12-11T11:01:15.850403,bike_11744
2025-12-11T11:01:17.044221,bike_63325
2025-12-11T11:01:14.464151,bike_69065
2025-12-11T11:01:05.984194,bike_43409
2025-12-11T11:01:06.850001,bike_22442
2025-12-11T11:01:07.694426,bike_56082
2025-12-11T05:01:02.508868,bike_46032
2025-12-11T11:01:06.731182,bike_25559
2025-12-11T11:01:14.571002,bike_09822
2025-12-05T17:01:12.213371,bike_45444
2025-12-11T11:01:16.551452,bike_52426
2025-12-10T17:01:01.860292,bike_79835
2025-12-11T11:01:16.905423,bike_43908
2025-12-11T11:01:07.432929,bike_13143
2025-12-11T11:01:13.973653,bike_09802
2025-12-11T11:01:14.184140,bike_50429
2025-12-11T11:01:16.905434,bike_09528
2025-12-11T11:01:06.570631,bike_53369
2025-12-11T11:01:12.644110,bike_82225
2025-12-11T11:01:11.050805,bike_20887
2025-12-11T05:01:02.421762,bike_80022
2025-12-11T11:01:08.812894,bike_53434
2025-12-11T11:01:14.392689,bike_79502
2025-12-11T05:01:12.967117,bike_80952
2025-12-11T11:01:06.024151,bike_61496
2025-12-11T11:01:06.270321,bike_55204
2025-12-01T11:01:12.884992,bike_44924
2025-12-11T11:01:12.164158,bike_76402
2025-12-11T11:01:12.190400,bike_46733
2025-12-11T11:01:06.744103,bike_52357
2025-12-11T11:01:11.889516,bike_73787
2025-12-11T11:01:05.924256,bike_45670
2025-12-11T11:01:12.492678,bike_74656
2025-12-11T11:01:07.573522,bike_22747
2025-12-11T11:01:06.784147,bike_74677
2025-12-10T17:01:02.551640,bike_23482
2025-12-11T11:01:13.934252,bike_44408
2025-12-11T11:01:14.184181,bike_88187
2025-12-11T11:01:07.084142,bike_61989
2025-12-11T11:01:13.084324,bike_89021
2025-12-11T11:01:15.890027,bike_55900
2025-12-11T11:01:12.670183,bike_44967
2025-12-11T11:01:08.812892,bike_44277
2025-12-11T11:01:05.924278,bike_78713
2025-12-08T11:01:05.772876,bike_69280
2025-12-11T11:01:06.691051,bike_08002
2025-12-11T05:01:10.929486,bike_80780
2025-12-11T11:01:07.124231,bike_17384
2025-12-11T11:01:09.184205,bike_55730
2025-12-11T11:01:08.764243,bike_45083
2025-12-11T11:01:11.050848,bike_08674
2025-12-06T23:01:10.371673,bike_60596
2025-12-11T11:01:16.973497,bike_61992
2025-12-11T11:01:06.304099,bike_74252
2025-12-11T11:01:12.104896,bike_75797
2025-12-11T11:01:11.904207,bike_77258
2025-12-11T11:01:11.490729,bike_85046
2025-12-11T11:01:10.050724,bike_14328
2025-12-11T11:01:06.890347,bike_10875
2025-12-11T11:01:08.371190,bike_61705
2025-12-11T11:01:08.024213,bike_78974
2025-12-11T11:01:09.484139,bike_43923
2025-11-27T18:03:51.645217,bike_57327
2025-12-11T05:01:09.390809,bike_79872
2025-12-11T11:01:10.204064,bike_19534
2025-12-11T11:01:16.290090,bike_85145
2025-12-11T11:01:10.984865,bike_07467
2025-12-11T11:01:10.073692,bike_76951
2025-12-11T11:01:15.904128,bike_10708
2025-12-11T11:01:14.592686,bike_10460
2025-12-11T11:01:13.404236,bike_71918
2025-12-11T05:01:12.042086,bike_34627
2025-12-11T11:01:09.670568,bike_56740
2025-12-11T11:01:15.234046,bike_07987
2025-12-11T11:01:11.744232,bike_44164
2025-12-11T11:01:14.764191,bike_52583
2025-12-11T11:01:08.812877,bike_74056
2025-12-11T11:01:11.244156,bike_00795
2025-12-07T17:01:05.007554,bike_62443
2025-12-11T11:01:10.474973,bike_89135
2025-12-04T23:01:06.441173,bike_60261
2025-12-11T11:01:06.433318,bike_15944
2025-12-11T11:01:09.904194,bike_07057
2025-12-11T11:01:16.905457,bike_08535
2025-12-11T11:01:15.610646,bike_23115
2025-12-11T11:01:15.930299,bike_45302
2025-12-11T11:01:14.424245,bike_47031
2025-12-11T11:01:14.790586,bike_76148
2025-12-11T11:01:14.712929,bike_52133
2025-12-11T11:01:13.024197,bike_77571
2025-12-11T11:01:16.730351,bike_51010
2025-12-11T11:01:09.604219,bike_55078
2025-12-11T05:01:02.323604,bike_52968
2025-12-11T11:01:06.210037,bike_89944
2025-12-11T11:01:16.691293,bike_74258
2025-12-10T11:01:11.508591,bike_69760
2025-12-11T11:01:11.992852,bike_55822
2025-12-11T11:01:14.553282,bike_13201
2025-12-11T11:01:15.024187,bike_09729
2025-12-11T11:01:09.844203,bike_00829
2025-12-11T11:01:07.654509,bike_52409
2025-12-11T11:01:10.050697,bike_51230
2025-12-11T11:01:12.284107,bike_43706
2025-12-09T11:01:07.844567,bike_72146
2025-12-11T11:01:11.410483,bike_80567
2025-12-11T11:01:06.410631,bike_88075
2025-12-11T11:01:12.709853,bike_89183
2025-12-11T11:01:08.344145,bike_52155
2025-12-11T11:01:10.944199,bike_89053
2025-12-11T11:01:11.012472,bike_88835
2025-12-11T11:01:14.764208,bike_50557
2025-12-11T11:01:07.904116,bike_15436
2025-12-11T11:01:11.864180,bike_05473
2025-12-11T11:01:15.693740,bike_17085
2025-12-11T11:01:08.073282,bike_11537
2025-12-11T11:01:15.971212,bike_05187
2025-12-11T11:01:13.111287,bike_72932
2025-12-11T11:01:07.070528,bike_47487
2025-12-11T11:01:16.944217,bike_60700
2025-12-11T11:01:07.432914,bike_52355
2025-12-11T11:01:09.930927,bike_50580
2025-12-11T11:01:16.131022,bike_17022
2025-12-11T11:01:08.150683,bike_62610
2025-12-11T11:01:13.973678,bike_42904
2025-12-11T11:01:15.144196,bike_71652
2025-12-11T11:01:12.144168,bike_22916
2025-12-11T11:01:07.684155,bike_13311
2025-12-11T11:01:15.784212,bike_21508
2025-12-06T11:01:08.239928,bike_44505
2025-12-11T11:01:14.324244,bike_76200
2025-12-06T05:01:09.089668,bike_79299
2025-12-11T11:01:07.213139,bike_76154
2025-12-10T05:01:09.091760,bike_72804
2025-12-11T11:01:06.913368,bike_77679
2025-12-11T11:01:12.173005,bike_23380
2025-12-11T11:01:09.153113,bike_17323
2025-12-08T17:01:09.524308,bike_77926
2025-12-04T17:01:13.494288,bike_75159
2025-12-11T11:01:08.930797,bike_77190
2025-12-11T11:01:07.613068,bike_00293
2025-12-11T11:01:11.851799,bike_57709
2025-12-11T11:01:11.133320,bike_52656
2025-12-09T23:01:09.329513,bike_75877
2025-12-02T11:01:10.544925,bike_24410
2025-12-11T11:01:06.513964,bike_81079
2025-12-01T23:01:12.644815,bike_85144
2025-12-11T11:01:11.752890,bike_08895
2025-12-11T11:01:11.791846,bike_00954
2025-12-11T11:01:07.810166,bike_75347
2025-12-11T11:01:14.234000,bike_58735
2025-12-11T11:01:14.553345,bike_72577
2025-12-11T11:01:14.353211,bike_71286
2025-12-11T11:01:16.272670,bike_24740
2025-12-10T23:01:05.035145,bike_24134
2025-12-04T11:01:15.991584,bike_73705
2025-12-11T11:01:15.251811,bike_80676
2025-12-11T11:01:16.433508,bike_51852
2025-12-11T11:01:16.832794,bike_15026
2025-12-11T11:01:09.290946,bike_69092
2025-12-11T05:01:11.008016,bike_72627
2025-12-11T11:01:09.791145,bike_25177
2025-12-11T11:01:06.210054,bike_69063
2025-12-10T23:01:07.457673,bike_73380
2025-12-11T11:01:10.953266,bike_89541
2025-12-11T11:01:11.312840,bike_80308
2025-12-11T11:01:15.670822,bike_12140
2025-12-11T11:01:07.393484,bike_85417
2025-12-11T11:01:12.064146,bike_03072
2025-11-29T17:01:05.427580,bike_89520
2025-12-11T11:01:08.904115,bike_89725
2025-12-05T11:01:15.131491,bike_47697
2025-12-06T23:01:11.754576,bike_44149
2025-12-11T11:01:10.284223,bike_89698
2025-11-29T23:01:11.789962,bike_24401
2025-12-11T11:01:16.613290,bike_72569
2025-12-11T11:01:13.071817,bike_74600
2025-12-11T11:01:14.513412,bike_44346
2025-12-11T11:01:13.724282,bike_51089
2025-12-11T11:01:14.831138,bike_44882
2025-12-11T11:01:09.904205,bike_22338
2025-12-11T11:01:07.792859,bike_03447
2025-12-11T11:01:15.944190,bike_03580
2025-12-11T05:01:04.549936,bike_52398
2025-12-11T11:01:12.604026,bike_63577
2025-12-11T11:01:14.272999,bike_69155
2025-12-10T17:01:01.317958,bike_17352
2025-12-11T11:01:10.632267,bike_89503
2025-12-09T05:01:11.867795,bike_60480
2025-12-11T05:01:09.901959,bike_70638
2025-12-11T11:01:09.844214,bike_41847
2025-12-11T11:01:11.604240,bike_77601
2025-12-11T11:01:08.251467,bike_76457
2025-12-11T11:01:16.873290,bike_23341
2025-12-11T11:01:16.144234,bike_18102
2025-12-11T11:01:11.524184,bike_53342
2025-12-11T11:01:14.473230,bike_68068
2025-12-11T05:01:03.066684,bike_44480
2025-12-03T05:01:05.365760,bike_67058
2025-12-11T11:01:06.393097,bike_60835
2025-12-11T11:01:10.390864,bike_44271
2025-12-11T11:01:15.684141,bike_17830
2025-12-11T11:01:14.609872,bike_67603
2025-12-11T11:01:11.473229,bike_71196
2025-12-11T11:01:10.755228,bike_72304
2025-12-11T11:01:12.024202,bike_74178
2025-12-11T11:01:09.384134,bike_47722
2025-12-11T11:01:14.300732,bike_20870
2025-12-11T11:01:09.314438,bike_43134
2025-12-10T17:01:00.940459,bike_70065
2025-12-11T11:01:07.904156,bike_24812
2025-12-11T11:01:13.144285,bike_58054
2025-12-11T11:01:12.873199,bike_20151
2025-12-11T11:01:10.024174,bike_43909
2025-12-11T11:01:12.230721,bike_50870
2025-12-11T11:01:11.791848,bike_80237
2025-12-11T11:01:10.890900,bike_56706
2025-12-11T11:01:14.264227,bike_50603
2025-12-11T11:01:10.671726,bike_46041
2025-12-11T11:01:11.813311,bike_77305
2025-12-11T11:01:14.924143,bike_52761
2025-12-11T05:01:07.881925,bike_79352
2025-12-11T11:01:13.071797,bike_62076
2025-12-11T11:01:10.451472,bike_80259
2025-12-11T11:01:12.090378,bike_86026
2025-12-11T11:01:09.904192,bike_46514
2025-12-11T11:01:16.290105,bike_24534
2025-12-11T11:01:13.572032,bike_62190
2025-12-11T11:01:06.592750,bike_46397
2025-12-11T11:01:08.644214,bike_74341
2025-12-11T11:01:07.564035,bike_68788
2025-12-11T11:01:09.804056,bike_25836
2025-12-11T11:01:15.064180,bike_67229
2025-12-11T11:01:13.951900,bike_47805
2025-12-11T11:01:08.791192,bike_52000
2025-12-11T11:01:11.604192,bike_58176
2025-12-11T11:01:11.670353,bike_79165
2025-12-11T11:01:07.864156,bike_45698
2025-12-11T11:01:09.244125,bike_80485
2025-12-11T11:01:14.790549,bike_75228
2025-12-11T11:01:10.064147,bike_52796
2025-12-11T11:01:06.184096,bike_18533
2025-12-07T17:01:03.736617,bike_67975
2025-12-11T11:01:11.724196,bike_89284
2025-12-11T11:01:12.573689,bike_67335
2025-12-11T11:01:15.273274,bike_02649
2025-12-05T11:01:05.175759,bike_75977
2025-12-11T11:01:15.333205,bike_71774
2025-12-11T11:01:06.810060,bike_73595
2025-12-11T11:01:07.824144,bike_79833
2025-12-11T11:01:10.373304,bike_17892
2025-12-11T11:01:09.244173,bike_20713
2025-12-11T11:01:15.113986,bike_70225
2025-12-07T23:01:04.766682,bike_70343
2025-12-11T05:01:06.370015,bike_75148
2025-12-06T23:01:06.291310,bike_44081
2025-12-11T11:01:07.053474,bike_81529
2025-12-11T11:01:06.433357,bike_52541
2025-12-11T05:01:11.902011,bike_76883
2025-12-11T11:01:08.684191,bike_46485
2025-12-11T11:01:13.613462,bike_42819
2025-12-11T11:01:06.770283,bike_89706
2025-12-11T11:01:16.573740,bike_43256
2025-12-11T11:01:12.484162,bike_75397
2025-12-11T11:01:13.489455,bike_89427
2025-12-11T11:01:05.950616,bike_76903
2025-12-11T11:01:13.951912,bike_76672
2025-12-11T11:01:12.024132,bike_24365
2025-12-11T11:01:15.632085,bike_73721
2025-12-11T11:01:13.934235,bike_37777
2025-12-11T11:01:16.471356,bike_46388
2025-12-11T11:01:06.170104,bike_46597
2025-12-10T17:01:02.317808,bike_89962
2025-12-11T11:01:10.204111,bike_80272
2025-12-11T11:01:15.784240,bike_16594
2025-12-11T11:01:11.410563,bike_52114
2025-12-11T11:01:11.033623,bike_58154
2025-12-11T11:01:10.010331,bike_80014
2025-12-10T05:01:11.691728,bike_58034
2025-12-11T11:01:12.270436,bike_68376
2025-12-11T11:01:16.064152,bike_77677
2025-12-11T11:01:07.591406,bike_53321
2025-12-11T11:01:06.993180,bike_70809
2025-12-11T11:01:07.510762,bike_23505
2025-12-11T11:01:09.644185,bike_67302
2025-12-06T05:01:09.443197,bike_72622
2025-12-11T11:01:12.550710,bike_14395
2025-12-11T11:01:12.804146,bike_75821
2025-12-11T11:01:15.872745,bike_44523
2025-12-11T11:01:12.724171,bike_22430
2025-12-11T11:01:16.051144,bike_77183
2025-12-11T11:01:11.113269,bike_47485
2025-12-11T11:01:11.644170,bike_50646
2025-12-11T11:01:10.804128,bike_24403
2025-12-11T11:01:11.533480,bike_44877
2025-12-11T11:01:08.133266,bike_46655
2025-12-07T11:01:13.634412,bike_89444
2025-12-11T11:01:10.010276,bike_73432
2025-12-11T11:01:10.544222,bike_74245
2025-12-11T11:01:15.913104,bike_19644
2025-12-11T11:01:15.350504,bike_68056
2025-12-11T11:01:10.144370,bike_70066
2025-12-11T11:01:10.890902,bike_89132
2025-12-11T11:01:06.329886,bike_03418
2025-12-05T23:01:07.740242,bike_26128
2025-12-11T11:01:08.644170,bike_33192
2025-12-11T11:01:07.092903,bike_62807
2025-12-11T11:01:11.384195,bike_44187
2025-12-10T11:01:01.873420,bike_75630
2025-12-11T11:01:08.371199,bike_14042
2025-12-11T11:01:11.244203,bike_25309
2025-12-11T11:01:13.430855,bike_72566
2025-12-11T05:01:03.461966,bike_73108
2025-12-11T11:01:09.414153,bike_82873
2025-12-11T11:01:10.610568,bike_52934
2025-12-11T11:01:14.449828,bike_81076
2025-12-11T11:01:15.811108,bike_34865
2025-12-10T11:01:07.199966,bike_74775
2025-12-11T11:01:15.828830,bike_07406
2025-12-11T11:01:16.704231,bike_75318
2025-12-11T05:01:06.001974,bike_68621
2025-12-11T11:01:14.053081,bike_58048
2025-12-10T17:01:05.438237,bike_74953
2025-12-11T11:01:06.152943,bike_44478
2025-12-11T11:01:06.152896,bike_72717
2025-12-11T11:01:06.344100,bike_78845
2025-12-11T11:01:10.813635,bike_62472
2025-12-01T17:01:11.565584,bike_72276
2025-12-11T11:01:12.593633,bike_43533
2025-12-11T11:01:16.193528,bike_79383
2025-12-11T11:01:09.090403,bike_03946
2025-12-10T17:01:04.497791,bike_47726
2025-12-06T11:01:11.191384,bike_51492
2025-12-11T05:01:06.530754,bike_81827
2025-12-11T11:01:12.064178,bike_57674
2025-12-11T11:01:09.264239,bike_77511
2025-12-11T11:01:06.691034,bike_11355
2025-12-11T11:01:10.091021,bike_75227
2025-12-11T11:01:09.764161,bike_76919
2025-12-11T11:01:14.831181,bike_46225
2025-12-11T11:01:14.692389,bike_46740
2025-12-05T17:01:08.393393,bike_01704
2025-12-11T11:01:08.644239,bike_69736
2025-12-11T11:01:12.644103,bike_73241
2025-12-11T11:01:13.430834,bike_45820
2025-12-10T23:01:10.425627,bike_60349
2025-12-11T11:01:08.332022,bike_46419
2025-12-11T11:01:12.033503,bike_56927
2025-12-11T05:01:08.610727,bike_74149
2025-12-11T11:01:12.090340,bike_62211
2025-12-11T11:01:12.813079,bike_11671
2025-12-11T11:01:07.993130,bike_00901
2025-12-11T11:01:07.124272,bike_23146
2025-12-11T11:01:09.113064,bike_44087
2025-12-05T23:01:05.211269,bike_71014
2025-12-11T11:01:08.984196,bike_22463
2025-12-11T11:01:11.630892,bike_72274
2025-12-11T11:01:13.544227,bike_44362
2025-12-11T11:01:15.504219,bike_80583
2025-12-11T11:01:15.632130,bike_53459
2025-12-11T11:01:06.010680,bike_46640
2025-12-11T11:01:16.613254,bike_20956
2025-12-11T11:01:13.934257,bike_85531
2025-12-11T11:01:06.424150,bike_60968
2025-12-11T11:01:08.944115,bike_75273
2025-12-11T11:01:14.813122,bike_51385
2025-12-11T11:01:16.324184,bike_69694
2025-12-11T11:01:10.684161,bike_80727
2025-12-11T05:01:05.390594,bike_16399
2025-11-30T23:01:06.298309,bike_62534
2025-12-11T11:01:06.673445,bike_71917
2025-12-11T11:01:08.411016,bike_80515
2025-12-11T11:01:16.551416,bike_50805
2025-12-11T11:01:12.533210,bike_01046
2025-12-11T11:01:08.264181,bike_22555
2025-12-11T11:01:06.904231,bike_86274
2025-12-11T11:01:12.164145,bike_52035
2025-12-11T11:01:10.671742,bike_47519
2025-12-11T11:01:12.333293,bike_69738
2025-12-11T05:01:05.443143,bike_73822
2025-12-11T11:01:12.692952,bike_76209
2025-12-11T11:01:14.553328,bike_23589
2025-12-11T11:01:08.613004,bike_47432
2025-12-11T11:01:07.630487,bike_51143
2025-12-11T11:01:16.144195,bike_52657
2025-12-11T11:01:16.051165,bike_45735
2025-12-11T11:01:16.090154,bike_79415
2025-12-11T11:01:08.392821,bike_72523
2025-12-10T17:01:02.351601,bike_88718
2025-12-11T11:01:07.424169,bike_11784
2025-12-08T17:01:11.781932,bike_63232
2025-12-11T11:01:11.204155,bike_71335
2025-12-11T11:01:16.664257,bike_51452
2025-12-11T11:01:08.451040,bike_05234
2025-12-11T05:01:04.536769,bike_61133
2025-12-11T11:01:13.044297,bike_68064
2025-12-11T11:01:06.592710,bike_00386
2025-12-11T11:01:12.190413,bike_46638
2025-12-11T11:01:11.344217,bike_81225
2025-12-11T11:01:15.684164,bike_17396
2025-12-11T11:01:09.670573,bike_16736
2025-12-11T11:01:12.444141,bike_10802
2025-12-11T11:01:15.684182,bike_00237
2025-12-11T11:01:10.745491,bike_16191
2025-12-11T11:01:15.513246,bike_55403
2025-12-11T11:01:13.364590,bike_81715
2025-12-08T23:01:08.027082,bike_47235
2025-12-11T11:01:05.968594,bike_05139
2025-12-09T17:01:06.615562,bike_78803
2025-12-11T11:01:15.828874,bike_76253
2025-12-11T11:01:11.312817,bike_72469
2025-12-11T11:01:15.953218,bike_51141
2025-12-11T11:01:14.831148,bike_69517
2025-12-11T11:01:08.232214,bike_23812
2025-12-11T11:01:12.404152,bike_52660
2025-12-11T11:01:07.124253,bike_89710
2025-12-11T11:01:07.432944,bike_70399
2025-12-06T05:01:06.116027,bike_71573
2025-12-11T11:01:10.050679,bike_00295
2025-12-11T11:01:13.084347,bike_51911
2025-12-11T11:01:07.133038,bike_46604
2025-12-10T23:01:09.657950,bike_70124
2025-12-11T11:01:09.492638,bike_09766
2025-12-11T05:01:08.708304,bike_88416
2025-12-01T23:01:06.730358,bike_41269
2025-12-05T17:01:10.380773,bike_56477
2025-12-11T11:01:09.404233,bike_60498
2025-12-11T05:01:13.181940,bike_59078
2025-12-11T11:01:15.553110,bike_57147
2025-12-11T11:01:08.653129,bike_67151
2025-12-11T11:01:11.124142,bike_78427
2025-12-11T11:01:13.293213,bike_41374
2025-12-11T11:01:09.804033,bike_78171
2025-12-11T11:01:12.064162,bike_67100
2025-12-11T11:01:11.752888,bike_53227
2025-12-11T11:01:16.752837,bike_44918
2025-12-11T11:01:16.024197,bike_20684
2025-12-11T11:01:15.033719,bike_52354
2025-12-11T11:01:08.573619,bike_07072
2025-12-11T11:01:12.190449,bike_46098
2025-11-30T05:01:11.670046,bike_44616
2025-12-11T11:01:06.650558,bike_04576
2025-12-11T11:01:14.310071,bike_68431
2025-12-11T11:01:10.010328,bike_81815
2025-12-11T11:01:15.764238,bike_74994
2025-12-11T11:01:06.090346,bike_44079
2025-12-11T11:01:09.670621,bike_58716
2025-12-11T11:01:09.912933,bike_77986
2025-12-11T11:01:07.070492,bike_52461
2025-12-11T11:01:07.684123,bike_80502
2025-12-11T11:01:09.153103,bike_82587
2025-12-11T11:01:10.890956,bike_88020
2025-12-11T11:01:16.704212,bike_52584
2025-12-10T23:01:08.668727,bike_60235
2025-12-09T17:01:05.138704,bike_76737
2025-12-11T11:01:06.584173,bike_88695
2025-12-01T11:01:09.244607,bike_55621
2025-12-11T11:01:09.970548,bike_76812
2025-12-11T11:01:10.104253,bike_88105
2025-12-11T11:01:14.013678,bike_45364
2025-12-11T11:01:13.373570,bike_78072
2025-12-11T11:01:13.875630,bike_88154
2025-12-11T11:01:08.073311,bike_24350
2025-12-11T11:01:14.951936,bike_78696
2025-12-11T05:01:06.228830,bike_45139
2025-12-11T11:01:07.230401,bike_78100
2025-12-11T11:01:06.513953,bike_89704
2025-12-11T11:01:12.573697,bike_88553
2025-12-11T11:01:07.024172,bike_89978
2025-12-11T11:01:13.544171,bike_20215
2025-12-11T11:01:16.290108,bike_52910
2025-12-11T11:01:11.813263,bike_73953
2025-12-11T11:01:14.951939,bike_43535
2025-12-11T11:01:11.630858,bike_80561
2025-12-11T11:01:13.489447,bike_62769
2025-12-11T11:01:09.414222,bike_75197
2025-12-06T17:01:13.366536,bike_78146
2025-12-11T11:01:07.645148,bike_75611
2025-12-11T11:01:08.331986,bike_44946
2025-12-11T11:01:08.732874,bike_14824
2025-12-11T11:01:13.211165,bike_21463
2025-12-11T11:01:10.270452,bike_51428
2025-12-11T11:01:16.890695,bike_74386
2025-12-05T23:01:05.891306,bike_56707
2025-12-11T11:01:08.451025,bike_61808
2025-12-11T11:01:08.073264,bike_07357
2025-12-11T11:01:09.184196,bike_44954
2025-12-11T11:01:06.570625,bike_21571
2025-12-11T11:01:10.243573,bike_19006
2025-12-11T11:01:17.009671,bike_76534
2025-12-11T11:01:10.593093,bike_03058
2025-12-11T11:01:14.300727,bike_55156
2025-12-11T11:01:14.031074,bike_80366
2025-12-11T11:01:13.373604,bike_88218
2025-12-11T11:01:16.905436,bike_85146
2025-12-11T11:01:15.971196,bike_10993
2025-12-11T11:01:10.190673,bike_75354
2025-12-11T11:01:15.971210,bike_01888
2025-12-11T11:01:16.944225,bike_26259
2025-12-11T05:01:07.167931,bike_57526
2025-12-11T11:01:15.290815,bike_71635
2025-12-11T11:01:12.364110,bike_42835
2025-12-11T11:01:12.524219,bike_51507
2025-12-11T11:01:15.390330,bike_52400
2025-12-11T11:01:08.073251,bike_81476
2025-12-11T11:01:08.870172,bike_61550
2025-12-11T11:01:14.993623,bike_69215
2025-12-11T11:01:10.373302,bike_79665
2025-12-10T17:01:04.649015,bike_74468
2025-12-05T23:01:05.157173,bike_46987
2025-12-11T11:01:11.744220,bike_72687
2025-12-11T11:01:14.070153,bike_81692
2025-12-11T11:01:14.324221,bike_69154
2025-12-11T11:01:11.124134,bike_53423
2025-12-11T11:01:10.090980,bike_61561
2025-12-11T11:01:16.964236,bike_47213
2025-12-06T17:01:11.086490,bike_88378
2025-12-11T11:01:12.709834,bike_80183
2025-12-11T11:01:07.654500,bike_21198
2025-12-11T11:01:09.010406,bike_51891
2025-12-11T11:01:06.752962,bike_02959
2025-12-11T11:01:15.373123,bike_11141
2025-12-11T11:01:07.810121,bike_51880
2025-12-11T11:01:08.992886,bike_89607
2025-12-11T11:01:13.354866,bike_15851
2025-12-05T23:01:08.531297,bike_04914
2025-12-11T11:01:10.164174,bike_61559
2025-12-11T11:01:12.284096,bike_46615
2025-12-11T11:01:06.531253,bike_57311
2025-12-11T11:01:07.833404,bike_22575
2025-12-11T11:01:12.890631,bike_59064
2025-12-11T11:01:07.109988,bike_51654
2025-12-11T11:01:12.073056,bike_45102
2025-12-11T11:01:10.324172,bike_46593
2025-12-11T11:01:10.033341,bike_00663
2025-12-11T11:01:16.324202,bike_73963
2025-12-11T11:01:14.984242,bike_81839
2025-12-11T11:01:16.090131,bike_45294
2025-12-11T11:01:08.812930,bike_81115
2025-12-11T11:01:16.332930,bike_70583
2025-12-11T11:01:15.513294,bike_25692
2025-12-11T11:01:12.504147,bike_74105
2025-12-11T11:01:09.264210,bike_74372
2025-12-11T11:01:06.553089,bike_89245
2025-12-05T11:01:05.502741,bike_72345
2025-12-11T11:01:12.164171,bike_74764
2025-12-11T11:01:13.584208,bike_70876
2025-12-11T11:01:11.490751,bike_73816
2025-12-11T11:01:15.764215,bike_68546
2025-12-11T11:01:07.533080,bike_70355
2025-12-11T11:01:13.211197,bike_25086
2025-12-11T05:01:07.262016,bike_78665
2025-12-11T11:01:15.404205,bike_63300
2025-12-11T11:01:11.370551,bike_61587
2025-12-11T11:01:12.284139,bike_56297
2025-12-11T11:01:07.393478,bike_25331
2025-12-11T11:01:06.104045,bike_71552
2025-12-11T11:01:14.324231,bike_89505
2025-12-11T11:01:06.410667,bike_60049
2025-12-09T17:01:08.778693,bike_67907
2025-12-11T11:01:11.724200,bike_68807
2025-12-11T11:01:07.053498,bike_89182
2025-12-11T11:01:09.944197,bike_67677
2025-12-09T17:01:13.626198,bike_44283
2025-12-11T11:01:13.924210,bike_02890
2025-12-11T11:01:15.570410,bike_44934
2025-12-11T11:01:07.824186,bike_81030
2025-12-11T11:01:14.984234,bike_19915
2025-12-11T11:01:08.653101,bike_43503
2025-12-11T11:01:13.480033,bike_44908
2025-12-11T11:01:16.964212,bike_20051
2025-12-06T11:01:04.940550,bike_44075
2025-12-11T11:01:07.489265,bike_20223
2025-12-11T11:01:16.533557,bike_85121
2025-12-11T11:01:12.830063,bike_82839
2025-12-11T05:01:11.931240,bike_62145
2025-12-11T11:01:10.104260,bike_22900
2025-12-11T11:01:07.604231,bike_85165
2025-12-11T11:01:10.864178,bike_59010
2025-12-11T11:01:11.872850,bike_51317
2025-12-11T11:01:13.153249,bike_71562
2025-12-11T11:01:08.630108,bike_56320
2025-12-11T11:01:07.384244,bike_60410
2025-12-11T11:01:06.713217,bike_42706
2025-12-11T11:01:11.231263,bike_80519
2025-12-11T11:01:07.784033,bike_62982
2025-12-11T05:01:07.387073,bike_78424
2025-12-11T11:01:08.930799,bike_75373
2025-12-11T11:01:12.172997,bike_16021
2025-12-08T05:01:05.394564,bike_60397
2025-12-11T11:01:07.124281,bike_07020
2025-12-11T11:01:14.679325,bike_80285
2025-12-11T11:01:11.992883,bike_89809
2025-12-11T11:01:15.373136,bike_86272
2025-12-10T23:01:09.136090,bike_73681
2025-12-11T11:01:17.052962,bike_03552
2025-12-11T11:01:12.213298,bike_16769
2025-12-11T11:01:14.504166,bike_47813
2025-12-11T11:01:07.312847,bike_73463
2025-12-11T11:01:15.451934,bike_43598
2025-12-11T11:01:14.193069,bike_81764
2025-12-05T11:01:05.631964,bike_00328
2025-12-11T11:01:08.464169,bike_74991
2025-12-11T11:01:15.051031,bike_63523
2025-12-10T17:01:03.355424,bike_21726
2025-12-10T17:01:06.759867,bike_75933
2025-12-11T05:01:06.690126,bike_71702
2025-12-11T11:01:09.370844,bike_22872
2025-12-11T11:01:05.950629,bike_44789
2025-12-11T11:01:12.993639,bike_24729
2025-12-11T11:01:09.129989,bike_75374
2025-12-04T23:01:07.146282,bike_22733
2025-12-11T11:01:09.613352,bike_71754
2025-12-11T11:01:07.833407,bike_69242
2025-12-11T05:01:08.489211,bike_50872
2025-12-11T11:01:07.970122,bike_73369
2025-12-11T11:01:09.670578,bike_44122
2025-12-11T11:01:16.299236,bike_61450
2025-12-11T11:01:13.144249,bike_47605
2025-12-10T11:01:02.919230,bike_44493
2025-12-11T11:01:12.844212,bike_82858
2025-12-11T11:01:14.432770,bike_81779
2025-12-06T23:01:11.512421,bike_52099
2025-12-05T11:01:14.580056,bike_89239
2025-12-11T11:01:16.312467,bike_46210
2025-12-11T11:01:06.810025,bike_51465
2025-12-11T11:01:10.413598,bike_71425
2025-12-11T11:01:15.984185,bike_44892
2025-12-11T11:01:09.912947,bike_71839
2025-12-11T11:01:16.533581,bike_78963
2025-12-11T11:01:16.524487,bike_68000
2025-12-11T11:01:15.724189,bike_81467
2025-12-11T11:01:08.930803,bike_52932
2025-12-11T05:01:06.321981,bike_80350
2025-12-11T11:01:09.684174,bike_44382
2025-12-08T11:01:04.571255,bike_08301
2025-12-11T11:01:08.732893,bike_47763
2025-12-11T11:01:16.144223,bike_46165
2025-12-11T11:01:15.033732,bike_68045
2025-12-11T11:01:07.851020,bike_51710
2025-12-11T11:01:07.432924,bike_89036
2025-12-11T11:01:11.778505,bike_05806
2025-12-11T11:01:06.731162,bike_72763
2025-12-11T11:01:15.311881,bike_50730
2025-12-09T23:01:06.363134,bike_69639
2025-12-11T11:01:16.233648,bike_67761
2025-12-11T11:01:14.070137,bike_72527
2025-12-11T11:01:12.791164,bike_61880
2025-12-11T11:01:08.953397,bike_43222
2025-12-11T11:01:08.344178,bike_23322
2025-12-11T05:01:05.671349,bike_72286
2025-12-11T11:01:13.951934,bike_80145
2025-12-11T11:01:16.153435,bike_85078
2025-12-11T11:01:13.293281,bike_78177
2025-12-11T11:01:12.953278,bike_81007
2025-12-11T11:01:09.724100,bike_50955
2025-12-11T11:01:16.890709,bike_73136
2025-12-11T11:01:12.791154,bike_25943
2025-12-11T11:01:15.290781,bike_43191
2025-12-11T11:01:09.530326,bike_43829
2025-11-29T17:01:08.016990,bike_46928
2025-12-11T11:01:10.764100,bike_45566
2025-12-05T17:01:14.356620,bike_32160
2025-12-11T05:01:08.390975,bike_42744
2025-12-11T11:01:13.324153,bike_10801
2025-12-11T11:01:07.712077,bike_43400
2025-12-11T11:01:15.251761,bike_18484
2025-12-11T11:01:16.384255,bike_18215
2025-12-11T11:01:14.884267,bike_43297
2025-12-11T11:01:09.353474,bike_61410
2025-12-11T11:01:07.654514,bike_50541
2025-12-11T11:01:13.671252,bike_85120
2025-12-11T11:01:17.031266,bike_00552
2025-12-11T05:01:07.561973,bike_52124
2025-12-11T11:01:16.364185,bike_73560
2025-12-10T05:01:10.520567,bike_47522
2025-12-11T11:01:13.364562,bike_76428
2025-12-11T05:01:03.990729,bike_68562
2025-12-10T05:01:01.801681,bike_75209
2025-12-08T11:01:12.671029,bike_20413
2025-12-09T17:01:12.168781,bike_52529
2025-12-11T11:01:06.371567,bike_52536
2025-12-11T11:01:12.593641,bike_79240
2025-12-11T11:01:10.831099,bike_63387
2025-12-11T11:01:09.370860,bike_57832
2025-12-11T11:01:10.390893,bike_21997
2025-12-11T11:01:06.691083,bike_73990
2025-12-11T11:01:13.631227,bike_78751
2025-12-11T11:01:08.290431,bike_80203
2025-12-11T11:01:14.804180,bike_48054
2025-12-11T11:01:13.024203,bike_62252
2025-12-09T17:01:11.198786,bike_69036
2025-12-11T11:01:13.093550,bike_58993
2025-12-11T11:01:14.624124,bike_24567
2025-12-11T11:01:06.784179,bike_51944
2025-12-11T11:01:15.913101,bike_82541
2025-12-11T11:01:11.330525,bike_03550
2025-12-11T11:01:07.044237,bike_35968
2025-12-11T11:01:13.724275,bike_74160
2025-12-06T17:01:12.506505,bike_62595
2025-12-11T11:01:12.173012,bike_12749
2025-12-11T11:01:12.773604,bike_77735
2025-12-11T11:01:14.951941,bike_88869
2025-12-11T11:01:16.170730,bike_12780
2025-12-11T11:01:06.824150,bike_68611
2025-12-11T11:01:07.523755,bike_71464
2025-12-11T11:01:15.953200,bike_67319
2025-12-11T11:01:16.072986,bike_11943
2025-12-11T11:01:12.890606,bike_07780
2025-11-27T23:01:40.226893,bike_25861
2025-12-02T17:01:06.494904,bike_61427
2025-12-11T11:01:07.470127,bike_62449
2025-12-11T11:01:13.893757,bike_67320
2025-12-11T11:01:16.573755,bike_50523
2025-12-11T11:01:10.173315,bike_73162
2025-12-11T11:01:12.064168,bike_73167
2025-12-11T11:01:16.832759,bike_81040
2025-12-11T11:01:06.913387,bike_55157
2025-12-11T11:01:11.384152,bike_69211
2025-12-11T05:01:10.001894,bike_72190
2025-12-11T11:01:13.153225,bike_73172
2025-12-11T11:01:12.890642,bike_07956
2025-12-11T11:01:11.303641,bike_80610
2025-12-11T11:01:12.564194,bike_62134
2025-12-11T11:01:07.365405,bike_89965
2025-12-02T05:01:12.129725,bike_81897
2025-12-11T11:01:14.670898,bike_47695
2025-12-11T11:01:14.910405,bike_46833
2025-12-11T11:01:12.764142,bike_48005
2025-12-11T05:01:07.601954,bike_85326
2025-12-11T11:01:15.693695,bike_78791
2025-12-11T11:01:11.273212,bike_67409
2025-12-11T11:01:10.190691,bike_55994
2025-12-11T05:01:03.909954,bike_89539
2025-12-11T11:01:12.564170,bike_05435
2025-12-11T11:01:12.444121,bike_80195
2025-12-11T11:01:05.959998,bike_16577
2025-12-11T11:01:09.750280,bike_43586
2025-12-11T11:01:07.930201,bike_03059
2025-12-11T05:01:09.370392,bike_88149
2025-12-11T11:01:11.273237,bike_03292
2025-12-11T11:01:13.934243,bike_50188
2025-12-11T11:01:08.791227,bike_06706
2025-12-11T11:01:13.452792,bike_80132
2025-12-11T11:01:07.452514,bike_22022
2025-12-11T11:01:11.033617,bike_21370
2025-12-11T11:01:11.724152,bike_70500
2025-12-11T11:01:06.904236,bike_76844
2025-12-11T11:01:12.173046,bike_78782
2025-12-11T11:01:13.404220,bike_11193
2025-12-11T05:01:06.810109,bike_57440
2025-12-11T11:01:10.813645,bike_76477
2025-12-11T11:01:10.804170,bike_46152
2025-12-11T11:01:14.571000,bike_67892
2025-12-02T17:01:09.315006,bike_76181
2025-12-11T11:01:11.231241,bike_67165
2025-12-11T11:01:14.712944,bike_56185
2025-12-11T11:01:15.930301,bike_53006
2025-12-11T11:01:14.804182,bike_43746
2025-12-11T11:01:10.451453,bike_67721
2025-12-11T11:01:09.831249,bike_17959
2025-12-11T11:01:06.633196,bike_43448
2025-12-11T11:01:13.293234,bike_57664
2025-12-11T11:01:17.070157,bike_43669
2025-12-05T23:01:06.366375,bike_73784
2025-12-11T11:01:16.613306,bike_78150
2025-12-11T05:01:13.648135,bike_88111
2025-12-11T11:01:16.673442,bike_52619
2025-12-11T11:01:08.970761,bike_79539
2025-12-11T11:01:07.252857,bike_51566
2025-12-10T23:01:11.885491,bike_74673
2025-12-11T05:01:12.149416,bike_56249
2025-12-09T17:01:11.288676,bike_68058
2025-12-11T11:01:08.173775,bike_67801
2025-12-11T11:01:08.173749,bike_02897
2025-12-11T11:01:07.356425,bike_52189
2025-12-10T17:01:04.367472,bike_77599
2025-12-11T11:01:12.190431,bike_57760
2025-12-11T11:01:10.953296,bike_76929
2025-12-11T11:01:10.745498,bike_78061
2025-12-11T11:01:06.984220,bike_45043
2025-12-10T17:01:08.759267,bike_67978
2025-12-11T11:01:12.930313,bike_80941
2025-12-11T11:01:08.984163,bike_21538
2025-12-11T11:01:12.873226,bike_09534
2025-12-11T11:01:11.744237,bike_80099
2025-12-11T11:01:12.131846,bike_78986
2025-12-11T11:01:13.934265,bike_71679
2025-12-11T11:01:14.870488,bike_71878
2025-12-11T11:01:11.432921,bike_88139
2025-12-06T23:01:09.992428,bike_75589
2025-11-29T17:01:10.871967,bike_62692
2025-12-11T11:01:06.312966,bike_72312
2025-12-11T11:01:09.193134,bike_09511
2025-12-11T11:01:14.993559,bike_00042
2025-12-11T11:01:12.724215,bike_47868
2025-12-11T11:01:13.093552,bike_44865
2025-12-09T23:01:09.343107,bike_88312
2025-12-11T11:01:06.072958,bike_16721
2025-12-11T11:01:16.864277,bike_24017
2025-12-11T11:01:15.953229,bike_52727
2025-12-10T17:01:09.000358,bike_62841
2025-12-11T11:01:12.773622,bike_74773
2025-12-11T11:01:11.630855,bike_80708
2025-12-11T11:01:11.851826,bike_62228
2025-11-30T11:01:13.119181,bike_46755
2025-11-28T23:01:02.942384,bike_52912
2025-12-11T11:01:14.910345,bike_61127
2025-12-11T11:01:11.231244,bike_47399
2025-12-11T11:01:16.691318,bike_79862
2025-12-11T11:01:07.573499,bike_45761
2025-12-11T11:01:16.704215,bike_73379
2025-12-11T11:01:14.553290,bike_55485
2025-12-11T11:01:09.305173,bike_45072
2025-12-11T11:01:12.413481,bike_47664
2025-12-11T05:01:06.628731,bike_42899
2025-12-11T05:01:09.309211,bike_80392
2025-12-10T23:01:11.225111,bike_68928
2025-12-01T05:01:06.103196,bike_78225
2025-12-11T11:01:16.850046,bike_52516
2025-12-11T11:01:14.744222,bike_51997
2025-12-11T11:01:08.290481,bike_53431
2025-12-11T11:01:07.864139,bike_56484
2025-12-11T11:01:12.471157,bike_89998
2025-12-11T05:01:07.728394,bike_75902
2025-12-11T11:01:07.810183,bike_04073
2025-12-11T11:01:14.553331,bike_46404
2025-12-11T11:01:07.365425,bike_88840
2025-12-11T11:01:08.410975,bike_22408
2025-12-11T11:01:15.610633,bike_74718
2025-12-11T11:01:14.924146,bike_70452
2025-12-11T11:01:15.632113,bike_23955
2025-12-11T11:01:07.270086,bike_60253
2025-12-11T11:01:16.250990,bike_24378
2025-12-11T11:01:11.984142,bike_62922
2025-12-11T11:01:13.973640,bike_81145
2025-12-11T11:01:07.654522,bike_19732
2025-12-09T23:01:08.162990,bike_67614
2025-12-11T11:01:16.290075,bike_70205
2025-12-11T11:01:14.004274,bike_10624
2025-12-11T11:01:08.812889,bike_53263
2025-12-11T11:01:12.653075,bike_19829
2025-12-11T11:01:11.231246,bike_72564
2025-12-11T11:01:15.350532,bike_45470
2025-12-11T11:01:10.593139,bike_72546
2025-12-11T11:01:12.812944,bike_46678
2025-12-10T17:01:01.231682,bike_80266
2025-12-11T11:01:14.070128,bike_17072
2025-12-06T17:01:12.837461,bike_51897
2025-12-11T11:01:10.554046,bike_46804
2025-12-11T11:01:09.353520,bike_05339
2025-12-11T11:01:13.571994,bike_62054
2025-12-11T11:01:16.033939,bike_67252
2025-12-02T23:01:10.681792,bike_60816
2025-12-11T11:01:08.564389,bike_20400
2025-12-11T11:01:07.292147,bike_01673
2025-12-11T11:01:09.584114,bike_02744
2025-12-11T11:01:12.653046,bike_67444
2025-12-11T05:01:05.767786,bike_89129
2025-12-11T11:01:11.312812,bike_80846
2025-12-11T11:01:09.232438,bike_70384
2025-12-11T11:01:16.010707,bike_16405
2025-12-11T11:01:11.992877,bike_63861
2025-12-11T11:01:13.011497,bike_50307
2025-12-11T11:01:06.232673,bike_51999
2025-12-11T11:01:07.872945,bike_20603
2025-12-09T17:01:14.145739,bike_79399
2025-12-11T11:01:16.533588,bike_69224
2025-12-11T05:01:08.967797,bike_77860
2025-12-11T05:01:08.151293,bike_88621
2025-12-11T05:01:12.276528,bike_44579
2025-12-11T11:01:15.490563,bike_51985
2025-12-11T11:01:08.433346,bike_89360
2025-12-11T11:01:14.234031,bike_16242
2025-12-11T11:01:08.791181,bike_56001
2025-12-11T11:01:10.711330,bike_01335
2025-12-11T11:01:12.090350,bike_47717
2025-12-01T05:01:05.973782,bike_07103
2025-12-11T11:01:15.632103,bike_46536
2025-12-04T05:01:05.129415,bike_45235
2025-12-10T11:01:04.422670,bike_55413
2025-12-11T11:01:13.184323,bike_51235
2025-12-11T11:01:13.991211,bike_00233
2025-12-11T11:01:11.935205,bike_55233
2025-12-11T11:01:06.984199,bike_77145
2025-12-11T11:01:15.872695,bike_47219
2025-12-11T11:01:14.272947,bike_16022
2025-12-11T11:01:13.364619,bike_88432
2025-12-11T11:01:14.300748,bike_53168
2025-12-11T11:01:10.064157,bike_74717
2025-12-11T11:01:16.504241,bike_86027
2025-12-11T11:01:14.679314,bike_72204
2025-12-11T11:01:10.190681,bike_88583
2025-12-11T11:01:10.010305,bike_45287
2025-12-11T11:01:08.724181,bike_71249
2025-12-11T11:01:15.104189,bike_22124
2025-12-11T11:01:06.024165,bike_44419
2025-12-06T05:01:10.365563,bike_25457
2025-12-11T11:01:06.810046,bike_73375
2025-12-11T05:01:12.430358,bike_47642
2025-12-11T11:01:11.244200,bike_80253
2025-12-11T11:01:13.875650,bike_78098
2025-12-11T11:01:11.830396,bike_51578
2025-12-11T11:01:08.604209,bike_85321
2025-12-11T11:01:09.613347,bike_76593
2025-12-08T17:01:11.796255,bike_03686
2025-12-11T11:01:07.024169,bike_77740
2025-12-10T23:01:14.228711,bike_89374
2025-12-11T05:01:12.756805,bike_05527
2025-12-11T11:01:16.104129,bike_67671
2025-12-11T11:01:13.671242,bike_72417
2025-12-11T11:01:08.591636,bike_12534
2025-12-11T05:01:07.421971,bike_58923
2025-12-11T11:01:10.571937,bike_23815
2025-12-11T11:01:06.144119,bike_05923
2025-12-11T11:01:06.424134,bike_45292
2025-12-11T11:01:15.711612,bike_07817
2025-12-11T05:01:08.448480,bike_81763
2025-12-09T17:01:12.778632,bike_89171
2025-12-11T11:01:14.153403,bike_60574
2025-12-11T11:01:12.890592,bike_62588
2025-12-11T11:01:07.084187,bike_81861
2025-12-11T11:01:05.924275,bike_68080
2025-12-09T05:01:11.424722,bike_46079
2025-12-11T11:01:11.033607,bike_17664
2025-12-11T11:01:14.609874,bike_62008
2025-12-11T11:01:12.984336,bike_45052
2025-12-11T11:01:12.913208,bike_39280
2025-11-29T23:01:07.903360,bike_35209
2025-12-11T11:01:12.804203,bike_71244
2025-12-11T11:01:06.433355,bike_79045
2025-12-11T11:01:12.971161,bike_47482
2025-12-11T11:01:08.870220,bike_89329
2025-12-08T11:01:04.042409,bike_70337
2025-12-11T05:01:06.090904,bike_80491
2025-12-11T11:01:13.344208,bike_13510
2025-12-11T11:01:16.704169,bike_80305
2025-12-11T11:01:06.232688,bike_61169
2025-12-11T11:01:06.032995,bike_61320
2025-12-11T11:01:11.424135,bike_77642
2025-12-11T11:01:10.693095,bike_47508
2025-12-11T11:01:13.904185,bike_51409
2025-12-11T11:01:11.064184,bike_44895
2025-12-11T11:01:09.129918,bike_42571
2025-12-11T11:01:08.473449,bike_53437
2025-12-11T11:01:16.864282,bike_43432
2025-12-11T11:01:07.724958,bike_47732
2025-12-11T11:01:14.609890,bike_21366
2025-12-11T11:01:08.232188,bike_24983
2025-12-11T11:01:09.193096,bike_80976
2025-12-11T11:01:16.932107,bike_52307
2025-12-11T11:01:15.971182,bike_78046
2025-12-04T23:01:12.540620,bike_58937
2025-12-11T11:01:05.933198,bike_88752
2025-12-11T11:01:07.244202,bike_67428
2025-12-11T11:01:09.653369,bike_03786
2025-12-11T11:01:16.170798,bike_88031
2025-12-11T11:01:16.604314,bike_47038
2025-12-11T11:01:14.704157,bike_81647
2025-12-11T11:01:14.353177,bike_22529
2025-12-11T11:01:11.012454,bike_78489
2025-12-11T11:01:07.510751,bike_69799
2025-12-11T11:01:15.273282,bike_69139
2025-12-11T11:01:08.844174,bike_73180
2025-12-11T11:01:12.390260,bike_46908
2025-12-11T11:01:06.152940,bike_67599
2025-12-11T05:01:03.921832,bike_45737
2025-12-11T05:01:13.049708,bike_62360
2025-12-11T11:01:12.764137,bike_82217
2025-12-11T11:01:07.489282,bike_89985
2025-12-11T11:01:12.904144,bike_89506
2025-12-11T11:01:11.670333,bike_77280
2025-12-11T11:01:10.554062,bike_75830
2025-11-28T05:01:29.130205,bike_78199
2025-12-10T05:01:06.011629,bike_81443
2025-12-11T11:01:05.843989,bike_03407
2025-12-11T11:01:13.312219,bike_46591
2025-12-11T11:01:08.491071,bike_60183
2025-12-11T11:01:16.973494,bike_43580
2025-12-11T11:01:11.813266,bike_79098
2025-12-11T11:01:12.604056,bike_52084
2025-12-11T11:01:07.684137,bike_53190
2025-12-11T11:01:12.724212,bike_37281
2025-12-11T11:01:16.481070,bike_52751
2025-12-11T11:01:15.733436,bike_72614
2025-12-11T11:01:06.609831,bike_10243
2025-12-11T11:01:06.744140,bike_16648
2025-12-11T11:01:16.481100,bike_70056
2025-12-11T11:01:15.930317,bike_78403
2025-12-11T11:01:11.151259,bike_80951
2025-12-11T11:01:05.914825,bike_48099
2025-12-11T11:01:09.370831,bike_74314
2025-12-11T11:01:10.131160,bike_76891
2025-12-11T11:01:10.900229,bike_70700
2025-12-11T11:01:06.953108,bike_75780
2025-12-11T11:01:07.725003,bike_72466
2025-12-11T11:01:11.344227,bike_71194
2025-12-06T17:01:13.037457,bike_47905
2025-12-11T11:01:09.773259,bike_74708
2025-12-11T11:01:12.104925,bike_04577
2025-12-11T11:01:16.873272,bike_23847
2025-12-11T11:01:11.113314,bike_47624
2025-12-11T11:01:12.292629,bike_57992
2025-12-10T23:01:05.938382,bike_47968
2025-12-11T11:01:09.090386,bike_46857
2025-12-11T11:01:09.512828,bike_62484
2025-12-11T11:01:14.504185,bike_43531
2025-12-11T11:01:08.953438,bike_69446
2025-12-11T11:01:08.251503,bike_80067
2025-12-11T11:01:06.249251,bike_46506
2025-12-11T11:01:16.850011,bike_81061
2025-12-11T11:01:07.173303,bike_79477
2025-12-11T11:01:09.764099,bike_60648
2025-12-11T11:01:11.953279,bike_03053
2025-12-08T11:01:09.133657,bike_70319
2025-11-29T05:01:09.176831,bike_88787
2025-12-11T11:01:10.971273,bike_73252
2025-12-11T11:01:16.424244,bike_72729
2025-12-11T11:01:12.244232,bike_67651
2025-12-11T11:01:07.970105,bike_53316
2025-12-11T11:01:12.504132,bike_89462
2025-12-09T17:01:05.965823,bike_46182
2025-12-11T11:01:11.889492,bike_53371
2025-12-11T11:01:07.109991,bike_60079
2025-12-11T05:01:08.831528,bike_44965
2025-12-08T17:01:03.503987,bike_12196
2025-12-11T11:01:11.851794,bike_51573
2025-12-11T11:01:06.270293,bike_67730
2025-12-11T11:01:07.470164,bike_55371
2025-12-11T11:01:09.870796,bike_04079
2025-12-11T11:01:16.864262,bike_46648
2025-12-10T11:01:05.629005,bike_61828
2025-12-11T11:01:11.012467,bike_70646
2025-12-11T11:01:11.064228,bike_82251
2025-12-10T17:01:03.389159,bike_89799
2025-12-11T11:01:08.653052,bike_58732
2025-12-11T11:01:11.124150,bike_10814
2025-12-11T11:01:10.554039,bike_55895
2025-12-11T11:01:14.951949,bike_20257
2025-12-11T11:01:17.031226,bike_77247
2025-12-11T11:01:11.550954,bike_73925
2025-12-11T11:01:10.504180,bike_20802
2025-12-01T17:01:07.739702,bike_88799
2025-12-11T11:01:10.474952,bike_23832
2025-12-11T11:01:15.793625,bike_63091
2025-12-11T11:01:11.644162,bike_02849
2025-12-10T23:01:10.168721,bike_79593
2025-12-11T05:01:02.830966,bike_52034
2025-11-29T05:01:06.579862,bike_72432
2025-12-11T11:01:09.470450,bike_76988
2025-12-11T11:01:13.613457,bike_00296
2025-12-06T17:01:09.126532,bike_51988
2025-12-11T11:01:16.250972,bike_43314
2025-12-11T11:01:13.631222,bike_73003
2025-12-11T05:01:03.361869,bike_72117
2025-12-11T11:01:05.968574,bike_43644
2025-12-11T11:01:11.024131,bike_72299
2025-11-28T05:01:45.615968,bike_24413
2025-12-01T05:01:13.053766,bike_79567
2025-12-11T11:01:08.314071,bike_67449
2025-12-11T11:01:12.709844,bike_86102
2025-12-11T11:01:08.724198,bike_78027
2025-12-11T11:01:16.453629,bike_67924
2025-12-11T11:01:17.009731,bike_73877
2025-12-11T11:01:05.993427,bike_89091
2025-12-11T11:01:10.104258,bike_43675
2025-12-11T11:01:15.104165,bike_21022
2025-12-11T11:01:07.984186,bike_07861
2025-12-11T11:01:13.893738,bike_72732
2025-12-11T11:01:10.984855,bike_23757
2025-12-11T11:01:12.612566,bike_02253
2025-12-11T11:01:17.052919,bike_47186
2025-12-11T11:01:07.411170,bike_85029
2025-12-11T11:01:14.370164,bike_51830
2025-12-11T11:01:11.073426,bike_17447
2025-12-11T05:01:10.801871,bike_80060
2025-12-11T11:01:10.284245,bike_69303
2025-12-11T11:01:09.653320,bike_21725
2025-12-11T11:01:06.932387,bike_21662
2025-12-11T11:01:08.844169,bike_47900
2025-12-11T11:01:10.971265,bike_71788
2025-12-11T11:01:17.000121,bike_46415
2025-12-11T11:01:07.330193,bike_45605
2025-12-11T05:01:05.827968,bike_77883
2025-12-11T11:01:08.191317,bike_58510
2025-12-11T11:01:15.404226,bike_75062
2025-12-11T11:01:07.070502,bike_38350
2025-12-11T11:01:08.150638,bike_81691
2025-12-11T11:01:06.224121,bike_46927
2025-12-11T11:01:14.464130,bike_52170
2025-12-10T05:01:04.037123,bike_58579
2025-12-11T11:01:09.414241,bike_46629
2025-12-11T11:01:08.891775,bike_89667
2025-12-11T11:01:09.104193,bike_46434
2025-12-11T11:01:16.104170,bike_42641
2025-12-11T11:01:08.953446,bike_80773
2025-12-03T23:01:10.018148,bike_44231
2025-12-11T11:01:09.414219,bike_58363
2025-12-11T11:01:11.424159,bike_45344
2025-12-11T11:01:13.127057,bike_77564
2025-12-11T11:01:12.333233,bike_46654
2025-12-04T23:01:11.620653,bike_71690
2025-11-28T11:01:28.663672,bike_80453
2025-12-11T11:01:07.510756,bike_61245
2025-12-11T11:01:08.150698,bike_53276
2025-12-11T11:01:11.752916,bike_43572
2025-12-11T11:01:13.904167,bike_79775
2025-12-11T11:01:11.944427,bike_76980
2025-12-11T11:01:08.232223,bike_74504
2025-11-28T17:01:07.963781,bike_62350
2025-12-11T11:01:12.190439,bike_86056
2025-12-11T11:01:08.024229,bike_73671
2025-12-11T11:01:06.184111,bike_23395
2025-12-11T11:01:15.333235,bike_51829
2025-12-01T05:01:04.023394,bike_69588
2025-12-11T11:01:13.753360,bike_88452
2025-12-10T17:01:06.541768,bike_19855
2025-12-11T11:01:10.724187,bike_25264
2025-12-11T11:01:14.383619,bike_50626
2025-12-11T11:01:12.612660,bike_77738
2025-12-11T11:01:16.072945,bike_69093
2025-12-11T11:01:08.732918,bike_56175
2025-12-11T11:01:16.713080,bike_75941
2025-12-11T11:01:12.653096,bike_56570
2025-12-11T11:01:16.233653,bike_50389
2025-12-11T11:01:12.813092,bike_04197
2025-12-11T11:01:08.992916,bike_60391
2025-12-11T11:01:10.909051,bike_21547
2025-12-11T11:01:14.704171,bike_05967
2025-12-11T11:01:16.072978,bike_80086
2025-12-11T11:01:06.704197,bike_23786
2025-12-11T05:01:11.962000,bike_08103
2025-12-11T11:01:06.904243,bike_42767
2025-12-11T11:01:15.430652,bike_03048
2025-12-11T11:01:05.968598,bike_69769
2025-12-11T11:01:13.544237,bike_70150
2025-12-11T11:01:09.613370,bike_77383
2025-12-11T11:01:11.330468,bike_52128
2025-12-11T11:01:06.664142,bike_69050
2025-12-11T11:01:09.684196,bike_69506
2025-12-11T11:01:15.553115,bike_62579
2025-12-06T23:01:14.084886,bike_43489
2025-12-11T11:01:13.744179,bike_81761
2025-12-11T11:01:15.872706,bike_16984
2025-12-11T11:01:12.593661,bike_68437
2025-12-11T11:01:12.984325,bike_74891
2025-12-11T11:01:15.828858,bike_19626
2025-12-11T05:01:05.191860,bike_75632
2025-12-08T11:01:12.045254,bike_89977
2025-12-11T11:01:17.009682,bike_63179
2025-12-11T11:01:14.383572,bike_51920
2025-12-11T11:01:10.554051,bike_17326
2025-12-11T11:01:09.224197,bike_50370
2025-12-11T11:01:09.970559,bike_51978
2025-12-11T11:01:13.973683,bike_46918
2025-12-11T11:01:16.490572,bike_53422
2025-12-11T11:01:14.449841,bike_89980
2025-12-11T11:01:08.684194,bike_46406
2025-11-29T23:01:05.995354,bike_77242
2025-12-11T11:01:12.930346,bike_72590
2025-12-11T11:01:10.930165,bike_62646
2025-12-11T11:01:16.932082,bike_13427
2025-12-11T11:01:13.991198,bike_56495
2025-12-07T05:01:00.870027,bike_62536
2025-12-11T11:01:11.533529,bike_20871
2025-12-11T05:01:10.350095,bike_68106
2025-12-11T11:01:13.312188,bike_25617
2025-12-07T05:01:00.295466,bike_73397
2025-12-11T11:01:07.344194,bike_61188
2025-12-11T11:01:15.504183,bike_09501
2025-12-11T11:01:12.670196,bike_51774
2025-12-11T11:01:07.304147,bike_67059
2025-12-11T11:01:07.092854,bike_69147
2025-12-11T11:01:06.193076,bike_46243
2025-12-11T11:01:16.251019,bike_05269
2025-12-09T23:01:08.131707,bike_30266
2025-12-11T11:01:08.693211,bike_20466
2025-12-11T11:01:12.073025,bike_12452
2025-12-11T11:01:06.486009,bike_43194
2025-12-11T11:01:07.944131,bike_45161
2025-12-08T23:01:08.457618,bike_57155
2025-12-10T11:01:02.813381,bike_01097
2025-12-11T11:01:08.273243,bike_06775
2025-12-09T17:01:12.587920,bike_26164
2025-12-11T11:01:14.730567,bike_63641
2025-12-11T11:01:14.951898,bike_75056
2025-12-11T11:01:10.953294,bike_22373
2025-12-11T11:01:10.531041,bike_01878
2025-12-11T11:01:13.293284,bike_63560
2025-12-11T11:01:10.544217,bike_88619
2025-12-11T11:01:12.864193,bike_89999
2025-12-11T11:01:12.830081,bike_52024
2025-12-11T11:01:11.353152,bike_73781
2025-12-11T05:01:13.741899,bike_80935
2025-12-11T11:01:11.984171,bike_77005
2025-12-11T11:01:10.554080,bike_43522
2025-12-11T11:01:12.033508,bike_69075
2025-12-11T11:01:16.113549,bike_18253
2025-12-11T11:01:15.430677,bike_40252
2025-12-11T11:01:12.050631,bike_63778
2025-12-11T11:01:12.104891,bike_50439
2025-12-11T11:01:15.971207,bike_19876
2025-12-11T11:01:11.791841,bike_89967
2025-12-11T11:01:13.324205,bike_10351
2025-12-11T11:01:16.564203,bike_88972
2025-12-01T11:01:12.037313,bike_77579
2025-12-11T11:01:08.970808,bike_71181
2025-12-11T11:01:16.299220,bike_44531
2025-12-11T11:01:06.713220,bike_74045
2025-12-11T11:01:08.033397,bike_89333
2025-12-11T11:01:09.470461,bike_82297
2025-12-11T05:01:06.571341,bike_74073
2025-12-11T11:01:06.971052,bike_52407
2025-12-11T11:01:07.694398,bike_43483
2025-12-11T11:01:10.333427,bike_77046
2025-12-11T11:01:14.432745,bike_46276
2025-12-11T11:01:16.630969,bike_21299
2025-12-11T11:01:15.984190,bike_89695
2025-12-11T11:01:13.391010,bike_73944
2025-12-11T11:01:14.091691,bike_50491
2025-12-11T11:01:16.433535,bike_00270
2025-12-11T11:01:06.770242,bike_85030
2025-12-11T11:01:14.813151,bike_10913
2025-12-11T05:01:07.181963,bike_50611
2025-12-11T11:01:11.524187,bike_45440
2025-12-11T11:01:12.430834,bike_89316
2025-12-11T11:01:12.309983,bike_45473
2025-12-11T11:01:09.870811,bike_24786
2025-12-11T11:01:13.584203,bike_25276
2025-12-11T11:01:08.064169,bike_05638
2025-12-11T11:01:09.090428,bike_47458
2025-12-09T05:01:05.837605,bike_67324
2025-12-11T05:01:04.581967,bike_32222
2025-12-11T11:01:10.424216,bike_43108
2025-12-01T11:01:10.286307,bike_27076
2025-12-11T11:01:16.299246,bike_69580
2025-12-11T11:01:11.912968,bike_72428
2025-12-11T11:01:16.824146,bike_61609
2025-12-11T11:01:08.104201,bike_01976
2025-12-11T11:01:06.270288,bike_85218
2025-12-11T11:01:15.024146,bike_50531
2025-12-11T11:01:06.713191,bike_78006
2025-12-11T11:01:10.413559,bike_17740
2025-12-11T11:01:07.604244,bike_75132
2025-12-11T11:01:12.944243,bike_72351
2025-12-11T11:01:08.010813,bike_17837
2025-12-11T11:01:08.290445,bike_46660
2025-12-11T11:01:16.272647,bike_41638
2025-12-08T17:01:03.183774,bike_19313
2025-12-11T11:01:11.424177,bike_19770
2025-12-11T11:01:15.610627,bike_45466
2025-12-11T11:01:08.764199,bike_55855
2025-12-11T11:01:06.770266,bike_70597
2025-12-11T05:01:12.470745,bike_88885
2025-12-11T11:01:07.204178,bike_85200
2025-12-11T11:01:08.630110,bike_74831
2025-12-11T11:01:16.424253,bike_22413
2025-12-11T11:01:09.944213,bike_53058
2025-12-11T11:01:13.693060,bike_63875
2025-12-11T11:01:16.064191,bike_68341
2025-12-11T11:01:10.984808,bike_79401
2025-12-11T11:01:10.684159,bike_52066
2025-12-09T05:01:14.203769,bike_72148
2025-12-10T23:01:05.478235,bike_88942
2025-12-11T11:01:14.730562,bike_19441
2025-12-11T11:01:08.891778,bike_16425
2025-12-11T11:01:16.384288,bike_89838
2025-12-11T11:01:13.553602,bike_80394
2025-12-10T23:01:09.675216,bike_78473
2025-12-11T11:01:09.684156,bike_21021
2025-12-11T11:01:08.010843,bike_52226
2025-12-11T05:01:04.688870,bike_80199
2025-12-10T11:01:11.742612,bike_61979
2025-12-11T11:01:09.644200,bike_61176
2025-12-11T11:01:09.470436,bike_62889
2025-12-10T23:01:08.915550,bike_68886
2025-12-11T11:01:16.312503,bike_81484
2025-12-11T11:01:07.533032,bike_51205
2025-12-11T11:01:17.031258,bike_75666
2025-12-11T11:01:14.670946,bike_25758
2025-12-09T05:01:09.607105,bike_74699
2025-12-11T11:01:16.324161,bike_88295
2025-12-11T11:01:16.644269,bike_22070
2025-12-11T11:01:10.131147,bike_77736
2025-12-11T05:01:06.548122,bike_17804
2025-12-11T11:01:14.184145,bike_21184
2025-12-11T11:01:12.090338,bike_44188
2025-12-11T11:01:09.644224,bike_45895
2025-12-11T11:01:06.504342,bike_11796
2025-12-11T11:01:06.850024,bike_89254
2025-12-11T11:01:11.164220,bike_58361
2025-12-11T11:01:11.113316,bike_88911
2025-12-11T11:01:14.210149,bike_53364
2025-12-11T11:01:13.271562,bike_68297
2025-12-10T11:01:06.553441,bike_68695
2025-12-11T11:01:15.390307,bike_57108
2025-12-11T11:01:09.930890,bike_78003
2025-12-11T11:01:13.553641,bike_44609
2025-12-11T11:01:13.875637,bike_52504
2025-12-11T11:01:06.494738,bike_47429
2025-12-09T11:01:10.505169,bike_55231
2025-12-11T11:01:08.353213,bike_45710
2025-12-11T11:01:08.984185,bike_46492
2025-12-11T11:01:09.453197,bike_72239
2025-12-11T11:01:06.024148,bike_67856
2025-12-11T11:01:15.451903,bike_25239
2025-12-11T11:01:13.071822,bike_20456
2025-12-11T11:01:08.764232,bike_76993
2025-12-11T11:01:16.769749,bike_72602
2025-12-11T11:01:07.952899,bike_23831
2025-12-11T11:01:10.424211,bike_12835
2025-12-11T11:01:08.064173,bike_17785
2025-12-11T11:01:08.491055,bike_77612
2025-11-28T11:01:46.543807,bike_52075
2025-12-11T11:01:12.309991,bike_79448
2025-12-11T11:01:11.670335,bike_52873
2025-12-11T11:01:07.930228,bike_82515
2025-12-11T11:01:10.755210,bike_71612
2025-12-11T11:01:14.531124,bike_55016
2025-12-11T11:01:08.944113,bike_75504
2025-12-02T17:01:04.299345,bike_43410
2025-12-11T11:01:17.052921,bike_50638
2025-12-11T11:01:05.968619,bike_16872
2025-12-11T11:01:07.204194,bike_76625
2025-12-11T11:01:09.470452,bike_25149
2025-12-11T11:01:08.050899,bike_15973
2025-12-11T11:01:14.649893,bike_62411
2025-12-11T11:01:10.311261,bike_45310
2025-12-11T11:01:16.784120,bike_26328
2025-12-11T05:01:09.488326,bike_72142
2025-12-10T23:01:10.804612,bike_27100
2025-12-11T11:01:12.270457,bike_78590
2025-12-10T05:01:10.520551,bike_82510
2025-12-11T11:01:08.844196,bike_61017
2025-12-01T17:01:11.467669,bike_47770
2025-12-11T11:01:07.672435,bike_18025
2025-12-11T11:01:07.550546,bike_79608
2025-12-11T11:01:11.290404,bike_68544
2025-12-11T11:01:12.550716,bike_11686
2025-12-11T11:01:10.831096,bike_61789
2025-12-11T11:01:15.820060,bike_79026
2025-12-10T11:01:09.502937,bike_78211
2025-12-11T11:01:11.709982,bike_12330
2025-12-10T17:01:05.518395,bike_70549
2025-12-11T11:01:06.494824,bike_10309
2025-12-11T11:01:16.810291,bike_72144
2025-12-11T11:01:10.113551,bike_80252
2025-12-11T11:01:06.504385,bike_89668
2025-12-11T11:01:13.364593,bike_79205
2025-12-11T11:01:15.464166,bike_44686
2025-12-11T11:01:17.009685,bike_78499
2025-11-30T05:01:14.388627,bike_81508
2025-12-11T11:01:11.273259,bike_85339
2025-12-11T05:01:05.433913,bike_55908
2025-12-11T11:01:12.010464,bike_43554
2025-12-11T11:01:16.364216,bike_79585
2025-12-11T11:01:06.650535,bike_71459
2025-12-11T11:01:09.724138,bike_74177
2025-12-11T11:01:16.384261,bike_00165
2025-12-11T11:01:10.571933,bike_71083
2025-12-11T11:01:10.144364,bike_47602
2025-12-11T11:01:06.849985,bike_69709
2025-12-11T11:01:08.750020,bike_50382
2025-12-11T11:01:15.364216,bike_73999
2025-12-11T11:01:15.192902,bike_62451
2025-12-11T11:01:14.344188,bike_73875
2025-12-11T11:01:05.933204,bike_80912
2025-12-11T05:01:04.608296,bike_78091
2025-12-11T11:01:12.324159,bike_88062
2025-12-11T11:01:08.764215,bike_42579
2025-12-11T11:01:11.533499,bike_44776
2025-12-11T11:01:06.873115,bike_76408
2025-12-11T11:01:08.232234,bike_85112
2025-12-06T17:01:11.646390,bike_10389
2025-12-11T11:01:13.693016,bike_89797
2025-12-11T11:01:09.264231,bike_80265
2025-11-28T11:01:41.244535,bike_50898
2025-12-11T11:01:09.353528,bike_77149
2025-12-11T11:01:12.913170,bike_05328
2025-12-11T05:01:07.828556,bike_88264
2025-12-11T11:01:06.249253,bike_69422
2025-12-11T11:01:11.724185,bike_72192
2025-12-11T11:01:14.649857,bike_46560
2025-12-11T11:01:12.204139,bike_16268
2025-12-02T11:01:12.591192,bike_78125
2025-12-11T11:01:14.513409,bike_69532
2025-12-11T11:01:11.213459,bike_72908
2025-12-08T23:01:12.015603,bike_55015
2025-12-11T11:01:07.810149,bike_61818
2025-12-11T11:01:16.573698,bike_70539
2025-12-11T05:01:05.270958,bike_48049
2025-12-11T11:01:15.811119,bike_89688
2025-12-08T17:01:07.576743,bike_46582
2025-12-01T23:01:03.587619,bike_23237
2025-12-11T11:01:08.749987,bike_62135
2025-12-11T05:01:07.509043,bike_85109
2025-12-11T11:01:06.170071,bike_19926
2025-12-11T11:01:13.111249,bike_04396
2025-12-06T23:01:10.824920,bike_79428
2025-12-11T11:01:10.971275,bike_09715
2025-12-11T11:01:09.210624,bike_58325
2025-12-11T05:01:11.970568,bike_89406
2025-12-06T23:01:11.313804,bike_07571
2025-12-11T11:01:06.210059,bike_43446
2025-12-11T11:01:10.284188,bike_75114
2025-12-11T11:01:16.350853,bike_88628
2025-12-11T11:01:15.610635,bike_69697
2025-12-11T11:01:07.393489,bike_81066
2025-12-11T11:01:17.052930,bike_45491
2025-12-05T17:01:06.033385,bike_88927
2025-12-09T17:01:08.966283,bike_44969
2025-12-11T11:01:15.872735,bike_45625
2025-12-11T11:01:08.552122,bike_02489
2025-12-11T11:01:15.251780,bike_47037
2025-12-11T11:01:11.813276,bike_47395
2025-11-30T17:01:06.931928,bike_56446
2025-12-11T11:01:13.312195,bike_24163
2025-12-11T11:01:14.424186,bike_25572
2025-12-11T05:01:03.066667,bike_67233
2025-12-11T11:01:16.024167,bike_25278
2025-12-11T11:01:12.244224,bike_22455
2025-12-11T11:01:07.164124,bike_47967
2025-11-28T17:01:07.575844,bike_17984
2025-12-11T11:01:10.890934,bike_52214
2025-12-11T11:01:09.414197,bike_74783
2025-12-11T11:01:09.530353,bike_10770
2025-12-11T11:01:07.744194,bike_09570
2025-12-11T11:01:07.573515,bike_76886
2025-12-11T11:01:15.170423,bike_47571
2025-12-11T11:01:13.284202,bike_78302
2025-12-11T11:01:08.164237,bike_03215
2025-12-11T11:01:06.650543,bike_47275
2025-12-11T11:01:12.864190,bike_18202
2025-12-11T11:01:07.645188,bike_00916
2025-12-09T17:01:12.407977,bike_46754
2025-12-11T11:01:10.073707,bike_73955
2025-12-11T11:01:16.433555,bike_58729
2025-12-11T11:01:06.731165,bike_53040
2025-12-11T11:01:09.224175,bike_71886
2025-12-11T11:01:14.870501,bike_80830
2025-12-08T23:01:11.166295,bike_41024
2025-12-11T11:01:08.164253,bike_67069
2025-12-11T11:01:09.210599,bike_70362
2025-12-11T11:01:08.613027,bike_47509
2025-12-11T11:01:05.993448,bike_62315
2025-12-11T11:01:15.820030,bike_69090
2025-12-06T23:01:12.953127,bike_79329
2025-12-11T11:01:11.164240,bike_78033
2025-12-11T11:01:07.292112,bike_79254
2025-12-10T17:01:03.538251,bike_77962
2025-12-11T11:01:09.631256,bike_78847
2025-12-11T11:01:10.900209,bike_52064
2025-12-10T17:01:06.937588,bike_58815
2025-12-10T23:01:12.648707,bike_56631
2025-12-10T05:01:02.477156,bike_74971
2025-11-29T05:01:06.896697,bike_51508
2025-12-11T11:01:13.170748,bike_37426
2025-12-11T05:01:10.668923,bike_89966
2025-12-11T11:01:10.364202,bike_88445
2025-12-08T17:01:07.964656,bike_74602
2025-12-11T11:01:09.813724,bike_24388
2025-12-11T11:01:11.273234,bike_81005
2025-12-11T11:01:09.804074,bike_72808
2025-12-11T11:01:09.631224,bike_72892
2025-12-10T23:01:06.957893,bike_67001
2025-12-11T11:01:14.251468,bike_77458
2025-12-11T11:01:10.230096,bike_52925
2025-12-11T11:01:12.309962,bike_44999
2025-12-11T11:01:17.009711,bike_78345
2025-12-11T11:01:13.170720,bike_69589
2025-12-11T11:01:10.433575,bike_62630
2025-12-11T11:01:13.584227,bike_50729
2025-12-04T05:01:03.831776,bike_78931
2025-12-11T11:01:12.764179,bike_89429
2025-12-11T11:01:11.692827,bike_24727
2025-12-11T11:01:05.993442,bike_51391
2025-12-01T05:01:06.321049,bike_70079
2025-12-11T11:01:12.751739,bike_58976
2025-12-11T11:01:11.752864,bike_10507
2025-12-11T11:01:16.072918,bike_74722
2025-12-11T11:01:13.584198,bike_52975
2025-12-11T11:01:08.684201,bike_09018
2025-12-07T17:01:09.107549,bike_88832
2025-12-11T11:01:08.604177,bike_21593
2025-12-11T11:01:14.649870,bike_74130
2025-12-11T11:01:06.770248,bike_58070
2025-12-11T11:01:14.424207,bike_70710
2025-12-11T11:01:15.264262,bike_07916
2025-12-11T11:01:11.604208,bike_42506
2025-12-11T05:01:12.730710,bike_01892
2025-12-11T11:01:10.755239,bike_45563
2025-12-11T11:01:12.684224,bike_58698
2025-12-11T11:01:10.144389,bike_62608
2025-12-11T11:01:06.090343,bike_08009
2025-12-11T11:01:10.790840,bike_70878
2025-12-11T11:01:15.324212,bike_17757
2025-12-11T11:01:08.173793,bike_72310
2025-11-28T11:01:37.204556,bike_23761
2025-12-11T11:01:08.050875,bike_19666
2025-12-11T11:01:17.070160,bike_70933
2025-12-11T11:01:06.112819,bike_47710
2025-12-11T11:01:06.033014,bike_70137
2025-12-03T11:01:09.077300,bike_45439
2025-12-11T11:01:12.573684,bike_82554
2025-12-11T05:01:13.468422,bike_62107
2025-12-11T11:01:10.230102,bike_80041
2025-12-11T05:01:07.041901,bike_79095
2025-12-11T11:01:13.973634,bike_26025
2025-12-11T11:01:15.350474,bike_71412
2025-12-11T11:01:07.523728,bike_46650
2025-12-11T11:01:11.033599,bike_43612
2025-12-11T11:01:16.481068,bike_62356
2025-12-11T11:01:11.384185,bike_19445
2025-12-11T11:01:10.790824,bike_77274
2025-12-10T23:01:06.576551,bike_09007
2025-12-11T11:01:06.624159,bike_61543
2025-12-11T11:01:17.070168,bike_04968
2025-12-11T11:01:07.824146,bike_00618
2025-12-11T11:01:11.344196,bike_51239
2025-12-11T11:01:15.364191,bike_77310
2025-12-11T11:01:11.644205,bike_45256
2025-12-11T11:01:16.290087,bike_43744
2025-12-11T11:01:07.213154,bike_71127
2025-12-11T11:01:15.144145,bike_72519
2025-12-11T11:01:16.211523,bike_23190
2025-12-11T11:01:10.424224,bike_80038
2025-12-11T11:01:11.889508,bike_71837
2025-12-11T11:01:13.584183,bike_03595
2025-12-05T23:01:09.111182,bike_47844
2025-12-11T11:01:16.792871,bike_77105
2025-12-11T11:01:10.693112,bike_26824
2025-12-06T23:01:06.054766,bike_47740
2025-12-11T11:01:07.645177,bike_09701
2025-12-11T11:01:16.551397,bike_46051
2025-12-11T11:01:10.864181,bike_74650
2025-12-11T11:01:11.173217,bike_69636
2025-12-11T11:01:11.450472,bike_52296
2025-12-11T11:01:11.133287,bike_88953
2025-12-11T05:01:08.942041,bike_75130
2025-12-11T11:01:12.244206,bike_75066
2025-12-11T11:01:16.481102,bike_88428
2025-12-11T11:01:15.872722,bike_89151
2025-12-03T05:01:08.609030,bike_44118
2025-12-11T11:01:06.752930,bike_47229
2025-12-11T11:01:10.050702,bike_60701
2025-12-11T11:01:09.144196,bike_71540
2025-12-11T11:01:11.064211,bike_45840
2025-12-11T11:01:13.093599,bike_44827
2025-12-11T11:01:09.232431,bike_02821
2025-12-11T11:01:11.613506,bike_45660
2025-12-11T11:01:14.513434,bike_20435
2025-12-11T11:01:12.213337,bike_51898
2025-12-11T11:01:14.704159,bike_67860
2025-12-11T11:01:10.632240,bike_89153
2025-12-11T05:01:07.602009,bike_56699
2025-12-11T11:01:07.810141,bike_70703
2025-12-11T11:01:15.530734,bike_44228
2025-12-11T11:01:16.673450,bike_56656
2025-12-11T11:01:11.744212,bike_47251
2025-12-11T11:01:08.591597,bike_74455
2025-12-11T11:01:13.293274,bike_57952
2025-12-11T11:01:12.629944,bike_14691
2025-12-11T11:01:10.373320,bike_46708
2025-12-11T11:01:14.853024,bike_52966
2025-12-11T11:01:14.324216,bike_09697
2025-12-11T11:01:06.024141,bike_23642
2025-12-11T11:01:14.670933,bike_42566
2025-12-02T17:01:04.424050,bike_63227
2025-12-11T11:01:12.864222,bike_81039
2025-12-11T11:01:15.024173,bike_44744
2025-12-11T11:01:16.730403,bike_13170
2025-12-11T11:01:12.164184,bike_74827
2025-12-11T11:01:12.524201,bike_02948
2025-12-11T11:01:08.944090,bike_76249
2025-12-10T17:01:07.971725,bike_47808
2025-12-11T11:01:06.393150,bike_47245
2025-12-11T11:01:12.413436,bike_21969
2025-12-11T11:01:06.609821,bike_77895
2025-12-11T11:01:10.813640,bike_46559
2025-12-11T11:01:13.253708,bike_58580
2025-12-11T11:01:12.372947,bike_20220
2025-12-09T23:01:14.391186,bike_30273
2025-12-09T05:01:06.497703,bike_08834
2025-12-11T11:01:08.852976,bike_75843
2025-12-11T11:01:11.692807,bike_73456
2025-12-11T11:01:11.935148,bike_46469
2025-12-11T05:01:12.422001,bike_48082
2025-12-11T11:01:16.072975,bike_78393
2025-12-11T11:01:15.904147,bike_46221
2025-12-11T11:01:06.129995,bike_71434
2025-12-11T11:01:08.251516,bike_72638
2025-12-11T11:01:09.353501,bike_81728
2025-12-11T11:01:06.152920,bike_77154
2025-12-11T11:01:10.890904,bike_51643
2025-12-11T11:01:13.093580,bike_19325
2025-12-11T11:01:14.704150,bike_85499
2025-12-11T11:01:16.810307,bike_11800
2025-12-11T11:01:07.792839,bike_80457
2025-12-11T11:01:11.504138,bike_43149
2025-12-11T11:01:13.193701,bike_46624
2025-12-11T11:01:05.950613,bike_62265
2025-12-11T05:01:09.390816,bike_44630
2025-12-11T05:01:11.370950,bike_73443
2025-12-11T11:01:16.850048,bike_72725
2025-12-11T11:01:06.283409,bike_76819
2025-12-11T11:01:14.070158,bike_81461
2025-12-06T11:01:12.560427,bike_73415
2025-12-11T05:01:06.951551,bike_88685
2025-12-11T11:01:11.864206,bike_85016
2025-12-11T11:01:11.050856,bike_70672
2025-11-28T05:01:45.290274,bike_89762
2025-12-11T11:01:14.570971,bike_01624
2025-12-11T11:01:16.251014,bike_52065
2025-12-11T11:01:16.131102,bike_77750
2025-12-11T11:01:06.049735,bike_08899
2025-12-11T11:01:15.390338,bike_47606
2025-12-11T11:01:10.900192,bike_09836
2025-12-11T11:01:10.364221,bike_46316
2025-12-11T11:01:08.653127,bike_80711
2025-12-11T11:01:07.070545,bike_78748
2025-12-11T11:01:10.790832,bike_47044
2025-12-11T11:01:13.572004,bike_22401
2025-12-11T11:01:06.433342,bike_44152
2025-12-11T11:01:12.629902,bike_44315
2025-12-11T11:01:09.010452,bike_48078
2025-12-11T11:01:16.453647,bike_10940
2025-12-11T11:01:14.144249,bike_85396
2025-12-11T11:01:14.344186,bike_77539
2025-12-11T11:01:17.070130,bike_17709
2025-12-11T11:01:09.129954,bike_08867
2025-12-11T11:01:15.784201,bike_80443
2025-12-11T11:01:16.131074,bike_79603
2025-12-06T17:01:14.286170,bike_35960
2025-12-11T11:01:14.070178,bike_02593
2025-12-07T05:01:01.515781,bike_71030
2025-12-11T11:01:09.631197,bike_52394
2025-12-11T11:01:12.144163,bike_47267
2025-12-11T11:01:07.452521,bike_85092
2025-12-11T11:01:15.324230,bike_72314
2025-12-11T11:01:08.791219,bike_51950
2025-12-11T11:01:10.050671,bike_75102
2025-12-11T11:01:09.930924,bike_21978
2025-12-11T11:01:09.844180,bike_73525
2025-12-11T11:01:11.073415,bike_25291
2025-12-11T05:01:04.007718,bike_75032
2025-12-06T23:01:07.364986,bike_75479
2025-12-11T05:01:04.349913,bike_47208
2025-12-11T05:01:06.810075,bike_75154
2025-12-11T11:01:12.709842,bike_52401
2025-12-11T11:01:14.712907,bike_80881
2025-12-11T11:01:16.290085,bike_72501
2025-12-11T11:01:11.670322,bike_81794
2025-12-11T11:01:07.470171,bike_44972
2025-12-11T11:01:06.024121,bike_61318
2025-12-11T11:01:08.433314,bike_21410
2025-12-11T11:01:16.769741,bike_09023
2025-12-11T11:01:08.904117,bike_71257
2025-12-06T17:01:05.677518,bike_78789
2025-12-11T11:01:17.044159,bike_15415
2025-12-08T23:01:10.777656,bike_58094
2025-12-09T17:01:13.045601,bike_79002
2025-12-11T11:01:08.711648,bike_44726
2025-12-11T11:01:07.591451,bike_20471
2025-12-11T11:01:12.253239,bike_67129
2025-12-11T11:01:08.552082,bike_76349
2025-12-11T11:01:13.413565,bike_05343
2025-12-11T11:01:07.591414,bike_63260
2025-12-10T17:01:02.521914,bike_62691
2025-12-11T11:01:08.684217,bike_45876
2025-12-11T05:01:09.330623,bike_70361
2025-12-11T11:01:09.764148,bike_51057
2025-12-11T11:01:15.632136,bike_73455
2025-12-08T23:01:10.697714,bike_08068
2025-12-11T11:01:06.513956,bike_51313
2025-12-11T11:01:13.613453,bike_80211
2025-12-11T11:01:16.144177,bike_47264
2025-12-11T11:01:14.813185,bike_82298
2025-12-11T11:01:08.232195,bike_42991
2025-12-11T11:01:06.024186,bike_77035
2025-12-11T11:01:06.033051,bike_76976
2025-12-09T11:01:07.307755,bike_43583
2025-12-11T11:01:09.711219,bike_72478
2025-12-11T11:01:13.193766,bike_47917
2025-12-11T11:01:12.504140,bike_75361
2025-12-11T11:01:09.791088,bike_21914
2025-12-11T11:01:10.813663,bike_72898
2025-12-11T11:01:07.684134,bike_50963
2025-12-04T11:01:12.391658,bike_46839
2025-12-11T11:01:10.164205,bike_15703
2025-12-11T11:01:06.193074,bike_70781
2025-12-11T11:01:16.211559,bike_46545
2025-12-11T11:01:06.744117,bike_67144
2025-12-09T17:01:10.885553,bike_53078
2025-12-11T11:01:12.444143,bike_80100
2025-12-07T17:01:05.167577,bike_47079
2025-12-11T11:01:14.310016,bike_05512
2025-12-11T11:01:14.531132,bike_76383
2025-12-10T11:01:08.523015,bike_56622
2025-12-11T11:01:08.904144,bike_50556
2025-12-11T11:01:13.312214,bike_67322
2025-12-11T11:01:08.464209,bike_72132
2025-12-11T11:01:14.924151,bike_07315
2025-12-11T11:01:16.864289,bike_47864
2025-12-10T23:01:14.698053,bike_68324
2025-12-11T11:01:06.713163,bike_69536
2025-12-11T11:01:07.864200,bike_62871
2025-12-11T11:01:14.933323,bike_72550
2025-12-11T11:01:14.730589,bike_44398
2025-12-11T11:01:08.604191,bike_42560
2025-12-11T11:01:12.504155,bike_67018
2025-12-11T11:01:06.393100,bike_07463
2025-12-11T11:01:07.150149,bike_43998
2025-12-11T11:01:08.684220,bike_18483
2025-12-11T11:01:10.164212,bike_15610
2025-12-11T11:01:12.492693,bike_23228
2025-12-11T11:01:13.011482,bike_72107
2025-12-11T05:01:13.701939,bike_75945
2025-12-11T11:01:07.356467,bike_11362
2025-12-11T11:01:06.953095,bike_77661
2025-12-11T05:01:04.842010,bike_85343
2025-12-11T11:01:07.292104,bike_12572
2025-12-11T11:01:12.131851,bike_53381
2025-12-11T11:01:12.024170,bike_44113
2025-12-11T11:01:06.770250,bike_35256
2025-12-11T11:01:17.044207,bike_82301
2025-12-11T11:01:09.305202,bike_72172
2025-12-11T11:01:06.072961,bike_71239
2025-12-11T11:01:10.584219,bike_60011
2025-12-11T11:01:13.271526,bike_51213
2025-12-11T11:01:11.490734,bike_76711
2025-12-11T11:01:08.644195,bike_09758
2025-12-11T05:01:05.988590,bike_75270
2025-12-11T11:01:15.073090,bike_42690
2025-12-11T11:01:08.251488,bike_51782
2025-12-01T17:01:10.978367,bike_56579
2025-12-11T11:01:07.672400,bike_43120
2025-12-11T11:01:16.193512,bike_69163
2025-12-11T11:01:14.210142,bike_58185
2025-12-11T11:01:11.778474,bike_77951
2025-12-11T11:01:07.944136,bike_24256
2025-12-11T11:01:15.820065,bike_47316
2025-12-11T11:01:08.711599,bike_44039
2025-12-11T11:01:16.193525,bike_69456
2025-12-11T11:01:16.810260,bike_89595
2025-12-11T11:01:15.750703,bike_88238
2025-12-11T11:01:13.144218,bike_47987
2025-12-11T05:01:09.208276,bike_88040
2025-12-11T11:01:11.851821,bike_39251
2025-12-11T11:01:12.944266,bike_09995
2025-12-11T11:01:08.251485,bike_88284
2025-12-11T11:01:06.033022,bike_52572
2025-12-11T11:01:08.992925,bike_88749
2025-12-11T05:01:10.428329,bike_78288
2025-12-11T11:01:05.959977,bike_77848
2025-12-11T11:01:12.844217,bike_16814
2025-12-11T11:01:16.752808,bike_80152
2025-12-11T11:01:08.050855,bike_68733
2025-12-11T11:01:16.224226,bike_70441
2025-12-11T11:01:12.993634,bike_63681
2025-12-06T17:01:10.963534,bike_56319
2025-12-11T11:01:10.091009,bike_79870
2025-12-11T11:01:12.684201,bike_44074
2025-12-11T11:01:09.051612,bike_73109
2025-12-11T11:01:10.804157,bike_63379
2025-12-11T05:01:02.490887,bike_47011
2025-12-11T11:01:12.593664,bike_24631
2025-12-11T11:01:13.631235,bike_31649
2025-12-08T17:01:04.065398,bike_77101
2025-12-11T11:01:13.344221,bike_77097
2025-12-11T05:01:05.890279,bike_61488
2025-12-11T11:01:15.373079,bike_45756
2025-12-11T11:01:15.464142,bike_47146
2025-12-11T11:01:09.024194,bike_45164
2025-12-11T11:01:08.604195,bike_46040
2025-12-11T11:01:07.270106,bike_48003
2025-12-11T11:01:09.273374,bike_45690
2025-12-11T11:01:11.630874,bike_81034
2025-12-11T11:01:08.344176,bike_71296
2025-12-11T11:01:07.970137,bike_80759
2025-12-03T11:01:11.511990,bike_88565
2025-12-11T11:01:15.364169,bike_70881
2025-12-10T23:01:07.148740,bike_57856
2025-12-11T05:01:11.922009,bike_38671
2025-12-10T05:01:10.319481,bike_88856
2025-12-11T11:01:08.732904,bike_41635
2025-12-11T05:01:06.331126,bike_19450
2025-12-09T05:01:10.337715,bike_76595
2025-12-11T11:01:08.944069,bike_44366
2025-12-11T05:01:09.141885,bike_79228
2025-12-11T11:01:16.591432,bike_69655
2025-12-11T11:01:11.113334,bike_85391
2025-12-10T23:01:06.534632,bike_74418
2025-12-11T11:01:14.632801,bike_57334
2025-12-11T11:01:08.573664,bike_69230
2025-12-11T11:01:07.744156,bike_20036
2025-12-07T17:01:03.215181,bike_50590
2025-12-11T11:01:07.304113,bike_51847
2025-12-11T11:01:06.873100,bike_14863
2025-12-11T11:01:15.490502,bike_52757
2025-12-11T11:01:07.672425,bike_46253
2025-12-11T05:01:05.827935,bike_73181
2025-12-11T11:01:09.504047,bike_81677
2025-12-11T11:01:07.533058,bike_73740
2025-12-11T11:01:15.350510,bike_86074
2025-12-11T11:01:09.193119,bike_56075
2025-12-11T11:01:09.332243,bike_47548
2025-12-11T11:01:14.113519,bike_80860
2025-12-11T11:01:15.170433,bike_72424
2025-12-11T11:01:15.513268,bike_19472
2025-12-11T11:01:15.350530,bike_77020
2025-12-11T05:01:07.651329,bike_53461
2025-12-11T11:01:09.305167,bike_58987
2025-12-11T11:01:08.371185,bike_13299
2025-12-11T11:01:09.144149,bike_50674
2025-12-11T11:01:09.912977,bike_51980
2025-12-11T11:01:14.130643,bike_69329
2025-12-11T11:01:14.853064,bike_71498
2025-12-11T11:01:12.593671,bike_76218
2025-12-11T11:01:09.711216,bike_09418
2025-12-11T11:01:09.484142,bike_61950
2025-12-11T11:01:15.473170,bike_21162
2025-12-09T17:01:10.388408,bike_60834
2025-12-11T11:01:11.710013,bike_71699
2025-12-11T11:01:14.130664,bike_88999
2025-12-11T11:01:16.144197,bike_44869
2025-12-11T11:01:09.870769,bike_53246
2025-12-10T17:01:07.331726,bike_50926
2025-12-04T17:01:11.590240,bike_67231
2025-12-11T11:01:14.670909,bike_50928
2025-12-11T05:01:12.441889,bike_75726
2025-12-11T11:01:06.224140,bike_46311
2025-12-11T11:01:13.584206,bike_80605
2025-12-11T11:01:15.820057,bike_89390
2025-12-10T17:01:01.420955,bike_89771
2025-12-11T05:01:10.161904,bike_76753
2025-12-11T05:01:08.047067,bike_47878
2025-12-11T11:01:13.521087,bike_78246
2025-12-11T11:01:10.364192,bike_76784
2025-12-11T11:01:11.012470,bike_45633
2025-12-11T11:01:10.724184,bike_44335
2025-12-11T11:01:06.024146,bike_76449
2025-12-11T11:01:12.204157,bike_46161
2025-12-11T05:01:12.650123,bike_53372
2025-12-11T11:01:08.791197,bike_12079
2025-12-10T17:01:04.397738,bike_56049
2025-12-11T11:01:09.129987,bike_23964
2025-12-11T11:01:16.324187,bike_42692
2025-12-09T17:01:06.584295,bike_62869
2025-12-11T11:01:13.744226,bike_89981
2025-11-30T11:01:12.129593,bike_76150
2025-12-11T11:01:06.064059,bike_17763
2025-12-09T05:01:13.637945,bike_44131
2025-12-11T11:01:06.144105,bike_77109
2025-12-11T05:01:10.148522,bike_88721
2025-12-11T05:01:09.430898,bike_75473
2025-12-10T11:01:07.353443,bike_10293
2025-12-11T11:01:11.604229,bike_24420
2025-12-11T11:01:09.353506,bike_77566
2025-12-11T11:01:12.612630,bike_70422
2025-12-11T11:01:06.824113,bike_25647
2025-12-11T11:01:10.050694,bike_79490
2025-12-11T05:01:12.188165,bike_21399
2025-12-11T11:01:16.033952,bike_74085
2025-12-11T11:01:11.344219,bike_76365
2025-12-11T11:01:13.604250,bike_43905
2025-12-03T23:01:07.071149,bike_78825
2025-12-11T11:01:09.732775,bike_50792
2025-12-10T17:01:01.986132,bike_46906
2025-12-11T11:01:14.193062,bike_56615
2025-12-11T11:01:15.390315,bike_16070
2025-12-11T11:01:09.305223,bike_82228
2025-12-11T11:01:06.072995,bike_73328
2025-12-11T11:01:14.570995,bike_78476
2025-12-11T11:01:16.113565,bike_46659
2025-12-11T11:01:17.009657,bike_62666
2025-12-11T11:01:13.653563,bike_82787
2025-12-11T11:01:16.752830,bike_75211
2025-12-11T11:01:14.592655,bike_88821
2025-12-11T11:01:11.353176,bike_02899
2025-12-10T05:01:10.831733,bike_50249
2025-12-11T11:01:15.724192,bike_88481
2025-12-08T23:01:07.866418,bike_75335
2025-12-11T11:01:16.990891,bike_88740
2025-12-11T11:01:13.127087,bike_59048
2025-12-11T11:01:09.813768,bike_46155
2025-12-11T05:01:08.808196,bike_79090
2025-12-11T11:01:11.752877,bike_25334
2025-12-11T11:01:16.010693,bike_14139
2025-12-11T11:01:12.629897,bike_03378
2025-12-11T11:01:11.524231,bike_26169
2025-12-11T11:01:11.353126,bike_19639
2025-12-10T05:01:03.479323,bike_60372
2025-12-11T11:01:10.492455,bike_67602
2025-12-11T11:01:12.593651,bike_68639
2025-12-11T11:01:12.944256,bike_20058
2025-12-11T11:01:10.909061,bike_00670
2025-12-11T11:01:15.413311,bike_62940
2025-12-11T11:01:10.684154,bike_17000
2025-12-11T11:01:10.813648,bike_52151
2025-12-11T11:01:11.944437,bike_51215
2025-12-11T11:01:12.930340,bike_70233
2025-12-11T11:01:09.224144,bike_52061
2025-12-11T11:01:11.744204,bike_02753
2025-12-11T11:01:05.924229,bike_86096
2025-12-11T05:01:10.250741,bike_89650
2025-11-29T17:01:10.181433,bike_02613
2025-12-11T11:01:07.344188,bike_89229
2025-12-11T05:01:08.341968,bike_74618
2025-12-11T11:01:11.370611,bike_71630
2025-12-08T05:01:05.280006,bike_82264
2025-12-11T11:01:17.052905,bike_45394
2025-12-09T05:01:11.926611,bike_50302
2025-12-08T11:01:10.613908,bike_36904
2025-12-11T11:01:11.330474,bike_79035
2025-12-11T11:01:14.984250,bike_73323
2025-12-11T11:01:15.530729,bike_45599
2025-12-08T11:01:04.250079,bike_43490
2025-12-11T11:01:05.993458,bike_47874
2025-12-11T11:01:07.011103,bike_73413
2025-12-11T11:01:16.630980,bike_75074
2025-12-11T11:01:14.893023,bike_72229
2025-12-11T11:01:15.904184,bike_24299
2025-12-11T11:01:07.190889,bike_71753
2025-12-11T11:01:07.070539,bike_78964
2025-12-05T17:01:09.873448,bike_50362
2025-12-11T11:01:15.930273,bike_72828
2025-12-11T11:01:09.804062,bike_44541
2025-12-11T11:01:06.744133,bike_79780
2025-12-11T11:01:11.033613,bike_52166
2025-12-11T11:01:06.384179,bike_00357
2025-12-11T11:01:07.230413,bike_47192
2025-12-11T11:01:16.990897,bike_56860
2025-12-11T11:01:07.452548,bike_48079
2025-12-11T11:01:16.170735,bike_16115
2025-12-11T05:01:11.048133,bike_82558
2025-12-11T11:01:12.629920,bike_41825
2025-12-08T11:01:07.554405,bike_55929
2025-12-11T11:01:15.210135,bike_86013
2025-12-11T11:01:14.924148,bike_67170
2025-12-11T11:01:11.244208,bike_57703
2025-12-11T11:01:10.113565,bike_67478
2025-12-11T11:01:06.650546,bike_46274
2025-12-11T11:01:07.510728,bike_43626
2025-12-10T23:01:15.028680,bike_51147
2025-12-11T11:01:15.090048,bike_59029
2025-12-11T11:01:15.333240,bike_77182
2025-12-11T11:01:07.684160,bike_76538
2025-12-11T11:01:08.749979,bike_67497
2025-12-11T11:01:11.024117,bike_79086
2025-12-11T11:01:09.404220,bike_58723
2025-12-11T11:01:15.050985,bike_75942
2025-12-11T11:01:15.324238,bike_42831
2025-12-11T11:01:09.970574,bike_89798
2025-12-11T11:01:12.284120,bike_50292
2025-12-11T11:01:08.804151,bike_20781
2025-12-11T11:01:09.129964,bike_34064
2025-12-11T11:01:06.544163,bike_77229
2025-12-11T11:01:06.292421,bike_81090
2025-11-30T17:01:09.204679,bike_77693
2025-12-11T11:01:16.064166,bike_74604
2025-12-11T11:01:07.384185,bike_27095
2025-12-11T11:01:13.744208,bike_78676
2025-12-11T11:01:07.591448,bike_15557
2025-12-11T11:01:13.893754,bike_80887
2025-12-11T11:01:06.633161,bike_77252
2025-12-11T11:01:10.764074,bike_74332
2025-11-28T17:01:11.945837,bike_61331
2025-12-11T11:01:10.190713,bike_52711
2025-12-11T11:01:07.645151,bike_76681
2025-12-11T11:01:15.904173,bike_23335
2025-12-11T11:01:13.973675,bike_72794
2025-12-11T11:01:07.753753,bike_62441
2025-12-11T11:01:13.973670,bike_57202
2025-12-11T11:01:12.204168,bike_69235
2025-12-11T11:01:15.290836,bike_80398
2025-12-11T11:01:10.755212,bike_88336
2025-12-11T11:01:16.113560,bike_51043
2025-12-11T11:01:07.230380,bike_60234
2025-12-11T05:01:12.967111,bike_58750
2025-12-11T11:01:12.644125,bike_86081
2025-12-11T05:01:02.661977,bike_47518
2025-12-11T11:01:09.113086,bike_46319
2025-12-11T11:01:12.024159,bike_74230
2025-12-11T11:01:07.984208,bike_50247
2025-12-10T11:01:09.542182,bike_67918
2025-12-11T11:01:08.732878,bike_74802
2025-12-11T11:01:07.479557,bike_46449
2025-12-11T11:01:12.144166,bike_03837
2025-12-11T11:01:12.733580,bike_12463
2025-12-11T11:01:10.284240,bike_43014
2025-12-11T11:01:10.390856,bike_43930
2025-12-11T11:01:13.753380,bike_46807
2025-12-11T11:01:11.970368,bike_63331
2025-12-11T11:01:10.390827,bike_09375
2025-12-11T11:01:08.353201,bike_70409
2025-12-10T17:01:03.780933,bike_52323
2025-12-11T11:01:06.270252,bike_52745
2025-12-11T11:01:16.533636,bike_47983
2025-12-11T11:01:09.024186,bike_72877
2025-12-11T11:01:08.749982,bike_70571
2025-12-11T11:01:10.492443,bike_89996
2025-12-11T11:01:14.892991,bike_89659
2025-12-11T11:01:15.024185,bike_44847
2025-12-11T11:01:12.404117,bike_24598
2025-12-11T11:01:14.744227,bike_85539
2025-12-09T05:01:13.025452,bike_71060
2025-12-11T11:01:08.812917,bike_05353
2025-12-11T11:01:11.164190,bike_46572
2025-12-11T11:01:14.224153,bike_47248
2025-12-11T11:01:10.890922,bike_46037
2025-12-10T17:01:03.917313,bike_76623
2025-12-03T11:01:10.258968,bike_07085
2025-12-11T05:01:10.027608,bike_57239
2025-12-11T11:01:09.831225,bike_08128
2025-12-11T11:01:10.971228,bike_46562
2025-12-11T11:01:09.831231,bike_22418
2025-12-11T11:01:14.853053,bike_21934
2025-12-11T11:01:06.624174,bike_76508
2025-12-11T11:01:16.211553,bike_52253
2025-12-11T11:01:08.392835,bike_89202
2025-12-11T11:01:07.564090,bike_77391
2025-12-11T11:01:16.324153,bike_88557
2025-12-11T11:01:09.570582,bike_80340
2025-12-11T11:01:14.870499,bike_71647
2025-12-11T11:01:12.350685,bike_61768
2025-12-11T11:01:08.133271,bike_57986
2025-12-11T11:01:10.113530,bike_78547
2025-12-11T11:01:11.392929,bike_51189
2025-12-11T11:01:13.373599,bike_42778
2025-12-11T11:01:06.752935,bike_43779
2025-12-11T05:01:13.331440,bike_46104
2025-12-11T11:01:09.670583,bike_16211
2025-12-11T11:01:10.684126,bike_85364
2025-12-03T11:01:07.091812,bike_88704
2025-12-11T11:01:14.592653,bike_78168
2025-12-11T11:01:09.724127,bike_07241
2025-11-28T17:01:06.683880,bike_36930
2025-12-10T11:01:07.380355,bike_80141
2025-12-09T23:01:10.531178,bike_69662
2025-12-11T11:01:08.133247,bike_88316
2025-11-30T11:01:10.238973,bike_73988
2025-12-11T11:01:12.864173,bike_24662
2025-12-11T11:01:17.044235,bike_51579
2025-12-11T11:01:08.684239,bike_10803
2025-12-11T11:01:11.432893,bike_71780
2025-12-11T11:01:06.224164,bike_52071
2025-12-11T05:01:03.990741,bike_89854
2025-12-11T11:01:08.804122,bike_00597
2025-12-11T11:01:06.592707,bike_85044
2025-12-11T11:01:10.864170,bike_78191
2025-12-11T11:01:12.930359,bike_68835
2025-12-11T11:01:11.872828,bike_51902
2025-12-11T11:01:09.670588,bike_46466
2025-12-11T11:01:08.064141,bike_73874
2025-12-11T11:01:06.144124,bike_76302
2025-12-11T11:01:13.875627,bike_77885
2025-12-11T11:01:09.804103,bike_85129
2025-11-28T17:01:06.363979,bike_68017
2025-12-11T11:01:12.010514,bike_75950
2025-12-11T11:01:11.384158,bike_77051
2025-12-11T11:01:07.252826,bike_15318
2025-12-11T11:01:10.204067,bike_44205
2025-12-11T11:01:12.670160,bike_76939
2025-12-11T11:01:08.411025,bike_52771
2025-12-11T11:01:08.173764,bike_01340
2025-12-11T05:01:07.530634,bike_58892
2025-12-02T11:01:04.945019,bike_89330
2025-12-11T11:01:09.670618,bike_67380
2025-12-11T11:01:09.431493,bike_24730
2025-12-11T11:01:15.170357,bike_52885
2025-12-11T11:01:07.930209,bike_89664
2025-12-08T17:01:10.776222,bike_24219
2025-11-30T05:01:10.408604,bike_75612
2025-12-11T11:01:11.778510,bike_07606
2025-12-11T11:01:08.433355,bike_79546
2025-12-11T11:01:11.244177,bike_67942
2025-12-11T11:01:16.233671,bike_70042
2025-12-11T11:01:13.044348,bike_68638
2025-12-11T11:01:14.670912,bike_10620
2025-12-11T11:01:14.984208,bike_70127
2025-12-11T11:01:07.213107,bike_80794
2025-12-11T11:01:16.752779,bike_47503
2025-12-11T11:01:06.312945,bike_67340
2025-12-11T11:01:13.054093,bike_89422
2025-12-11T11:01:07.904145,bike_62171
2025-12-11T11:01:06.731177,bike_05167
2025-12-11T11:01:06.504336,bike_55571
2025-12-11T11:01:09.711226,bike_61312
2025-12-11T11:01:08.870177,bike_76809
2025-12-11T11:01:07.330163,bike_81825
2025-12-11T05:01:09.950977,bike_68887
2025-12-08T17:01:06.316237,bike_81714
2025-12-11T05:01:09.901947,bike_57576
2025-12-11T11:01:09.444135,bike_44976
2025-12-11T05:01:05.110874,bike_89102
2025-12-11T11:01:13.553597,bike_52063
2025-12-11T05:01:09.631840,bike_67796
2025-12-11T11:01:06.704141,bike_79368
2025-12-11T11:01:13.111297,bike_68019
2025-12-11T11:01:09.831209,bike_72102
2025-12-11T11:01:10.190706,bike_08154
2025-12-11T11:01:16.113581,bike_10745
2025-12-11T11:01:16.890692,bike_73796
2025-12-11T11:01:09.032984,bike_44417
2025-12-11T11:01:12.953318,bike_68351
2025-12-11T11:01:05.933169,bike_47744
2025-12-06T17:01:13.506963,bike_68785
2025-12-10T11:01:04.293450,bike_46816
2025-12-11T11:01:16.490567,bike_61678
2025-12-11T11:01:14.473200,bike_26241
2025-12-11T11:01:09.631211,bike_43529
2025-12-11T11:01:12.372934,bike_67750
2025-12-11T11:01:06.673424,bike_57455
2025-12-11T11:01:12.309973,bike_73381
2025-12-03T05:01:07.036794,bike_76117
2025-12-11T11:01:16.113563,bike_22817
2025-12-11T11:01:11.290427,bike_43807
2025-12-11T11:01:07.470203,bike_43716
2025-12-11T11:01:06.494777,bike_67334
2025-12-11T11:01:08.010772,bike_46273
2025-12-06T23:01:13.644812,bike_67765
2025-12-11T11:01:10.930154,bike_47785
2025-12-11T05:01:03.310431,bike_03213
2025-12-11T11:01:14.884275,bike_80283
2025-12-05T23:01:11.098803,bike_56025
2025-12-11T11:01:08.473447,bike_88091
2025-12-04T17:01:09.944643,bike_03575
2025-12-11T11:01:05.924267,bike_52193
2025-12-11T11:01:10.433562,bike_11301
2025-12-11T11:01:12.724179,bike_75672
2025-12-11T11:01:15.913111,bike_46001
2025-12-06T23:01:09.045055,bike_75886
2025-12-11T11:01:10.653318,bike_88280
2025-12-11T11:01:09.993105,bike_48106
2025-12-11T11:01:10.373325,bike_60213
2025-12-11T11:01:12.213287,bike_88878
2025-12-08T23:01:05.946110,bike_47689
2025-12-04T11:01:07.251724,bike_09314
2025-12-11T11:01:11.370592,bike_79441
2025-12-11T11:01:08.353218,bike_73425
2025-12-11T11:01:15.333213,bike_69286
2025-12-11T11:01:11.024160,bike_47598
2025-12-11T11:01:10.671711,bike_50474
2025-12-11T11:01:15.971228,bike_72101
2025-12-11T11:01:08.371193,bike_09041
2025-12-11T11:01:11.033587,bike_77725
2025-12-11T11:01:11.613501,bike_89028
2025-12-11T11:01:08.251513,bike_67963
2025-12-11T11:01:06.312999,bike_51044
2025-12-11T11:01:09.404213,bike_16723
2025-12-11T11:01:14.692367,bike_85506
2025-12-11T11:01:08.124303,bike_56358
2025-12-11T11:01:09.470447,bike_50624
2025-12-11T05:01:08.448500,bike_47851
2025-12-11T11:01:06.784155,bike_40235
2025-12-10T11:01:03.753551,bike_60093
2025-12-11T11:01:14.951917,bike_47599
2025-12-11T11:01:08.050850,bike_15027
2025-12-11T11:01:06.553040,bike_45130
2025-12-11T11:01:13.364595,bike_52082
2025-12-11T11:01:15.144177,bike_81129
2025-12-11T11:01:10.513541,bike_51951
2025-12-11T11:01:13.413539,bike_70747
2025-12-11T11:01:06.292437,bike_25629
2025-12-11T11:01:15.404250,bike_76708
2025-12-11T11:01:07.489287,bike_45488
2025-12-06T05:01:02.636098,bike_81137
2025-12-11T11:01:13.904187,bike_51503
2025-12-07T11:01:13.705265,bike_47317
2025-12-11T11:01:08.290486,bike_71625
2025-12-11T11:01:14.933281,bike_47110
2025-12-11T11:01:15.170412,bike_00747
2025-12-11T05:01:07.262013,bike_79116
2025-12-11T11:01:16.481082,bike_67581
2025-12-11T11:01:16.944230,bike_76873
2025-12-11T05:01:04.367555,bike_17423
2025-12-11T11:01:10.010255,bike_79027
2025-12-11T11:01:06.210056,bike_80488
2025-12-11T11:01:15.390340,bike_77187
2025-12-11T11:01:14.224160,bike_56835
2025-12-11T11:01:12.670157,bike_42684
2025-12-11T11:01:16.551413,bike_52957
2025-12-11T11:01:16.051149,bike_60729
2025-12-11T11:01:07.613081,bike_70367
2025-12-11T11:01:11.724158,bike_71580
2025-12-04T11:01:10.441053,bike_70383
2025-12-08T11:01:04.751348,bike_88730
2025-12-11T11:01:08.191371,bike_44319
2025-12-11T11:01:15.051016,bike_03097
2025-12-11T11:01:08.512900,bike_51603
2025-12-11T11:01:13.044331,bike_53295
2025-12-11T05:01:06.862009,bike_46715
2025-12-11T11:01:09.631206,bike_07080
2025-12-11T11:01:15.413330,bike_45087
2025-12-11T11:01:06.904210,bike_42785
2025-12-11T11:01:15.464189,bike_50479
2025-12-11T11:01:15.264310,bike_82840
2025-12-11T11:01:11.590665,bike_47999
2025-12-11T11:01:12.604080,bike_11152
2025-12-11T11:01:16.224200,bike_07089
2025-12-11T11:01:13.991190,bike_44197
2025-12-11T05:01:05.710747,bike_61832
2025-12-11T11:01:15.670843,bike_12094
2025-12-10T11:01:09.018911,bike_80667
2025-12-11T11:01:11.050826,bike_60037
2025-12-11T11:01:10.311282,bike_02992
2025-12-11T11:01:09.384120,bike_52622
2025-12-11T11:01:15.828833,bike_71046
2025-12-11T05:01:08.730957,bike_82508
2025-12-11T11:01:15.490534,bike_60564
2025-12-11T11:01:11.064181,bike_47307
2025-12-11T11:01:16.752813,bike_50213
2025-12-11T11:01:16.730377,bike_89559
2025-12-11T11:01:06.313007,bike_13149
2025-12-11T11:01:06.704124,bike_51957
2025-12-03T17:01:11.330971,bike_57049
2025-12-11T11:01:15.971218,bike_43188
2025-12-11T11:01:07.694439,bike_69717
2025-12-11T11:01:16.824165,bike_52895
2025-12-11T11:01:10.953283,bike_51261
2025-12-11T11:01:07.164153,bike_61716
2025-12-11T11:01:15.513270,bike_80115
2025-12-11T11:01:09.813728,bike_78263
2025-12-11T11:01:13.430875,bike_75652
2025-12-11T11:01:15.850436,bike_77941
2025-12-11T11:01:08.473442,bike_02528
2025-12-11T11:01:07.244166,bike_63293
2025-12-11T11:01:09.544158,bike_17328
2025-12-11T11:01:09.314402,bike_81081
2025-12-11T11:01:06.824170,bike_47565
2025-12-11T11:01:15.733449,bike_22971
2025-12-06T05:01:11.256318,bike_57445
2025-12-11T11:01:15.890032,bike_70401
2025-12-11T11:01:12.230693,bike_68303
2025-12-11T05:01:10.469516,bike_01680
2025-12-11T11:01:10.390869,bike_68222
2025-12-09T11:01:10.399066,bike_89666
2025-12-11T11:01:16.810283,bike_53341
2025-12-11T11:01:09.129982,bike_50987
2025-12-11T11:01:16.810286,bike_72882
2025-12-03T11:01:08.471939,bike_81031
2025-12-11T11:01:08.241885,bike_47833
2025-12-11T11:01:14.804208,bike_51929
2025-12-11T11:01:13.489433,bike_89228
2025-12-11T11:01:15.290825,bike_75845
2025-12-11T11:01:14.984229,bike_04994
2025-12-11T11:01:15.653327,bike_51297
2025-12-11T11:01:15.413277,bike_22640
2025-12-11T11:01:06.249244,bike_25959
2025-12-11T11:01:06.144116,bike_08799
2025-12-11T11:01:07.645172,bike_67583
2025-12-11T11:01:12.492735,bike_16923
2025-12-11T11:01:06.664132,bike_42954
2025-11-27T23:01:44.026780,bike_51737
2025-12-11T11:01:11.312845,bike_26262
2025-12-11T11:01:11.490709,bike_43110
2025-12-11T11:01:09.693443,bike_12402
2025-12-11T11:01:06.352928,bike_89435
2025-12-01T17:01:07.910752,bike_61125
2025-12-11T05:01:11.401999,bike_74433
2025-12-11T11:01:12.073078,bike_43151
2025-12-11T11:01:07.411142,bike_59061
2025-12-06T11:01:07.937603,bike_88888
2025-12-11T11:01:12.873250,bike_60533
2025-12-11T11:01:15.170410,bike_26813
2025-12-11T11:01:09.444124,bike_53238
2025-12-11T11:01:11.630869,bike_00343
2025-12-11T11:01:06.104067,bike_74148
2025-12-10T17:01:02.037524,bike_56391
2025-12-09T23:01:07.950534,bike_03478
2025-12-11T11:01:14.464122,bike_24105
2025-12-11T11:01:06.371607,bike_51335
2025-12-11T11:01:08.992907,bike_04911
2025-12-11T11:01:14.964202,bike_76628
2025-12-11T11:01:12.944186,bike_20772
2025-12-11T11:01:08.473415,bike_58943
2025-12-11T05:01:09.141864,bike_63006
2025-11-28T23:01:04.152045,bike_67303
2025-12-11T11:01:12.024205,bike_71851
2025-12-11T11:01:10.772839,bike_68653
2025-12-11T11:01:06.144129,bike_81507
2025-12-11T05:01:13.447191,bike_48050
2025-12-11T11:01:11.473208,bike_77648
2025-12-11T11:01:08.491039,bike_88182
2025-12-11T11:01:07.312832,bike_61186
2025-12-11T11:01:16.873250,bike_44386
2025-12-11T11:01:06.384143,bike_51484
2025-12-11T11:01:09.804095,bike_50595
2025-12-11T11:01:16.290116,bike_23992
2025-12-11T11:01:10.831069,bike_75811
2025-12-11T11:01:08.930794,bike_89745
2025-12-11T05:01:08.730979,bike_68244
2025-12-11T11:01:09.853192,bike_46239
2025-12-11T11:01:07.753807,bike_45393
2025-12-11T11:01:14.844166,bike_52737
2025-12-11T11:01:10.474947,bike_63094
2025-12-11T11:01:11.524204,bike_70118
2025-12-11T11:01:09.530376,bike_78040
2025-12-11T11:01:13.093578,bike_61456
2025-12-11T11:01:09.073171,bike_50625
2025-12-04T05:01:07.051402,bike_43765
2025-12-11T11:01:06.953070,bike_89911
2025-12-04T17:01:14.667248,bike_75653
2025-12-11T11:01:16.153423,bike_77238
2025-12-09T17:01:05.194946,bike_79244
2025-12-11T11:01:07.604261,bike_51716
2025-12-11T11:01:15.170391,bike_52429
2025-12-10T05:01:11.766659,bike_61943
2025-12-11T11:01:06.704195,bike_16893
2025-12-11T11:01:11.410561,bike_43547
2025-12-11T11:01:10.813632,bike_10844
2025-12-11T11:01:13.470850,bike_24592
2025-12-11T11:01:09.853145,bike_73788
2025-12-11T11:01:12.913173,bike_76342
2025-12-11T11:01:14.892959,bike_68084
2025-12-11T11:01:15.390296,bike_88857
2025-12-11T11:01:08.150669,bike_57184
2025-12-11T05:01:12.650131,bike_77950
2025-12-07T17:01:03.147463,bike_67948
2025-12-11T11:01:07.384171,bike_56911
2025-12-11T11:01:08.251464,bike_71561
2025-12-11T11:01:11.944401,bike_52254
2025-12-11T11:01:12.604009,bike_71183
2025-12-11T11:01:15.670806,bike_44849
2025-12-11T11:01:14.513442,bike_17347
2025-12-11T11:01:11.613496,bike_11135
2025-12-11T11:01:09.010404,bike_73637
2025-12-11T11:01:11.231252,bike_47730
2025-12-11T11:01:09.750239,bike_53243
2025-12-11T11:01:11.889461,bike_89047
2025-12-11T11:01:13.893714,bike_50673
2025-12-11T11:01:09.892545,bike_24626
2025-12-11T11:01:11.644193,bike_88415
2025-12-11T11:01:11.473193,bike_07682
2025-12-11T05:01:13.531302,bike_08164
2025-12-11T11:01:16.564215,bike_07541
2025-12-11T11:01:12.971175,bike_88008
2025-12-11T05:01:11.609445,bike_76810
2025-12-11T05:01:07.867595,bike_88465
2025-12-11T11:01:15.113975,bike_00865
2025-12-11T11:01:14.044160,bike_00264
2025-12-11T11:01:08.251469,bike_72419
2025-12-11T11:01:08.264154,bike_69020
2025-12-09T17:01:11.067390,bike_68706
2025-12-11T05:01:06.862016,bike_56065
2025-12-11T11:01:14.409916,bike_79178
2025-12-11T11:01:16.251008,bike_45343
2025-12-11T11:01:14.531056,bike_70022
2025-12-11T11:01:09.453180,bike_69502
2025-12-11T11:01:12.751724,bike_68407
2025-12-11T11:01:08.684207,bike_67719
2025-12-11T11:01:07.672432,bike_80165
2025-12-03T11:01:05.819580,bike_50859
2025-12-11T11:01:15.404270,bike_74453
2025-12-11T11:01:14.670907,bike_80089
2025-12-11T11:01:16.504233,bike_05210
2025-12-11T05:01:05.443105,bike_61836
2025-12-11T11:01:17.052927,bike_18820
2025-12-11T11:01:11.630884,bike_51355
2025-12-11T11:01:09.791177,bike_50175
2025-12-11T11:01:09.653347,bike_89570
2025-12-11T11:01:07.523726,bike_50728
2025-12-11T11:01:16.832727,bike_89039
2025-12-11T11:01:13.753354,bike_89749
2025-12-11T11:01:07.432957,bike_53236
2025-12-11T11:01:14.353180,bike_43038
2025-12-11T11:01:06.513984,bike_61277
2025-12-11T11:01:05.968584,bike_58422
2025-12-09T05:01:13.383890,bike_89204
2025-12-11T11:01:09.144178,bike_12337
2025-12-11T11:01:09.804069,bike_70932
2025-12-11T11:01:06.932346,bike_11063
2025-12-11T11:01:07.993135,bike_45002
2025-12-11T11:01:06.731185,bike_86075
2025-12-11T11:01:16.090147,bike_68489
2025-12-11T11:01:08.064189,bike_50648
2025-12-11T11:01:11.791882,bike_89868
2025-12-11T11:01:07.092892,bike_46747
2025-12-11T11:01:08.530680,bike_78809
2025-12-11T11:01:13.711260,bike_85216
2025-12-11T11:01:09.892566,bike_51099
2025-12-11T11:01:13.884581,bike_75008
2025-12-11T11:01:15.513280,bike_02200
2025-12-11T11:01:12.253252,bike_89530
2025-12-11T11:01:10.831074,bike_70455
2025-12-11T11:01:09.193126,bike_88370
2025-12-11T05:01:08.831556,bike_53074
2025-12-11T11:01:09.232394,bike_12148
2025-12-11T11:01:13.511672,bike_77291
2025-12-11T11:01:12.844215,bike_67897
2025-12-11T11:01:09.484110,bike_44566
2025-12-11T11:01:10.813673,bike_76375
2025-12-11T11:01:07.824149,bike_58550
2025-12-11T11:01:06.864192,bike_46930
2025-12-11T11:01:06.624117,bike_09956
2025-12-11T11:01:07.993113,bike_10735
2025-12-05T17:01:10.023286,bike_71264
2025-12-11T11:01:14.449823,bike_77523
2025-12-11T05:01:07.530666,bike_71888
2025-12-11T11:01:14.370185,bike_77382
2025-12-10T23:01:09.538169,bike_33415
2025-12-11T11:01:06.864212,bike_51899
2025-12-11T11:01:14.383555,bike_20914
2025-12-11T11:01:16.630987,bike_73725
2025-11-30T05:01:08.068625,bike_81011
2025-12-11T11:01:05.968617,bike_88261
2025-12-11T11:01:06.993235,bike_89120
2025-12-11T11:01:15.153094,bike_58342
2025-12-11T11:01:09.353490,bike_68173
2025-12-11T11:01:16.792866,bike_42655
2025-12-11T11:01:15.890070,bike_73903
2025-12-11T11:01:11.644173,bike_18212
2025-12-11T11:01:11.290452,bike_63570
2025-12-11T11:01:14.632766,bike_77188
2025-12-11T11:01:09.512816,bike_76509
2025-12-11T11:01:08.304248,bike_88722
2025-12-11T05:01:12.948779,bike_47113
2025-12-11T11:01:13.934216,bike_46473
2025-12-11T11:01:11.490745,bike_77823
2025-12-11T11:01:14.392700,bike_88866
2025-12-06T11:01:06.525460,bike_78796
2025-12-11T05:01:07.208209,bike_81809
2025-12-11T11:01:16.184219,bike_11022
2025-12-11T11:01:08.913111,bike_74272
2025-12-11T11:01:12.684180,bike_55515
2025-12-11T11:01:13.711255,bike_45427
2025-12-10T11:01:02.529219,bike_56262
2025-12-11T11:01:10.243562,bike_21814
2025-12-11T11:01:08.944080,bike_77298
2025-12-11T11:01:10.050681,bike_51964
2025-12-11T11:01:15.153077,bike_44025
2025-12-11T11:01:08.273256,bike_61346
2025-12-11T11:01:09.090406,bike_78341
2025-12-11T11:01:11.864189,bike_44996
2025-12-11T11:01:14.383611,bike_37701
2025-12-11T11:01:12.284123,bike_82800
2025-12-11T11:01:10.252945,bike_76193
2025-12-11T11:01:07.204167,bike_24513
2025-12-11T11:01:07.533085,bike_09276
2025-12-11T11:01:07.270091,bike_67997
2025-12-05T23:01:08.836935,bike_55631
2025-12-08T05:01:11.060750,bike_58930
2025-12-11T11:01:06.592719,bike_50237
2025-12-11T11:01:14.844190,bike_82799
2025-12-11T05:01:03.288665,bike_46580
2025-12-11T11:01:13.884604,bike_16364
2025-12-11T11:01:08.371162,bike_52406
2025-12-11T11:01:11.970380,bike_74665
2025-12-11T11:01:16.104165,bike_88483
2025-12-11T11:01:13.613443,bike_42656
2025-12-11T11:01:11.804206,bike_04333
2025-12-11T05:01:02.888106,bike_89046
2025-12-11T11:01:09.912967,bike_36267
2025-12-11T11:01:06.433321,bike_57515
2025-12-11T11:01:09.750231,bike_46205
2025-12-11T11:01:12.244229,bike_59063
2025-12-11T11:01:06.544148,bike_47460
2025-12-11T11:01:09.653356,bike_67802
2025-12-11T11:01:11.012488,bike_70503
2025-12-11T05:01:05.948633,bike_75711
2025-12-11T11:01:14.649883,bike_73480
2025-12-11T11:01:11.912932,bike_16199
2025-12-11T11:01:11.889487,bike_75852
2025-12-11T11:01:11.944445,bike_73266
2025-12-11T11:01:07.292101,bike_71730
2025-12-10T11:01:06.340967,bike_80169
2025-12-11T11:01:11.113339,bike_77866
2025-12-11T11:01:15.090077,bike_88631
2025-12-11T11:01:05.950583,bike_74795
2025-12-11T11:01:08.512941,bike_88395
2025-12-11T11:01:16.299228,bike_72746
2025-12-11T11:01:14.210108,bike_77491
2025-12-11T11:01:14.449830,bike_44021
2025-12-11T11:01:13.521093,bike_73563
2025-12-11T11:01:07.930222,bike_39934
2025-12-10T05:01:08.980002,bike_79369
2025-12-11T11:01:14.924154,bike_74399
2025-12-11T11:01:14.153400,bike_19259
2025-12-11T11:01:13.211227,bike_43158
2025-12-11T11:01:08.124286,bike_34384
2025-12-05T11:01:09.402908,bike_17430
2025-12-11T11:01:09.844170,bike_70547
2025-11-27T17:41:58.815338,bike_71477
2025-12-11T11:01:12.172989,bike_45431
2025-12-11T11:01:13.893712,bike_52716
2025-12-11T11:01:15.234017,bike_72437
2025-12-11T11:01:08.804135,bike_82845
2025-12-11T11:01:08.564392,bike_80230
2025-12-11T11:01:10.571948,bike_50430
2025-12-11T11:01:16.170808,bike_05080
2025-12-11T11:01:10.693104,bike_72739
2025-12-11T11:01:06.193107,bike_61829
2025-12-11T11:01:09.232404,bike_67895
2025-12-11T11:01:08.953427,bike_60364
2025-12-11T11:01:16.144213,bike_43131
2025-12-11T11:01:09.773208,bike_14256
2025-12-11T11:01:06.570623,bike_76366
2025-12-11T11:01:09.684141,bike_74698
2025-12-08T11:01:05.554061,bike_71097
2025-12-11T11:01:11.151230,bike_69151
2025-12-11T11:01:09.953246,bike_16788
2025-12-11T11:01:12.364085,bike_53015
2025-12-11T11:01:16.224259,bike_19036
2025-12-11T11:01:05.968589,bike_85213
2025-12-11T11:01:14.853032,bike_44213
2025-12-11T11:01:10.864132,bike_47541
2025-12-11T11:01:06.504318,bike_50574
2025-12-11T11:01:10.064149,bike_71184
2025-12-11T11:01:12.471124,bike_70923
2025-12-11T11:01:06.193082,bike_77435
2025-12-11T11:01:16.914566,bike_51186
2025-12-11T11:01:15.570452,bike_52403
2025-12-11T11:01:08.050832,bike_24202
2025-12-11T11:01:08.791176,bike_52815
2025-12-06T05:01:06.284661,bike_50352
2025-12-11T11:01:15.390268,bike_80688
2025-12-11T11:01:07.244205,bike_80858
2025-12-11T11:01:09.344214,bike_80556
2025-12-11T11:01:10.684134,bike_76309
2025-12-11T11:01:12.733582,bike_70683
2025-12-11T11:01:07.432932,bike_88686
2025-12-11T11:01:08.573654,bike_89652
2025-12-11T11:01:15.850419,bike_68343
2025-12-11T11:01:14.264241,bike_09900
2025-12-11T11:01:08.251498,bike_06066
2025-12-11T11:01:06.731175,bike_52005
2025-12-11T11:01:15.451918,bike_10565
2025-12-11T11:01:17.031269,bike_50905
2025-12-11T11:01:12.190416,bike_62747
2025-12-11T11:01:15.890019,bike_05958
2025-12-11T11:01:13.224217,bike_43337
2025-12-11T11:01:10.324226,bike_42688
2025-12-11T11:01:07.510770,bike_52620
2025-12-02T05:01:12.875584,bike_46620
2025-12-11T11:01:10.010273,bike_58817
2025-12-11T11:01:16.784148,bike_69208
2025-12-11T11:01:09.051574,bike_75364
2025-12-11T11:01:06.850019,bike_89680
2025-12-11T11:01:09.944202,bike_81477
2025-12-11T11:01:14.473215,bike_44722
2025-12-11T11:01:09.244171,bike_22128
2025-12-11T11:01:06.410703,bike_26017
2025-12-11T11:01:12.073054,bike_76607
2025-12-11T11:01:06.993220,bike_69035
2025-12-11T11:01:12.064126,bike_57141
2025-12-11T11:01:11.353150,bike_60203
2025-12-11T11:01:15.073098,bike_80497
2025-12-11T11:01:13.364630,bike_44238
2025-12-11T11:01:15.733472,bike_61701
2025-12-11T05:01:11.281927,bike_46358
2025-12-11T11:01:08.304275,bike_55263
2025-12-11T11:01:12.873265,bike_74437
2025-12-11T05:01:13.701931,bike_79841
2025-12-08T11:01:03.825357,bike_73534
2025-12-11T11:01:16.784112,bike_50234
2025-12-11T11:01:14.804161,bike_25696
2025-12-11T11:01:09.414233,bike_57289
2025-12-11T11:01:09.711239,bike_76069
2025-12-11T11:01:14.044186,bike_10920
2025-12-10T17:01:01.642463,bike_47918
2025-12-11T11:01:16.504228,bike_60408
2025-12-11T11:01:16.744213,bike_60654
2025-12-11T11:01:11.424171,bike_58935
2025-12-11T11:01:14.624145,bike_05051
2025-12-11T11:01:14.234018,bike_55406
2025-12-11T11:01:10.772858,bike_03143
2025-12-11T11:01:11.813316,bike_58417
2025-12-11T11:01:08.173789,bike_69025
2025-12-11T05:01:11.970563,bike_62849
2025-12-11T05:01:09.116853,bike_79330
2025-12-11T11:01:15.984188,bike_76860
2025-12-11T11:01:14.504200,bike_17230
2025-12-11T11:01:07.890134,bike_05321
2025-12-11T11:01:10.413531,bike_60696
2025-12-11T11:01:09.470492,bike_44441
2025-12-11T11:01:07.110042,bike_03554
2025-12-11T11:01:17.009680,bike_44306
2025-12-11T11:01:06.993197,bike_76401
2025-12-11T11:01:14.153432,bike_07833
2025-12-11T05:01:10.588797,bike_78613
2025-12-11T11:01:07.654442,bike_88414
2025-12-11T05:01:12.781916,bike_81648
2025-12-11T11:01:10.190649,bike_85302
2025-12-11T11:01:14.070171,bike_70128
2025-12-11T11:01:10.033335,bike_01891
2025-12-11T05:01:09.381931,bike_16206
2025-12-11T11:01:07.613055,bike_69432
2025-12-08T17:01:03.422953,bike_57374
2025-12-11T11:01:07.510743,bike_05379
2025-12-11T11:01:10.610533,bike_85465
2025-12-11T11:01:15.024119,bike_67962
2025-12-11T11:01:14.409931,bike_47142
2025-12-11T11:01:05.933238,bike_72161
2025-12-11T11:01:07.573549,bike_58760
2025-12-11T11:01:16.890701,bike_21446
2025-12-11T11:01:14.584217,bike_77037
2025-12-11T11:01:10.593101,bike_12595
2025-12-11T11:01:12.230677,bike_22270
2025-12-11T11:01:08.552116,bike_81190
2025-12-11T11:01:15.793643,bike_79552
2025-12-11T11:01:16.424262,bike_89098
2025-12-11T11:01:10.212920,bike_23200
2025-12-11T11:01:14.964216,bike_86054
2025-12-11T11:01:14.449836,bike_09286
2025-12-11T11:01:10.724147,bike_67479
2025-12-11T11:01:13.753331,bike_67699
2025-12-11T11:01:17.031213,bike_77758
2025-12-11T11:01:09.492615,bike_43180
2025-12-11T11:01:12.773585,bike_18118
2025-12-11T11:01:12.733544,bike_55332
2025-12-11T11:01:10.632256,bike_03211
2025-12-11T11:01:07.944164,bike_77288
2025-12-11T11:01:15.024162,bike_70024
2025-12-05T11:01:11.302971,bike_61784
2025-12-11T11:01:16.490593,bike_43638
2025-12-11T11:01:14.712905,bike_56081
2025-12-11T11:01:15.490518,bike_09628
2025-12-11T11:01:10.909087,bike_71382
2025-12-11T11:01:10.804188,bike_20160
2025-12-11T05:01:09.567975,bike_77211
2025-12-11T11:01:07.411183,bike_53128
2025-12-11T11:01:06.170049,bike_74754
2025-12-11T05:01:03.741941,bike_42567
2025-12-11T11:01:12.930387,bike_68721
2025-12-11T11:01:10.531028,bike_69555
2025-12-11T11:01:08.613030,bike_43167
2025-12-11T11:01:15.290828,bike_57042
2025-12-11T11:01:12.971156,bike_69540
2025-12-11T11:01:10.424230,bike_71039
2025-12-11T11:01:06.770299,bike_42543
2025-12-11T11:01:12.692985,bike_78650
2025-12-11T11:01:09.693414,bike_00785
2025-12-11T11:01:06.713184,bike_61938
2025-12-11T11:01:11.064208,bike_47914
2025-12-11T11:01:13.530654,bike_43796
2025-12-02T05:01:06.358709,bike_74617
2025-12-11T11:01:15.711636,bike_12522
2025-12-06T05:01:08.692433,bike_62992
2025-12-06T05:01:11.721665,bike_88609
2025-12-11T11:01:11.133294,bike_50363
2025-12-11T11:01:14.144224,bike_57757
2025-12-11T11:01:09.129967,bike_88667
2025-12-11T11:01:06.270290,bike_44267
2025-12-11T11:01:10.311304,bike_63065
2025-12-11T05:01:11.131133,bike_79591
2025-12-11T11:01:11.164187,bike_42801
2025-12-11T11:01:07.304111,bike_80753
2025-12-11T11:01:10.190669,bike_45050
2025-12-11T11:01:11.692797,bike_76692
2025-12-11T11:01:10.212946,bike_58107
2025-12-11T11:01:13.253674,bike_20327
2025-12-11T11:01:07.124256,bike_89526
2025-12-11T11:01:13.193746,bike_26369
2025-12-11T11:01:13.413550,bike_52553
2025-12-11T11:01:17.000090,bike_63137
2025-12-11T11:01:09.904200,bike_22715
2025-12-11T11:01:11.273182,bike_46421
2025-12-11T11:01:11.303705,bike_67111
2025-12-11T11:01:13.489458,bike_13880
2025-12-11T05:01:02.974831,bike_51969
2025-12-11T11:01:08.764196,bike_06098
2025-12-11T11:01:14.884308,bike_20061
2025-12-11T11:01:10.971251,bike_88891
2025-12-11T11:01:15.693724,bike_43468
2025-12-11T11:01:13.144296,bike_11878
2025-12-11T11:01:08.433319,bike_74169
2025-12-11T11:01:14.624181,bike_36302
2025-12-11T11:01:08.173772,bike_68253
2025-12-11T11:01:14.584224,bike_03489
2025-12-11T11:01:14.491325,bike_40505
2025-12-11T11:01:12.873240,bike_88598
2025-12-11T11:01:16.864309,bike_74197
2025-12-11T11:01:13.224201,bike_52876
2025-12-11T11:01:08.604225,bike_46982
2025-12-11T11:01:06.864160,bike_70186
2025-12-11T11:01:09.813757,bike_01346
2025-12-11T11:01:12.724207,bike_89448
2025-12-11T11:01:14.531086,bike_69770
2025-12-11T11:01:15.593342,bike_43333
2025-12-11T11:01:15.073134,bike_88607
2025-12-11T11:01:10.790838,bike_76658
2025-12-11T11:01:12.131833,bike_71593
2025-12-11T11:01:12.492717,bike_44430
2025-12-11T11:01:09.305215,bike_89105
2025-12-11T11:01:14.570960,bike_10194
2025-12-11T11:01:12.090375,bike_63239
2025-12-09T05:01:05.364025,bike_60827
2025-12-11T11:01:15.953208,bike_73087
2025-12-04T05:01:09.230204,bike_61453
2025-12-11T11:01:16.272653,bike_50889
2025-12-11T11:01:14.609885,bike_76722
2025-12-11T11:01:09.414199,bike_20162
2025-12-11T11:01:12.190397,bike_62060
2025-12-11T11:01:07.952864,bike_50973
2025-12-11T11:01:10.351113,bike_62023
2025-12-09T05:01:05.257703,bike_76398
2025-12-11T11:01:09.853210,bike_10585
2025-12-11T11:01:09.064168,bike_76242
2025-12-11T11:01:11.935188,bike_71343
2025-12-11T11:01:13.324156,bike_50617
2025-12-11T11:01:10.373323,bike_47799
2025-12-11T11:01:10.104206,bike_67336
2025-12-11T11:01:07.011106,bike_16304
2025-12-11T05:01:05.931125,bike_86091
2025-12-11T11:01:13.271541,bike_57013
2025-12-11T11:01:10.204103,bike_62262
2025-12-09T17:01:12.058778,bike_85020
2025-12-11T11:01:11.653191,bike_89224
2025-12-11T11:01:07.053519,bike_78902
2025-12-11T11:01:08.064205,bike_21408
2025-12-11T11:01:13.671218,bike_46499
2025-12-11T11:01:11.344182,bike_71894
2025-12-11T11:01:08.264216,bike_42768
2025-12-11T11:01:11.935182,bike_71327
2025-12-11T11:01:08.944110,bike_56022
2025-12-11T11:01:07.851001,bike_62762
2025-12-11T11:01:14.924167,bike_82538
2025-12-11T11:01:06.371564,bike_88417
2025-12-04T23:01:13.791698,bike_57469
2025-12-11T11:01:13.964227,bike_68565
2025-12-11T11:01:14.570974,bike_43160
2025-12-11T05:01:12.227900,bike_44437
2025-12-09T17:01:05.988365,bike_75604
2025-12-11T11:01:08.812915,bike_47410
2025-12-11T11:01:14.951923,bike_03250
2025-11-28T05:01:36.710225,bike_76729
2025-12-11T11:01:07.164169,bike_82249
2025-12-11T11:01:07.604241,bike_77476
2025-12-11T11:01:07.913170,bike_70731
2025-12-11T11:01:12.873252,bike_17170
2025-12-11T11:01:16.573682,bike_52697
2025-12-11T11:01:15.944176,bike_79595
2025-12-11T11:01:06.873147,bike_85351
2025-12-11T11:01:09.090430,bike_22088
2025-12-11T11:01:09.584106,bike_18709
2025-12-11T11:01:09.104170,bike_53454
2025-12-11T11:01:06.024175,bike_21483
2025-12-11T11:01:16.873243,bike_50552
2025-12-11T05:01:03.848968,bike_62221
2025-12-11T11:01:09.184189,bike_71504
2025-12-11T11:01:10.351169,bike_80631
2025-12-11T11:01:13.373555,bike_44120
2025-12-11T11:01:13.711249,bike_43104
2025-12-11T11:01:12.984261,bike_11138
2025-12-01T05:01:05.083381,bike_44394
2025-12-11T11:01:15.311915,bike_47756
2025-12-11T11:01:10.212949,bike_63443
2025-12-11T05:01:06.601888,bike_45630
2025-12-11T11:01:10.033305,bike_81886
2025-12-02T11:01:06.374424,bike_74097
2025-12-11T11:01:15.333202,bike_73462
2025-12-11T11:01:12.844184,bike_55864
2025-12-11T05:01:08.172213,bike_62633
2025-11-29T11:01:12.632571,bike_85371
2025-12-11T05:01:03.381926,bike_56040
2025-12-11T11:01:16.890690,bike_76323
2025-12-11T11:01:10.909069,bike_82837
2025-12-11T05:01:07.221903,bike_62366
2025-12-10T17:01:05.057977,bike_52473
2025-12-11T11:01:13.572038,bike_80678
2025-12-11T11:01:16.850063,bike_89177
2025-12-11T11:01:07.252868,bike_26084
2025-12-11T11:01:13.934224,bike_89201
2025-12-11T11:01:08.930830,bike_10744
2025-12-11T11:01:06.624169,bike_74432
2025-12-10T23:01:08.876220,bike_58093
2025-12-11T11:01:06.170065,bike_22788
2025-12-11T11:01:14.592680,bike_50768
2025-12-11T11:01:15.064162,bike_76824
2025-11-30T05:01:07.610265,bike_51101
2025-12-11T11:01:07.833377,bike_02987
2025-12-11T11:01:10.513494,bike_00614
2025-12-07T17:01:06.803515,bike_73262
2025-12-11T11:01:16.072994,bike_51349
2025-12-11T11:01:10.033311,bike_09471
2025-12-11T11:01:06.232641,bike_23093
2025-12-11T11:01:08.024206,bike_08854
2025-12-11T11:01:07.092913,bike_23383
2025-12-11T11:01:15.784220,bike_75822
2025-12-11T11:01:07.510723,bike_51697
2025-12-11T11:01:08.451058,bike_88635
2025-12-11T11:01:16.131086,bike_51490
2025-12-05T17:01:14.273286,bike_73592
2025-12-11T11:01:14.300743,bike_76422
2025-12-11T11:01:14.234015,bike_44222
2025-11-30T23:01:12.436455,bike_76198
2025-12-11T11:01:07.411178,bike_75745
2025-12-11T11:01:06.993232,bike_80558
2025-12-11T11:01:07.479548,bike_11272
2025-12-11T11:01:15.033714,bike_53045
2025-12-11T11:01:10.373292,bike_48083
2025-12-11T11:01:13.470872,bike_76295
2025-12-11T05:01:07.310899,bike_50962
2025-12-11T11:01:06.873083,bike_77243
2025-12-11T05:01:03.221955,bike_46677
2025-12-10T17:01:04.760788,bike_43192
2025-12-11T11:01:09.904171,bike_02021
2025-12-11T11:01:05.914753,bike_88978
2025-12-11T11:01:15.064169,bike_13715
2025-12-11T11:01:12.190444,bike_16152
2025-12-11T11:01:11.190612,bike_89606
2025-12-11T11:01:10.944140,bike_79112
2025-12-11T11:01:10.243559,bike_77977
2025-12-11T11:01:15.793635,bike_72685
2025-12-11T11:01:16.769757,bike_47876
2025-12-11T11:01:10.252935,bike_08666
2025-12-11T11:01:08.433337,bike_78277
2025-12-11T11:01:13.413592,bike_47514
2025-12-11T11:01:15.670858,bike_45527
2025-12-11T11:01:11.769836,bike_43036
2025-12-11T11:01:12.813090,bike_78771
2025-12-11T11:01:07.573536,bike_77952
2025-12-11T11:01:06.544142,bike_47933
2025-12-11T11:01:11.432862,bike_69447
2025-12-11T11:01:13.489425,bike_80019
2025-12-11T11:01:11.953202,bike_74099
2025-12-10T17:01:04.760753,bike_77862
2025-12-11T11:01:12.684219,bike_47109
2025-12-11T11:01:07.084183,bike_47830
2025-12-11T11:01:06.329856,bike_24570
2025-12-11T11:01:16.131078,bike_89352
2025-12-11T11:01:12.804194,bike_43224
2025-12-11T11:01:16.673486,bike_77669
2025-12-09T05:01:05.807244,bike_78970
2025-12-11T11:01:16.673445,bike_17168
2025-12-11T11:01:11.644212,bike_05816
2025-12-11T11:01:11.124153,bike_01055
2025-12-10T23:01:05.175187,bike_79457
2025-12-11T11:01:10.033294,bike_77200
2025-12-11T11:01:12.773575,bike_22376
2025-12-11T11:01:14.670944,bike_19116
2025-12-11T11:01:16.104154,bike_08918
2025-12-11T11:01:07.604259,bike_20592
2025-12-11T11:01:14.104285,bike_80970
2025-12-11T11:01:10.755247,bike_89726
2025-12-11T11:01:10.544202,bike_20296
2025-12-11T11:01:09.144154,bike_52051
2025-12-11T11:01:06.064051,bike_80137
2025-12-11T11:01:08.344195,bike_77386
2025-12-11T11:01:07.164166,bike_05408
2025-12-11T11:01:16.113576,bike_71403
2025-12-11T11:01:14.730573,bike_89880
2025-12-08T23:01:11.737650,bike_72681
2025-12-11T11:01:08.251509,bike_50869
2025-12-11T11:01:08.273233,bike_88046
2025-12-09T17:01:13.445709,bike_45108
2025-12-11T11:01:08.711606,bike_73969
2025-12-11T11:01:07.694418,bike_89904
2025-12-11T11:01:14.144231,bike_16308
2025-12-11T05:01:10.571065,bike_60170
2025-12-11T11:01:05.844035,bike_75792
2025-12-11T11:01:08.812927,bike_20154
2025-12-11T11:01:13.684232,bike_86040
2025-12-11T11:01:12.090372,bike_46687
2025-12-11T11:01:07.432952,bike_46281
2025-12-11T11:01:09.210619,bike_51347
2025-12-11T11:01:13.211232,bike_77966
2025-12-11T11:01:08.653078,bike_04231
2025-12-11T11:01:10.113554,bike_20994
2025-12-11T11:01:14.584232,bike_73333
2025-12-11T11:01:16.211542,bike_88932
2025-12-11T11:01:09.904197,bike_78814
2025-12-11T11:01:07.952854,bike_47911
2025-12-11T11:01:08.150688,bike_80335
2025-12-11T11:01:14.264208,bike_43924
2025-12-11T11:01:15.953216,bike_50667
2025-12-11T11:01:16.233643,bike_50192
2025-12-11T11:01:09.831215,bike_16800
2025-12-11T11:01:06.152930,bike_76981
2025-12-11T11:01:06.024181,bike_23938
2025-12-11T11:01:08.304253,bike_44675
2025-12-11T11:01:16.832775,bike_78570
2025-12-11T11:01:11.992847,bike_44783
2025-12-11T11:01:08.010837,bike_50982
2025-12-11T11:01:08.264196,bike_81767
2025-12-11T11:01:11.330465,bike_59006
2025-12-11T11:01:08.749990,bike_52916
2025-12-11T11:01:15.033742,bike_68041
2025-12-10T23:01:13.676013,bike_89846
2025-12-06T23:01:12.144919,bike_89857
2025-12-11T11:01:13.211242,bike_57933
2025-11-30T11:01:08.436701,bike_42971
2025-12-11T11:01:06.292426,bike_62389
2025-12-11T11:01:10.984852,bike_60560
2025-12-11T11:01:07.550530,bike_88035
2025-12-11T05:01:09.130163,bike_81501
2025-12-11T11:01:12.533213,bike_38210
2025-12-11T11:01:12.390252,bike_76585
2025-12-11T11:01:12.573687,bike_77158
2025-12-01T23:01:04.313320,bike_70450
2025-12-11T11:01:11.590658,bike_89455
2025-12-10T23:01:14.215466,bike_47803
2025-12-11T11:01:11.904213,bike_68991
2025-12-11T11:01:12.533181,bike_44121
2025-12-11T11:01:08.491031,bike_16732
2025-12-11T11:01:15.653317,bike_80419
2025-12-11T11:01:10.144381,bike_12388
2025-12-11T11:01:16.471365,bike_43650
2025-12-11T11:01:11.273210,bike_80174
2025-12-11T11:01:08.273235,bike_11525
2025-12-11T11:01:08.424299,bike_76500
2025-12-11T11:01:16.784107,bike_63169
2025-12-11T11:01:11.450446,bike_45362
2025-12-11T05:01:02.927252,bike_72835
2025-12-11T11:01:16.051122,bike_80758
2025-12-11T11:01:05.844013,bike_74269
2025-12-11T11:01:14.870477,bike_51045
2025-12-11T11:01:08.591641,bike_16519
2025-12-11T11:01:14.473207,bike_70884
2025-12-11T11:01:08.353239,bike_11916
2025-12-11T11:01:16.312490,bike_46286
2025-12-11T11:01:09.073112,bike_46916
2025-12-11T11:01:11.033628,bike_70564
2025-12-11T11:01:12.324175,bike_43640
2025-12-11T11:01:12.253261,bike_46971
2025-12-11T11:01:15.733464,bike_75221
2025-12-11T11:01:06.531273,bike_77354
2025-12-11T11:01:06.292410,bike_58146
2025-12-11T11:01:07.872907,bike_43494
2025-12-11T11:01:13.653543,bike_19252
2025-12-11T11:01:08.392865,bike_45013
2025-12-11T11:01:16.932101,bike_79817
2025-12-11T11:01:09.305207,bike_80616
2025-12-11T11:01:09.912952,bike_68983
2025-12-11T11:01:13.404223,bike_78012
2025-12-11T11:01:10.413551,bike_20161
2025-12-11T11:01:08.133276,bike_46887
2025-12-10T11:01:07.623025,bike_76897
2025-12-11T11:01:08.870212,bike_45016
2025-12-10T23:01:11.225084,bike_74908
2025-12-11T11:01:12.413478,bike_51130
2025-12-11T11:01:08.749977,bike_04782
2025-12-11T11:01:14.804203,bike_88618
2025-12-01T17:01:09.058330,bike_17055
2025-12-11T11:01:15.184193,bike_57148
2025-12-11T11:01:15.653347,bike_75208
2025-12-09T11:01:09.499167,bike_88164
2025-12-11T11:01:08.451018,bike_07125
2025-12-11T11:01:06.494812,bike_62219
2025-12-11T11:01:08.992899,bike_43504
2025-12-11T05:01:11.822014,bike_78020
2025-12-11T11:01:15.872690,bike_47958
2025-12-11T05:01:09.567910,bike_79292
2025-12-11T11:01:13.044337,bike_78416
2025-12-11T11:01:14.053064,bike_76755
2025-12-11T11:01:15.273305,bike_81070
2025-12-11T11:01:10.671690,bike_70027
2025-12-11T11:01:11.290443,bike_75226
2025-12-11T11:01:10.144265,bike_63440
2025-12-11T11:01:09.064173,bike_63631
2025-12-11T11:01:08.984180,bike_00926
2025-12-11T11:01:13.284233,bike_89624
2025-12-11T11:01:11.984140,bike_03208
2025-12-11T11:01:16.090166,bike_47005
2025-12-11T11:01:15.413314,bike_68853
2025-12-11T11:01:16.944252,bike_45454
2025-12-11T11:01:14.993588,bike_63107
2025-12-11T11:01:10.593082,bike_03270
2025-12-11T11:01:13.744255,bike_88490
2025-12-05T11:01:11.510532,bike_46025
2025-12-11T11:01:13.184288,bike_50182
2025-12-11T11:01:13.011537,bike_09738
2025-12-11T11:01:10.610575,bike_43690
2025-12-11T11:01:11.190583,bike_62167
2025-12-11T11:01:06.304087,bike_46392
2025-12-11T11:01:11.151264,bike_23481
2025-12-11T11:01:08.273262,bike_88098
2025-12-11T11:01:16.890660,bike_47411
2025-12-11T11:01:12.270461,bike_89087
2025-12-11T11:01:07.984138,bike_89583
2025-12-11T11:01:09.193131,bike_51907
2025-12-11T11:01:11.303691,bike_85076
2025-12-11T11:01:10.474945,bike_47043
2025-12-11T11:01:12.050594,bike_56054
2025-12-11T11:01:06.971072,bike_20726
2025-12-11T11:01:10.104222,bike_00130
2025-12-11T11:01:12.114132,bike_88109
2025-12-11T11:01:09.693458,bike_51046
2025-12-11T11:01:16.453623,bike_12929
2025-12-11T11:01:14.764171,bike_67759
2025-12-10T17:01:04.199139,bike_80430
2025-12-11T11:01:10.755174,bike_50876
2025-12-11T11:01:11.464209,bike_89615
2025-12-11T11:01:13.924218,bike_18281
2025-12-11T11:01:14.370180,bike_10868
2025-12-11T11:01:16.630951,bike_46507
2025-12-11T11:01:12.270472,bike_45452
2025-12-11T11:01:14.170751,bike_45766
2025-12-11T11:01:06.664153,bike_19758
2025-12-11T11:01:13.391002,bike_58776
2025-12-11T11:01:08.573626,bike_56719
2025-12-11T11:01:06.494815,bike_79171
2025-12-11T11:01:14.233994,bike_62984
2025-12-11T11:01:11.213468,bike_74452
2025-12-11T11:01:09.453208,bike_19999
2025-12-11T11:01:10.831072,bike_80002
2025-12-10T17:01:06.236489,bike_46993
2025-12-11T11:01:07.712109,bike_51328
2025-12-11T11:01:08.424319,bike_67884
2025-12-11T11:01:07.190881,bike_51210
2025-12-11T11:01:08.104193,bike_46446
2025-12-11T11:01:08.410993,bike_89023
2025-12-11T11:01:09.670606,bike_44416
2025-12-11T11:01:16.272615,bike_69210
2025-12-11T11:01:10.204077,bike_72461
2025-12-11T11:01:12.104914,bike_81525
2025-12-11T11:01:16.613276,bike_70173
2025-12-11T11:01:11.944456,bike_11923
2025-12-11T11:01:07.744167,bike_60249
2025-12-11T11:01:07.304158,bike_17751
2025-12-08T17:01:07.424915,bike_88194
2025-12-11T11:01:12.492727,bike_09895
2025-12-09T17:01:07.779320,bike_47193
2025-12-11T11:01:16.193507,bike_18177
2025-12-11T11:01:06.873125,bike_50565
2025-12-11T11:01:14.491328,bike_04497
2025-12-11T11:01:09.912960,bike_05445
2025-12-11T11:01:09.104217,bike_51474
2025-12-11T11:01:08.844143,bike_23717
2025-12-03T17:01:05.871274,bike_60020
2025-12-11T11:01:14.592678,bike_72850
2025-12-11T11:01:09.553299,bike_52275
2025-12-11T11:01:13.344216,bike_62313
2025-12-11T11:01:08.124278,bike_45100
2025-12-11T11:01:09.244181,bike_75857
2025-12-11T11:01:10.724125,bike_70866
2025-12-11T11:01:12.751747,bike_58508
2025-12-11T11:01:14.609903,bike_51948
2025-12-11T11:01:07.684178,bike_67518
2025-12-11T11:01:10.984831,bike_45425
2025-12-11T11:01:06.090349,bike_76934
2025-12-11T11:01:16.850077,bike_03562
2025-12-02T05:01:04.069545,bike_88168
2025-12-11T05:01:02.966166,bike_78484
2025-12-11T11:01:11.769807,bike_45636
2025-12-11T11:01:06.704138,bike_71447
2025-12-11T11:01:09.129949,bike_05735
2025-12-11T11:01:09.604212,bike_56507
2025-12-11T11:01:07.150187,bike_52404
2025-12-11T11:01:10.772836,bike_46641
2025-12-11T11:01:11.724188,bike_70699
2025-12-11T11:01:06.384188,bike_81208
2025-12-11T11:01:07.984195,bike_59074
2025-12-11T11:01:13.324202,bike_52749
2025-12-11T11:01:16.153365,bike_21519
2025-12-11T11:01:17.044199,bike_08283
2025-12-11T11:01:12.612656,bike_77713
2025-12-11T11:01:11.573289,bike_78318
2025-12-11T11:01:12.984334,bike_81447
2025-12-11T11:01:16.332958,bike_60085
2025-12-11T05:01:04.881928,bike_55625
2025-12-10T23:01:11.535635,bike_78985
2025-12-11T11:01:12.844228,bike_47735
2025-12-11T11:01:06.477041,bike_11278
2025-12-11T11:01:16.312460,bike_75140
2025-12-11T11:01:06.873149,bike_43048
2025-12-11T05:01:12.341959,bike_19924
2025-12-11T11:01:07.213127,bike_00915
2025-12-11T11:01:16.524477,bike_88586
2025-12-11T11:01:06.170057,bike_03515
2025-12-11T11:01:14.531105,bike_61774
2025-12-11T11:01:07.365453,bike_85353
2025-12-11T11:01:06.731154,bike_75235
2025-12-11T11:01:07.984181,bike_10593
2025-12-11T11:01:06.592748,bike_23038
2025-12-11T11:01:06.090354,bike_74930
2025-12-11T11:01:12.471116,bike_74031
2025-12-11T05:01:04.909040,bike_46680
2025-12-01T05:01:03.753744,bike_79029
2025-12-11T11:01:06.477063,bike_70003
2025-12-11T11:01:14.424224,bike_68645
2025-12-11T11:01:09.613383,bike_86029
2025-12-11T11:01:11.912947,bike_50489
2025-12-11T11:01:13.613445,bike_70151
2025-12-11T11:01:08.264204,bike_81504
2025-12-11T11:01:10.204113,bike_73851
2025-12-11T11:01:14.251517,bike_43273
2025-12-11T11:01:07.984189,bike_68572
2025-12-01T17:01:07.506509,bike_21429
2025-12-11T11:01:12.404149,bike_73817
2025-12-11T11:01:15.530749,bike_46896
2025-12-11T11:01:15.890013,bike_76238
2025-12-11T11:01:11.970305,bike_43668
2025-12-11T05:01:08.861942,bike_62199
2025-12-11T11:01:10.755244,bike_67089
2025-12-11T11:01:07.244184,bike_77098
2025-12-11T11:01:08.711624,bike_26100
2025-12-11T11:01:06.232714,bike_80258
2025-12-11T11:01:16.324163,bike_61067
2025-12-11T11:01:09.064139,bike_75311
2025-12-11T11:01:14.233980,bike_89334
2025-12-11T11:01:16.350905,bike_85303
2025-12-10T05:01:10.971736,bike_30033
2025-12-11T11:01:08.764164,bike_89516
2025-12-11T11:01:10.090986,bike_05859
2025-12-11T11:01:14.531102,bike_61033
2025-12-11T11:01:12.953333,bike_76985
2025-12-11T11:01:07.365456,bike_24353
2025-12-09T17:01:07.328609,bike_62555
2025-12-11T11:01:10.073752,bike_53089
2025-12-11T11:01:12.413450,bike_69172
2025-12-11T11:01:15.644174,bike_58362
2025-12-11T11:01:13.530641,bike_46277
2025-12-02T17:01:08.461621,bike_88552
2025-12-11T11:01:09.750249,bike_50207
2025-12-11T11:01:07.833366,bike_57126
2025-12-11T11:01:09.444091,bike_89104
2025-12-11T11:01:16.312480,bike_70773
2025-12-05T17:01:06.073442,bike_58785
2025-12-11T11:01:07.904127,bike_63463
2025-12-11T11:01:05.844056,bike_43585
2025-12-11T11:01:11.709986,bike_43885
2025-12-11T11:01:11.604190,bike_78501
2025-12-11T11:01:12.471087,bike_79284
2025-12-11T11:01:11.564051,bike_16315
2025-12-11T11:01:17.000097,bike_11617
2025-12-11T11:01:11.312793,bike_86071
2025-12-11T11:01:16.673496,bike_77896
2025-12-11T11:01:10.390861,bike_11111
2025-12-11T11:01:12.944269,bike_80588
2025-12-11T11:01:10.930149,bike_30097
2025-12-10T05:01:02.900362,bike_73628
2025-12-11T11:01:16.873280,bike_86036
2025-12-11T05:01:08.151263,bike_58543
2025-12-11T05:01:10.401972,bike_50821
2025-12-11T11:01:07.044207,bike_76443
2025-12-11T11:01:11.410569,bike_85178
2025-12-11T11:01:13.671250,bike_62178
2025-12-11T11:01:11.791889,bike_81740
2025-12-11T11:01:07.810192,bike_80279
2025-12-04T11:01:12.611648,bike_89056
2025-12-11T11:01:06.504358,bike_11067
2025-12-11T11:01:05.950605,bike_78103
2025-12-11T11:01:13.884607,bike_72188
2025-12-11T11:01:15.404275,bike_63564
2025-12-11T11:01:11.550978,bike_71009
2025-12-11T11:01:12.253268,bike_75847
2025-12-11T11:01:15.570455,bike_21924
2025-12-11T11:01:14.853045,bike_47661
2025-12-11T11:01:14.044196,bike_21579
2025-12-11T11:01:06.971062,bike_77957
2025-12-11T11:01:14.844176,bike_88482
2025-12-11T11:01:16.104115,bike_74548
2025-12-11T11:01:09.032961,bike_11214
2025-12-11T11:01:12.010495,bike_67325
2025-12-11T11:01:12.073083,bike_73891
2025-12-11T11:01:14.704173,bike_85334
2025-12-11T11:01:13.413581,bike_75346
2025-12-11T11:01:08.984208,bike_43397
2025-12-11T11:01:06.849983,bike_80503
2025-12-11T11:01:11.904176,bike_74544
2025-12-11T11:01:16.224182,bike_77546
2025-12-11T11:01:06.384181,bike_73447
2025-12-11T11:01:12.751716,bike_76930
2025-12-11T11:01:11.204140,bike_53249
2025-12-10T17:01:03.728004,bike_72588
2025-12-03T05:01:10.004131,bike_47742
2025-12-11T11:01:09.264217,bike_69367
2025-12-11T11:01:09.732759,bike_68086
2025-12-11T11:01:08.024234,bike_42961
2025-12-11T11:01:09.384161,bike_62189
2025-12-04T23:01:09.497844,bike_55430
2025-12-11T11:01:17.000126,bike_03325
2025-12-11T11:01:12.751750,bike_72636
2025-11-28T11:01:35.703698,bike_10188
2025-12-11T11:01:15.993443,bike_81863
2025-12-10T17:01:06.916787,bike_61866
2025-12-11T11:01:13.470838,bike_77984
2025-12-11T11:01:10.804139,bike_68499
2025-12-11T11:01:16.364241,bike_67872
2025-12-11T11:01:06.393154,bike_53081
2025-12-11T11:01:07.654468,bike_72683
2025-12-06T17:01:07.745793,bike_07966
2025-12-10T17:01:08.311729,bike_74899
2025-12-11T11:01:06.932372,bike_07897
2025-12-11T11:01:14.531122,bike_25123
2025-12-11T11:01:06.584168,bike_44871
2025-12-11T11:01:11.613479,bike_52864
2025-12-11T11:01:16.211534,bike_88450
2025-12-11T11:01:12.751718,bike_21325
2025-12-11T11:01:11.231273,bike_44388
2025-12-11T11:01:07.573504,bike_45012
2025-12-11T11:01:07.944144,bike_46241
2025-12-11T11:01:09.113094,bike_58863
2025-12-11T11:01:12.930333,bike_79276
2025-12-11T11:01:15.033689,bike_55224
2025-12-11T11:01:15.859238,bike_26488
2025-12-11T11:01:07.810187,bike_58115
2025-12-11T11:01:14.933310,bike_55491
2025-12-11T11:01:17.031261,bike_57555
2025-12-09T05:01:11.977727,bike_69630
2025-12-11T11:01:06.024135,bike_82808
2025-12-11T11:01:12.550691,bike_44340
2025-12-11T11:01:10.230112,bike_78303
2025-12-11T11:01:06.184140,bike_79317
2025-12-11T11:01:05.924216,bike_56295
2025-12-11T05:01:05.962002,bike_73726
2025-12-05T11:01:07.392103,bike_63876
2025-12-11T11:01:14.113483,bike_70729
2025-12-11T11:01:07.424177,bike_67143
2025-12-11T11:01:06.633201,bike_05134
2025-12-11T11:01:07.479543,bike_53350
2025-12-11T11:01:08.050897,bike_88653
2025-12-11T11:01:08.314109,bike_89150
2025-12-11T11:01:07.393453,bike_79440
2025-12-11T11:01:16.051117,bike_56703
2025-12-11T11:01:06.024167,bike_50830
2025-12-09T23:01:07.960107,bike_70679
2025-12-11T11:01:07.011098,bike_46005
2025-12-11T11:01:09.170113,bike_80490
2025-12-11T11:01:10.593126,bike_61069
2025-12-11T11:01:11.724180,bike_51827
2025-12-11T11:01:14.504195,bike_73777
2025-12-11T11:01:10.998456,bike_51225
2025-12-11T11:01:09.153076,bike_19532
2025-12-11T11:01:11.709979,bike_67062
2025-12-11T11:01:13.544203,bike_16950
2025-12-11T11:01:15.811122,bike_46549
2025-12-11T11:01:06.232712,bike_70511
2025-12-11T11:01:16.193486,bike_75057
2025-12-11T11:01:10.351174,bike_50385
2025-12-11T11:01:07.393461,bike_45649
2025-12-11T11:01:15.413285,bike_68717
2025-12-11T11:01:10.050676,bike_22668
2025-12-11T11:01:15.750714,bike_43095
2025-12-11T11:01:09.290970,bike_22584
2025-12-11T11:01:16.944227,bike_02965
2025-12-08T23:01:04.926943,bike_71818
2025-12-11T11:01:11.024145,bike_51197
2025-12-11T11:01:15.984174,bike_89824
2025-12-11T11:01:09.993118,bike_00288
2025-12-11T11:01:11.330512,bike_46480
2025-12-11T11:01:06.890303,bike_09942
2025-12-11T11:01:08.552132,bike_81832
2025-12-11T11:01:09.791164,bike_72383
2025-12-11T11:01:13.604232,bike_17503
2025-12-11T11:01:17.044218,bike_70294
2025-12-11T11:01:15.930283,bike_23166
2025-12-11T11:01:13.521041,bike_19901
2025-12-11T11:01:09.644208,bike_45683
2025-12-11T11:01:14.910394,bike_89721
2025-12-11T11:01:12.033519,bike_52192
2025-12-11T11:01:13.044340,bike_75559
2025-12-11T11:01:11.692771,bike_43285
2025-12-10T17:01:06.818497,bike_58127
2025-12-11T11:01:09.684138,bike_48068
2025-12-11T11:01:15.224200,bike_72644
2025-12-11T05:01:08.181930,bike_88475
2025-12-11T11:01:14.951946,bike_78764
2025-12-11T11:01:16.573704,bike_21043
2025-12-11T11:01:10.671732,bike_17148
2025-12-10T23:01:08.615620,bike_57529
2025-12-08T11:01:03.621073,bike_00662
2025-12-05T17:01:09.859884,bike_27038
2025-12-11T05:01:13.481961,bike_80072
2025-12-11T11:01:11.604181,bike_81127
2025-12-11T11:01:14.844114,bike_71099
2025-12-11T11:01:09.193105,bike_62343
2025-12-09T17:01:10.712482,bike_50287
2025-12-11T11:01:06.504344,bike_56437
2025-12-11T11:01:16.630946,bike_78395
2025-12-11T11:01:13.991235,bike_80778
2025-12-11T11:01:11.244150,bike_57493
2025-12-11T11:01:10.064184,bike_89691
2025-12-11T11:01:10.504229,bike_21358
2025-12-11T11:01:13.391031,bike_47627
2025-12-11T11:01:11.524207,bike_47126
2025-12-11T11:01:08.653096,bike_67192
2025-12-11T11:01:06.553045,bike_72803
2025-12-11T11:01:09.024199,bike_21186
2025-12-11T11:01:08.852935,bike_45212
2025-12-11T11:01:16.673465,bike_60412
2025-12-08T23:01:13.537706,bike_68730
2025-12-11T11:01:15.811147,bike_00937
2025-12-11T11:01:16.324151,bike_80834
2025-12-11T11:01:16.033957,bike_79286
2025-12-11T11:01:09.853208,bike_50251
2025-12-11T11:01:11.384176,bike_72411
2025-12-11T11:01:08.133301,bike_79544
2025-12-11T11:01:11.630897,bike_80944
2025-12-11T11:01:10.953308,bike_47829
2025-12-11T11:01:16.691321,bike_00654
2025-12-11T11:01:12.453797,bike_50288
2025-12-11T11:01:06.129981,bike_01920
2025-12-11T11:01:13.631178,bike_77118
2025-12-11T11:01:12.804197,bike_86057
2025-12-10T17:01:07.698392,bike_67275
2025-12-11T11:01:14.193043,bike_22282
2025-12-11T11:01:12.550661,bike_76952
2025-11-30T23:01:04.773123,bike_72993
2025-12-11T11:01:06.944174,bike_72841
2025-12-11T11:01:07.384235,bike_19936
2025-12-11T11:01:10.333430,bike_76904
2025-12-11T11:01:08.852979,bike_69382
2025-12-11T11:01:15.333210,bike_62568
2025-12-11T11:01:13.054134,bike_09330
2025-12-11T11:01:08.512930,bike_72420
2025-12-11T11:01:16.010679,bike_74419
2025-12-02T05:01:13.019219,bike_70767
2025-12-11T11:01:16.144242,bike_79664
2025-12-11T11:01:06.784168,bike_70413
2025-12-11T11:01:16.299280,bike_72593
2025-12-11T11:01:08.944095,bike_79615
2025-12-11T05:01:04.591011,bike_34148
2025-12-11T11:01:06.112876,bike_20927
2025-12-11T11:01:14.884264,bike_00175
2025-12-11T11:01:06.049804,bike_52080
2025-12-11T11:01:07.744181,bike_38758
2025-12-11T11:01:09.504066,bike_16144
2025-12-11T11:01:06.064087,bike_88079
2025-12-11T11:01:14.570989,bike_58041
2025-12-11T11:01:10.544220,bike_53398
2025-12-11T11:01:06.344118,bike_53191
2025-12-11T11:01:16.332992,bike_80301
2025-12-11T11:01:15.264278,bike_19940
2025-12-11T11:01:15.733439,bike_78078
2025-12-11T11:01:12.204179,bike_78238
2025-12-11T11:01:11.473183,bike_67392
2025-12-11T11:01:14.910411,bike_14632
2025-12-11T11:01:11.778515,bike_67790
2025-12-11T11:01:05.968614,bike_50231
2025-12-11T11:01:10.010293,bike_69098
2025-12-11T11:01:15.530723,bike_89261
2025-12-03T05:01:13.706182,bike_14369
2025-12-09T23:01:05.731686,bike_71444
2025-12-11T11:01:10.131131,bike_62067
2025-12-11T11:01:14.464148,bike_89874
2025-12-11T05:01:09.631834,bike_71749
2025-12-11T11:01:16.944259,bike_56903
2025-12-09T17:01:11.595212,bike_76248
2025-11-29T11:01:10.252903,bike_09886
2025-12-11T11:01:07.684108,bike_78418
2025-12-11T11:01:06.104075,bike_08963
2025-12-11T11:01:08.164261,bike_67584
2025-12-11T11:01:12.444181,bike_67882
2025-12-11T11:01:11.213436,bike_52480
2025-12-08T17:01:07.842779,bike_47855
2025-12-11T05:01:07.841955,bike_80662
2025-12-11T11:01:06.784149,bike_51730
2025-12-11T11:01:07.533083,bike_45525
2025-12-11T11:01:11.073364,bike_58553
2025-12-11T11:01:16.810315,bike_51110
2025-12-11T11:01:16.644256,bike_43983
2025-12-11T11:01:07.725008,bike_78001
2025-12-11T11:01:14.884241,bike_72392
2025-12-11T11:01:10.644132,bike_74517
2025-12-11T11:01:15.010922,bike_47371
2025-12-11T11:01:16.481065,bike_69278
2025-12-11T11:01:09.073196,bike_22403
2025-12-11T11:01:08.473407,bike_70240
2025-12-11T11:01:06.544098,bike_88830
2025-12-11T11:01:14.712947,bike_77140
2025-12-11T11:01:12.604043,bike_20981
2025-12-11T11:01:16.769747,bike_21379
2025-12-11T11:01:14.893035,bike_82565
2025-12-11T11:01:11.473203,bike_85053
2025-12-11T11:01:09.870802,bike_52687
2025-12-11T11:01:11.450469,bike_75530
2025-12-11T11:01:06.744143,bike_88033
2025-12-11T11:01:12.244219,bike_26575
2025-12-11T11:01:14.531076,bike_26249
2025-12-11T11:01:12.350697,bike_89137
2025-12-11T11:01:16.233674,bike_71084
2025-12-11T11:01:09.370870,bike_75503
2025-12-10T23:01:06.154942,bike_38274
2025-12-10T05:01:06.871552,bike_88853
2025-12-11T05:01:07.522051,bike_80582
2025-12-11T11:01:08.104190,bike_05406
2025-12-11T11:01:08.024203,bike_73155
2025-12-10T17:01:04.071682,bike_67979
2025-12-01T23:01:03.844500,bike_77143
2025-12-05T23:01:11.191286,bike_79499
2025-12-11T11:01:13.127080,bike_69317
2025-12-11T11:01:07.044199,bike_56853
2025-12-11T11:01:09.504089,bike_68635
2025-12-06T17:01:12.644382,bike_60918
2025-12-11T05:01:12.628187,bike_80988
2025-12-11T11:01:07.365445,bike_85083
2025-12-11T11:01:15.144185,bike_68686
2025-12-11T11:01:14.844149,bike_51345
2025-12-11T11:01:14.544211,bike_63568
2025-12-11T11:01:07.930252,bike_77245
2025-12-10T05:01:04.720724,bike_51966
2025-12-11T11:01:09.414140,bike_81880
2025-12-11T11:01:13.127060,bike_18047
2025-12-11T11:01:14.264233,bike_68801
2025-12-11T11:01:13.404231,bike_81445
2025-12-11T11:01:13.054153,bike_51330
2025-12-08T17:01:03.942518,bike_80250
2025-12-11T11:01:16.170806,bike_57392
2025-12-10T17:01:02.631695,bike_12328
2025-12-11T11:01:08.304264,bike_68074
2025-12-11T11:01:07.864167,bike_74654
2025-12-11T11:01:07.024204,bike_51321
2025-12-11T11:01:15.793675,bike_55785
2025-12-10T11:01:10.382600,bike_82792
2025-12-08T11:01:04.514377,bike_62037
2025-12-11T11:01:15.273298,bike_81646
2025-12-11T11:01:16.591408,bike_78660
2025-12-11T05:01:03.701942,bike_73502
2025-12-11T05:01:03.781874,bike_77649
2025-12-11T11:01:14.853027,bike_50380
2025-12-11T11:01:05.843996,bike_12499
2025-12-11T11:01:12.372929,bike_51168
2025-12-11T11:01:11.024129,bike_21785
2025-12-11T11:01:11.644185,bike_50780
2025-12-11T11:01:13.480005,bike_89434
2025-12-11T11:01:12.270426,bike_58411
2025-12-11T11:01:14.031034,bike_22571
2025-12-11T11:01:10.010284,bike_26346
2025-12-11T11:01:09.051596,bike_01703
2025-12-11T11:01:14.730576,bike_23647
2025-12-11T11:01:15.490507,bike_89197
2025-11-29T23:01:06.323368,bike_78924
2025-12-11T11:01:14.609859,bike_81210
2025-12-11T11:01:07.190900,bike_82828
2025-12-11T11:01:06.232691,bike_88000
2025-12-11T11:01:10.764066,bike_50881
2025-12-11T11:01:15.451939,bike_44863
2025-12-11T05:01:13.128470,bike_71111
2025-11-28T23:01:07.771584,bike_63176
2025-12-11T05:01:13.128478,bike_06873
2025-12-11T11:01:11.653199,bike_58799
2025-12-10T17:01:02.251687,bike_69383
2025-12-11T11:01:10.684110,bike_79596
2025-12-11T11:01:16.051128,bike_70554
2025-11-28T05:01:37.090228,bike_89843
2025-12-11T11:01:15.764265,bike_43688
2025-12-11T11:01:16.290111,bike_60178
2025-12-11T11:01:06.993230,bike_55073
2025-12-11T11:01:05.959964,bike_61563
2025-12-11T11:01:13.613414,bike_74389
2025-12-11T05:01:07.061890,bike_20285
2025-12-11T11:01:15.390313,bike_76691
2025-12-11T11:01:12.873245,bike_45635
2025-12-11T11:01:07.784055,bike_75486
2025-12-11T11:01:13.211189,bike_43028
2025-12-11T11:01:15.234051,bike_80284
2025-12-11T05:01:06.429329,bike_09576
2025-12-11T11:01:06.770281,bike_70803
2025-12-11T05:01:03.909941,bike_46038
2025-12-11T11:01:09.129935,bike_43443
2025-12-11T11:01:06.513945,bike_50166
2025-12-11T11:01:06.477033,bike_55684
2025-12-11T11:01:15.113993,bike_76389
2025-12-11T11:01:10.772853,bike_21256
2025-12-11T05:01:06.051133,bike_63671
2025-12-11T11:01:09.431503,bike_55446
2025-12-11T11:01:11.384155,bike_79285
2025-12-11T11:01:16.424279,bike_03207
2025-12-11T05:01:05.070949,bike_53347
2025-12-11T11:01:10.390880,bike_07706
2025-12-11T11:01:11.490743,bike_24294
2025-12-11T11:01:13.671237,bike_50826
2025-12-11T11:01:08.164248,bike_89097
2025-12-11T11:01:11.024163,bike_72320
2025-12-09T17:01:13.385860,bike_21350
2025-12-11T11:01:09.314453,bike_45701
2025-12-11T05:01:03.049145,bike_46863
2025-12-11T05:01:04.922015,bike_77057
2025-12-11T11:01:16.664227,bike_70135
2025-12-11T11:01:14.113524,bike_16857
2025-12-11T11:01:14.324223,bike_05172
2025-11-27T23:01:45.906823,bike_46943
2025-12-11T11:01:07.510786,bike_61383
2025-12-11T11:01:15.890040,bike_55283
2025-12-04T17:01:07.460549,bike_72157
2025-12-11T11:01:08.564364,bike_60916
2025-12-11T11:01:14.853077,bike_23001
2025-12-11T11:01:16.453666,bike_70761
2025-12-11T11:01:16.864274,bike_25711
2025-12-10T05:01:05.091718,bike_80172
2025-12-11T11:01:10.324193,bike_86278
2025-12-11T11:01:09.113091,bike_50295
2025-12-11T11:01:06.932354,bike_50939
2025-12-11T11:01:15.144201,bike_73275
2025-12-11T11:01:08.564385,bike_43645
2025-12-11T11:01:14.300722,bike_72553
2025-12-11T05:01:04.349965,bike_55718
2025-12-11T11:01:12.830055,bike_42903
2025-12-11T11:01:15.373088,bike_88341
2025-12-11T11:01:06.270300,bike_88665
2025-11-29T05:01:04.185421,bike_34734
2025-12-11T11:01:11.524197,bike_17101
2025-12-11T11:01:09.144172,bike_12559
2025-12-11T05:01:07.641867,bike_50851
2025-12-11T11:01:17.009713,bike_69481
2025-12-11T11:01:11.630910,bike_68737
2025-12-11T11:01:15.693726,bike_17219
2025-11-30T05:01:06.536112,bike_89640
2025-12-11T11:01:07.312810,bike_80533
2025-12-11T11:01:12.550705,bike_72289
2025-12-11T05:01:07.008331,bike_57871
2025-12-11T11:01:09.750212,bike_45832
2025-12-11T11:01:09.684185,bike_63113
2025-12-11T11:01:16.033966,bike_68843
2025-12-11T11:01:15.144198,bike_69261
2025-12-11T11:01:12.230703,bike_46897
2025-12-11T11:01:14.910403,bike_01672
2025-12-05T23:01:06.991356,bike_38248
2025-12-11T11:01:10.073749,bike_57484
2025-12-11T11:01:06.832963,bike_63212
2025-12-11T11:01:15.872742,bike_76498
2025-12-11T11:01:16.769778,bike_77792
2025-12-11T11:01:07.970127,bike_73291
2025-12-11T11:01:06.184138,bike_07831
2025-12-11T11:01:09.232402,bike_89942
2025-12-11T11:01:06.932359,bike_43150
2025-12-10T17:01:02.181712,bike_60367
2025-12-11T11:01:13.093565,bike_52946
2025-12-11T11:01:10.813622,bike_73008
2025-12-11T05:01:07.262019,bike_47322
2025-12-09T17:01:10.418726,bike_60074
2025-12-11T11:01:08.424296,bike_82544
2025-12-11T11:01:12.364103,bike_46181
2025-12-11T11:01:16.704233,bike_62412
2025-12-11T11:01:14.984273,bike_88733
2025-12-11T11:01:13.631175,bike_46255
2025-12-11T11:01:10.971231,bike_61215
2025-12-11T11:01:09.870829,bike_19851
2025-12-11T11:01:14.053058,bike_20542
2025-12-11T11:01:10.033333,bike_81710
2025-12-09T23:01:12.743134,bike_68875
2025-12-11T11:01:06.393133,bike_55411
2025-12-11T11:01:13.964204,bike_81687
2025-12-11T11:01:11.851824,bike_79241
2025-12-11T11:01:06.104083,bike_80106
2025-12-11T11:01:12.144195,bike_45356
2025-12-11T11:01:11.012503,bike_42726
2025-12-11T11:01:15.273285,bike_24805
2025-12-11T11:01:14.409951,bike_78133
2025-12-11T11:01:07.230395,bike_20894
2025-12-11T11:01:09.844201,bike_20615
2025-12-11T11:01:10.653308,bike_52391
2025-12-11T11:01:14.251533,bike_52904
2025-12-11T05:01:02.751481,bike_47534
2025-12-11T11:01:10.252932,bike_57924
2025-12-01T05:01:09.413658,bike_89571
2025-12-09T05:01:05.046148,bike_55299
2025-12-11T11:01:12.104939,bike_67274
2025-12-11T11:01:08.433329,bike_50402
2025-12-11T05:01:04.492532,bike_74421
2025-12-11T11:01:10.050714,bike_78673
2025-12-11T11:01:15.311924,bike_44948
2025-12-11T11:01:10.333394,bike_43701
2025-12-11T11:01:15.504189,bike_61221
2025-12-11T11:01:06.624157,bike_61826
2025-12-11T05:01:04.190927,bike_17546
2025-12-11T11:01:16.332986,bike_85537
2025-12-11T11:01:15.850424,bike_79905
2025-12-10T23:01:14.005021,bike_11449
2025-12-10T17:01:00.781118,bike_80603
2025-12-11T11:01:13.044305,bike_50855
2025-12-02T23:01:14.606246,bike_75356
2025-12-11T11:01:07.613100,bike_69754
2025-12-11T11:01:11.473226,bike_68273
2025-12-11T11:01:16.932114,bike_43021
2025-12-11T11:01:12.173041,bike_18395
2025-12-11T11:01:12.890598,bike_76720
2025-12-05T11:01:08.139912,bike_63607
2025-12-11T11:01:15.430672,bike_43179
2025-12-11T11:01:10.873396,bike_69145
2025-12-11T11:01:12.724218,bike_67955
2025-12-10T05:01:07.520803,bike_50854
2025-12-11T11:01:10.693079,bike_76432
2025-12-11T11:01:15.944143,bike_51813
2025-12-11T11:01:05.959994,bike_50481
2025-12-11T11:01:09.414192,bike_51843
2025-12-11T11:01:10.864111,bike_07341
2025-12-11T05:01:10.748456,bike_26201
2025-12-09T05:01:05.708756,bike_52653
2025-12-11T11:01:08.724175,bike_22566
2025-12-03T23:01:06.459369,bike_43833
2025-12-11T11:01:07.993123,bike_69058
2025-12-11T11:01:14.113453,bike_78273
2025-12-11T11:01:12.244188,bike_45395
2025-12-11T11:01:13.924247,bike_78024
2025-12-11T11:01:16.973479,bike_51076
2025-12-11T11:01:05.950585,bike_80733
2025-12-11T11:01:09.224199,bike_62801
2025-12-11T11:01:13.144259,bike_09193
2025-12-11T11:01:06.731188,bike_62528
2025-12-11T11:01:12.372918,bike_08127
2025-12-11T11:01:10.204080,bike_85497
2025-12-06T17:01:07.793329,bike_25377
2025-12-11T11:01:10.433564,bike_43393
2025-12-11T11:01:12.791182,bike_51517
2025-12-11T11:01:05.984164,bike_09178
2025-12-11T11:01:08.749974,bike_02778
2025-12-11T11:01:12.993674,bike_79788
2025-12-11T11:01:07.613049,bike_80729
2025-12-09T17:01:12.038634,bike_70819
2025-12-11T11:01:15.553123,bike_88741
2025-12-11T11:01:10.492481,bike_52479
2025-12-11T11:01:16.211550,bike_47183
2025-12-11T11:01:15.890059,bike_08303
2025-12-11T11:01:12.804173,bike_57834
2025-12-11T11:01:09.750226,bike_78480
2025-12-11T11:01:07.411175,bike_70931
2025-12-08T17:01:08.585872,bike_77250
2025-12-10T17:01:04.058168,bike_55745
2025-12-11T11:01:12.090353,bike_71706
2025-12-11T11:01:05.984177,bike_88413
2025-12-11T11:01:15.653337,bike_85187
2025-12-11T11:01:17.070151,bike_62489
2025-12-11T11:01:13.293289,bike_72463
2025-12-11T11:01:11.090218,bike_61108
2025-12-11T05:01:09.330609,bike_88939
2025-12-11T11:01:08.512897,bike_00741
2025-12-10T23:01:08.934603,bike_63821
2025-12-11T11:01:15.051037,bike_46318
2025-12-11T11:01:07.564027,bike_73893
2025-12-11T11:01:15.144169,bike_11838
2025-12-11T11:01:16.072942,bike_23908
2025-12-11T11:01:10.584227,bike_79102
2025-12-11T11:01:07.053468,bike_79382
2025-12-11T11:01:12.364142,bike_08204
2025-12-11T11:01:06.810055,bike_61633
2025-12-11T11:01:10.831065,bike_09365
2025-12-11T11:01:15.593371,bike_50496
2025-12-11T05:01:05.608217,bike_56163
2025-12-11T11:01:09.244186,bike_67953
2025-12-11T11:01:09.470477,bike_75872
2025-12-11T11:01:09.553325,bike_63158
2025-12-11T11:01:14.993581,bike_58588
2025-12-11T11:01:10.554076,bike_56907
2025-12-11T11:01:10.544207,bike_52785
2025-12-11T11:01:15.333238,bike_21026
2025-12-11T11:01:07.092871,bike_23309
2025-12-11T11:01:10.644153,bike_77779
2025-12-11T11:01:11.692781,bike_24089
2025-12-11T11:01:15.104176,bike_43517
2025-12-11T11:01:14.632793,bike_04826
2025-12-11T11:01:06.144114,bike_51014
2025-12-11T11:01:13.884584,bike_24749
2025-12-11T11:01:14.831143,bike_89928
2025-12-11T11:01:13.991222,bike_11081
2025-11-30T11:01:06.465017,bike_68129
2025-12-04T17:01:11.304703,bike_47775
2025-12-11T11:01:08.773974,bike_89512
2025-12-11T11:01:15.273288,bike_74896
2025-12-11T11:01:14.383580,bike_25267
2025-12-11T11:01:15.971188,bike_18828
2025-12-11T11:01:10.270391,bike_76889
2025-12-11T11:01:14.712923,bike_47842
2025-12-11T11:01:11.330448,bike_85405
2025-12-11T11:01:16.810271,bike_75171
2025-12-11T11:01:11.778492,bike_46658
2025-12-11T11:01:07.913199,bike_89916
2025-11-28T23:01:10.035680,bike_57863
2025-12-11T05:01:09.081519,bike_74957
2025-12-11T11:01:06.971057,bike_68923
2025-12-11T05:01:10.691556,bike_51681
2025-12-11T11:01:12.804186,bike_52217
2025-12-11T11:01:10.413585,bike_68917
2025-12-11T11:01:13.991233,bike_80011
2025-12-11T11:01:15.811103,bike_50486
2025-12-11T11:01:06.304060,bike_74769
2025-12-11T11:01:17.052957,bike_62950
2025-12-11T11:01:14.044153,bike_60198
2025-12-11T11:01:11.231278,bike_45131
2025-12-11T11:01:14.324234,bike_89508
2025-12-11T11:01:16.299226,bike_50684
2025-12-11T11:01:06.279314,bike_74186
2025-12-11T11:01:15.324161,bike_69464
2025-12-11T11:01:13.211210,bike_62421
2025-12-11T11:01:06.832940,bike_81014
2025-12-11T11:01:11.813313,bike_75289
2025-12-11T11:01:06.249275,bike_69586
2025-12-11T11:01:06.104043,bike_62205
2025-12-11T11:01:10.513502,bike_47715
2025-12-11T11:01:09.613365,bike_47882
2025-12-11T11:01:10.252937,bike_43797
2025-12-11T11:01:14.853067,bike_50291
2025-12-11T11:01:11.692779,bike_45688
2025-12-11T11:01:15.820038,bike_72233
2025-12-11T05:01:07.377695,bike_68797
2025-12-11T11:01:14.764165,bike_78456
2025-12-11T11:01:15.390304,bike_17446
2025-12-11T11:01:16.184200,bike_72944
2025-12-11T11:01:08.693220,bike_74348
2025-12-11T05:01:11.888479,bike_70562
2025-11-27T18:03:50.585198,bike_50583
2025-12-11T11:01:09.653325,bike_24466
2025-12-11T11:01:07.204212,bike_78559
2025-12-01T11:01:07.737210,bike_80664
2025-12-11T11:01:07.744199,bike_74340
2025-12-11T11:01:11.613504,bike_45604
2025-12-11T11:01:12.593654,bike_12400
2025-12-11T11:01:10.900187,bike_75658
2025-12-11T11:01:14.632785,bike_44737
2025-12-11T05:01:13.688148,bike_22588
2025-12-11T11:01:05.924270,bike_47512
2025-12-11T11:01:08.073295,bike_74120
2025-12-11T11:01:12.114129,bike_50503
2025-12-08T17:01:12.296300,bike_42883
2025-12-11T05:01:06.870917,bike_46781
2025-12-11T11:01:12.033483,bike_77851
2025-12-11T11:01:06.292439,bike_51502
2025-12-11T11:01:07.252865,bike_72755
2025-12-11T11:01:08.251521,bike_08602
2025-12-11T11:01:09.644222,bike_07400
2025-12-11T11:01:16.864298,bike_74608
2025-12-03T11:01:09.771825,bike_26739
2025-12-11T11:01:15.144161,bike_70770
2025-12-11T11:01:06.352918,bike_76415
2025-11-28T23:01:03.976657,bike_78949
2025-12-11T11:01:15.653301,bike_57890
2025-11-30T17:01:05.424396,bike_37960
2025-12-07T23:01:05.290723,bike_69660
2025-12-11T11:01:08.314087,bike_45259
2025-12-11T11:01:06.932335,bike_62442
2025-12-11T11:01:15.290831,bike_77820
2025-12-11T11:01:08.473435,bike_63610
2025-12-11T11:01:08.844148,bike_22995
2025-12-11T11:01:08.774016,bike_72326
2025-12-11T11:01:09.332264,bike_44389
2025-12-11T11:01:16.131063,bike_89007
2025-12-11T11:01:13.571996,bike_89208
2025-12-11T11:01:16.664232,bike_88664
2025-12-08T23:01:05.327094,bike_38277
2025-12-11T11:01:07.792849,bike_07925
2025-12-11T11:01:11.724193,bike_00889
2025-12-11T11:01:14.513419,bike_12487
2025-12-11T11:01:15.064211,bike_74512
2025-12-11T11:01:06.664164,bike_85400
2025-12-11T05:01:11.450897,bike_69610
2025-12-11T11:01:10.684121,bike_60641
2025-12-11T11:01:11.710037,bike_19839
2025-12-11T05:01:08.568078,bike_21030
2025-12-11T11:01:10.173288,bike_77632
2025-12-11T11:01:09.273335,bike_80328
2025-12-11T05:01:03.482039,bike_79185
2025-12-11T11:01:05.959941,bike_70284
2025-12-11T11:01:16.324195,bike_74311
2025-12-11T05:01:04.473850,bike_71756
2025-12-11T11:01:08.530637,bike_80016
2025-12-11T11:01:09.344232,bike_60847
2025-12-11T11:01:14.491390,bike_30286
2025-12-06T11:01:06.680537,bike_74233
2025-12-11T11:01:06.752915,bike_50695
2025-11-27T23:01:43.026735,bike_57008
2025-12-11T11:01:12.773596,bike_15983
2025-12-11T11:01:08.251448,bike_52349
2025-12-11T11:01:09.232392,bike_77271
2025-12-11T11:01:09.953299,bike_76552
2025-12-11T11:01:08.344210,bike_79127
2025-12-11T11:01:17.052967,bike_42931
2025-12-11T11:01:07.230432,bike_00982
2025-12-11T11:01:15.530744,bike_43214
2025-12-11T11:01:11.164193,bike_51781
2025-12-11T11:01:15.504201,bike_89368
2025-12-11T05:01:06.601933,bike_51553
2025-12-11T11:01:12.144201,bike_46368
2025-12-11T11:01:13.631203,bike_00686
2025-12-11T11:01:10.024177,bike_74064
2025-12-11T05:01:07.487459,bike_63074
2025-12-11T11:01:14.113526,bike_57548
2025-12-11T11:01:12.204142,bike_06619
2025-12-11T11:01:13.024228,bike_56136
2025-12-11T11:01:10.390853,bike_76301
2025-12-11T11:01:07.479550,bike_68549
2025-12-11T11:01:06.232665,bike_73154
2025-12-11T11:01:09.684169,bike_77752
2025-12-05T11:01:06.672773,bike_44377
2025-12-11T11:01:14.184166,bike_69040
2025-12-11T11:01:11.984182,bike_51034
2025-12-11T05:01:08.921873,bike_72620
2025-12-11T11:01:07.292128,bike_77879
2025-12-11T11:01:16.664246,bike_11391
2025-12-11T11:01:09.984191,bike_62597
2025-11-29T23:01:10.951485,bike_50662
2025-12-11T11:01:15.473229,bike_00778
2025-12-11T11:01:11.604187,bike_42563
2025-12-11T11:01:10.504192,bike_60050
2025-12-11T11:01:12.971167,bike_46292
2025-12-09T17:01:06.386309,bike_45543
2025-12-11T11:01:09.244178,bike_75970
2025-12-11T11:01:11.273242,bike_21457
2025-12-11T11:01:12.890647,bike_45667
2025-12-11T11:01:15.064193,bike_76570
2025-12-11T11:01:09.773251,bike_73464
2025-12-11T11:01:06.993205,bike_86118
2025-12-11T11:01:11.204145,bike_67485
2025-12-11T11:01:15.324185,bike_08903
2025-12-11T11:01:13.284197,bike_63580
2025-12-11T05:01:05.001939,bike_10558
2025-12-11T11:01:17.009703,bike_12244
2025-12-11T11:01:10.711283,bike_43244
2025-12-11T11:01:09.631227,bike_36341
2025-12-11T11:01:16.033960,bike_70825
2025-12-11T05:01:05.671320,bike_46941
2025-12-11T11:01:10.284196,bike_52007
2025-12-11T11:01:10.212907,bike_74949
2025-12-11T11:01:16.010656,bike_22527
2025-12-11T11:01:10.953274,bike_44501
2025-12-11T11:01:14.870506,bike_44824
2025-12-01T11:01:09.861958,bike_56523
2025-12-11T05:01:03.727767,bike_73239
2025-12-06T11:01:08.251838,bike_51118
2025-12-10T17:01:08.397355,bike_82307
2025-12-05T23:01:12.157481,bike_72486
2025-12-11T11:01:11.173180,bike_76609
2025-12-11T11:01:15.610662,bike_17087
2025-12-11T11:01:08.150693,bike_88311
2025-12-11T11:01:07.684147,bike_68557
2025-12-11T11:01:12.612632,bike_52292
2025-12-11T11:01:14.264257,bike_48018
2025-12-06T17:01:13.432560,bike_18571
2025-12-06T17:01:08.803295,bike_24104
2025-12-11T11:01:16.324130,bike_76899
2025-12-11T11:01:12.372904,bike_25414
2025-12-11T11:01:07.630520,bike_75749
2025-12-11T11:01:13.511678,bike_07300
2025-12-11T11:01:08.164256,bike_23477
2025-12-11T11:01:16.184154,bike_78843
2025-12-11T05:01:06.681348,bike_09970
2025-12-11T11:01:11.231260,bike_88026
2025-12-11T11:01:10.944135,bike_52686
2025-12-11T11:01:08.104209,bike_55451
2025-12-11T11:01:09.453170,bike_07858
2025-12-11T11:01:06.504394,bike_78577
2025-12-11T11:01:16.630977,bike_89459
2025-12-11T11:01:15.311887,bike_52509
2025-12-11T11:01:08.512947,bike_86094
2025-12-06T05:01:05.542870,bike_47454
2025-12-11T11:01:13.127052,bike_89344
2025-12-11T11:01:13.711268,bike_58633
2025-12-11T11:01:10.864134,bike_73384
2025-12-11T11:01:05.959982,bike_77290
2025-12-11T11:01:10.831090,bike_04052
2025-12-11T11:01:06.410662,bike_79347
2025-12-11T11:01:16.131055,bike_70053
2025-12-11T11:01:10.164217,bike_79493
2025-12-11T11:01:08.670617,bike_45197
2025-12-11T11:01:10.790827,bike_51841
2025-12-02T17:01:03.875027,bike_71700
2025-12-11T11:01:15.184209,bike_43747
2025-12-11T11:01:14.910362,bike_17053
2025-12-11T11:01:07.150190,bike_77357
2025-12-11T11:01:09.232434,bike_45246
2025-12-07T11:01:09.908938,bike_88743
2025-12-11T11:01:11.164235,bike_75952
2025-12-11T11:01:09.290919,bike_16183
2025-12-06T17:01:11.786620,bike_81662
2025-12-11T11:01:12.524178,bike_37782
2025-12-11T11:01:06.486024,bike_68396
2025-12-11T11:01:16.905446,bike_63051
2025-12-11T11:01:09.224170,bike_73481
2025-12-11T11:01:06.152912,bike_72862
2025-12-11T11:01:11.133307,bike_09985
2025-12-11T11:01:11.912937,bike_80634
2025-12-11T11:01:14.704188,bike_23906
2025-12-10T23:01:09.797845,bike_35887
2025-12-11T11:01:10.844150,bike_23538
2025-12-11T11:01:10.373315,bike_46712
2025-12-05T11:01:11.251891,bike_75298
2025-12-11T11:01:10.653334,bike_04380
2025-12-11T11:01:12.890637,bike_77456
2025-12-11T11:01:10.504205,bike_88144
2025-12-04T05:01:08.379624,bike_57113
2025-12-11T11:01:12.471137,bike_77724
2025-12-11T11:01:13.452752,bike_76794
2025-12-11T11:01:11.653166,bike_51850
2025-12-11T11:01:10.243548,bike_44910
2025-12-11T11:01:15.114012,bike_71495
2025-12-11T11:01:12.230657,bike_20080
2025-12-11T11:01:15.234027,bike_06654
2025-12-11T11:01:08.844180,bike_71277
2025-12-11T11:01:06.544135,bike_46290
2025-11-30T11:01:10.380753,bike_55377
2025-12-11T11:01:14.584198,bike_51886
2025-12-10T23:01:10.576180,bike_47231
2025-12-11T11:01:06.104093,bike_74053
2025-12-11T11:01:08.812905,bike_44672
2025-12-11T11:01:07.344219,bike_89617
2025-12-11T05:01:05.608192,bike_62061
2025-12-10T05:01:10.231700,bike_78872
2025-12-11T11:01:07.024193,bike_46605
2025-12-11T11:01:11.370621,bike_85008
2025-12-11T11:01:14.170729,bike_11034
2025-12-11T11:01:08.613044,bike_34845
2025-12-11T11:01:13.470855,bike_76804
2025-12-11T11:01:15.290844,bike_81800
2025-12-11T11:01:13.224231,bike_04674
2025-12-11T11:01:13.404217,bike_51984
2025-12-11T11:01:08.024216,bike_58314
2025-12-11T11:01:10.724181,bike_47776
2025-12-11T11:01:07.150175,bike_74684
2025-12-08T05:01:11.726223,bike_14181
2025-12-11T11:01:10.844176,bike_74380
2025-11-28T23:01:05.675184,bike_10414
2025-12-11T11:01:08.232193,bike_88645
2025-12-11T11:01:15.610630,bike_24911
2025-12-11T11:01:16.384300,bike_68130
2025-12-11T11:01:16.364208,bike_19823
2025-12-11T11:01:16.393057,bike_62438
2025-12-11T11:01:06.713210,bike_80590
2025-12-11T11:01:16.299231,bike_51542
2025-12-11T05:01:10.941925,bike_86042
2025-12-11T11:01:14.044191,bike_79549
2025-12-11T05:01:12.570983,bike_76497
2025-12-11T11:01:11.804234,bike_73692
2025-12-11T11:01:10.644111,bike_23713
2025-12-11T11:01:16.113592,bike_20325
2025-12-11T11:01:08.264178,bike_61460
2025-12-11T11:01:14.584159,bike_79877
2025-12-11T11:01:11.204137,bike_46433
2025-12-11T11:01:16.824123,bike_45312
2025-12-11T11:01:16.932117,bike_15942
2025-12-11T11:01:06.477060,bike_75285
2025-12-11T11:01:09.764169,bike_53125
2025-12-11T11:01:11.864169,bike_46284
2025-12-11T11:01:05.959967,bike_89582
2025-12-11T11:01:14.790616,bike_76119
2025-12-11T11:01:14.730548,bike_78413
2025-12-11T11:01:08.992905,bike_50940
2025-12-04T23:01:12.186641,bike_78463
2025-12-11T11:01:11.944442,bike_71649
2025-12-11T11:01:09.273355,bike_07082
2025-12-04T11:01:11.831726,bike_47754
2025-12-11T11:01:11.564080,bike_76550
2025-12-11T11:01:15.364196,bike_44931
2025-12-11T11:01:08.073274,bike_46543
2025-12-11T11:01:16.332966,bike_53352
2025-12-08T11:01:08.976223,bike_78954
2025-12-11T05:01:11.450874,bike_11019
2025-12-11T11:01:13.480048,bike_17872
2025-12-11T11:01:06.112834,bike_72177
2025-12-11T11:01:15.670848,bike_80554
2025-12-10T11:01:08.392844,bike_52798
2025-12-11T05:01:03.343393,bike_08342
2025-12-11T11:01:09.273312,bike_75182
2025-12-11T11:01:16.664224,bike_85060
2025-12-11T05:01:12.948766,bike_81852
2025-12-03T05:01:11.399794,bike_74631
2025-12-11T11:01:08.913104,bike_26166
2025-12-11T11:01:11.012465,bike_15936
2025-12-11T11:01:13.884615,bike_22184
2025-12-11T11:01:07.084172,bike_69689
2025-12-11T11:01:07.564030,bike_51435
2025-12-11T11:01:10.294083,bike_70879
2025-12-11T11:01:09.104212,bike_56818
2025-12-11T11:01:07.011124,bike_61241
2025-12-02T17:01:08.195112,bike_81109
2025-12-11T11:01:16.433496,bike_23072
2025-12-11T11:01:13.644196,bike_57994
2025-12-04T11:01:11.211771,bike_02806
2025-12-11T11:01:12.244199,bike_77618
2025-12-11T11:01:14.744217,bike_74613
2025-12-11T11:01:15.473237,bike_51960
2025-12-11T11:01:14.053051,bike_21377
2025-12-11T11:01:14.704209,bike_07520
2025-12-03T05:01:12.974508,bike_70334
2025-12-11T11:01:14.031029,bike_20272
2025-12-11T05:01:03.750772,bike_69164
2025-12-11T11:01:15.820035,bike_10398
2025-12-11T11:01:06.531201,bike_43211
2025-12-11T11:01:07.424134,bike_70665
2025-12-11T11:01:12.564165,bike_77878
2025-12-11T11:01:08.870190,bike_42934
2025-12-11T11:01:14.984252,bike_00820
2025-12-11T11:01:11.904194,bike_51238
2025-12-11T11:01:12.791180,bike_21624
2025-12-11T11:01:14.031055,bike_88442
2025-12-11T11:01:10.584183,bike_59019
2025-12-11T11:01:06.824160,bike_61575
2025-12-11T11:01:11.392904,bike_25511
2025-12-11T11:01:12.230685,bike_67950
2025-12-11T11:01:15.632118,bike_81018
2025-12-11T11:01:15.364167,bike_85268
2025-12-06T05:01:08.843657,bike_26802
2025-12-11T11:01:06.312963,bike_89158
2025-12-11T11:01:16.752811,bike_51304
2025-12-11T11:01:12.144158,bike_77906
2025-12-11T11:01:11.033592,bike_25594
2025-12-11T11:01:09.693450,bike_51329
2025-12-11T11:01:13.711193,bike_89563
2025-12-11T11:01:06.544160,bike_74334
2025-12-11T11:01:16.533634,bike_89463
2025-12-11T11:01:14.210103,bike_46619
2025-12-11T11:01:09.953243,bike_52249
2025-12-10T05:01:12.200499,bike_79063
2025-12-11T11:01:07.133020,bike_89921
2025-12-11T11:01:06.890310,bike_89026
2025-12-11T11:01:10.644143,bike_82841
2025-12-11T11:01:16.524484,bike_73270
2025-12-11T11:01:12.612648,bike_03864
2025-12-11T11:01:12.453800,bike_22414
2025-12-11T11:01:11.330471,bike_81917
2025-12-11T11:01:11.684219,bike_17002
2025-12-11T11:01:16.170741,bike_47204
2025-12-11T11:01:13.284213,bike_73486
2025-12-11T11:01:09.344227,bike_51067
2025-12-11T05:01:07.208240,bike_72360
2025-12-11T11:01:07.424131,bike_85328
2025-12-11T11:01:10.571911,bike_53126
2025-12-11T11:01:07.452517,bike_88420
2025-12-11T11:01:14.310046,bike_43105
2025-12-11T11:01:15.251796,bike_52337
2025-12-11T11:01:11.992850,bike_79282
2025-12-11T11:01:06.010677,bike_46933
2025-12-11T11:01:15.750645,bike_76405
2025-12-03T17:01:13.404885,bike_74292
2025-12-11T11:01:06.312973,bike_45309
2025-12-11T11:01:15.113988,bike_51412
2025-12-11T11:01:15.251778,bike_61052
2025-12-05T05:01:09.597155,bike_62560
2025-12-09T17:01:12.605723,bike_02571
2025-12-06T17:01:12.906578,bike_09124
2025-12-11T11:01:06.424114,bike_76156
2025-12-11T11:01:16.332983,bike_09022
2025-12-11T11:01:09.144167,bike_23678
2025-12-11T11:01:09.613388,bike_46544
2025-12-11T11:01:06.129984,bike_79803
2025-12-11T11:01:08.764187,bike_46129
2025-12-11T11:01:06.304126,bike_44919
2025-12-11T11:01:16.905412,bike_61845
2025-12-11T11:01:12.533204,bike_81786
2025-12-11T11:01:06.504371,bike_53417
2025-12-04T05:01:10.690843,bike_60199
2025-12-11T11:01:14.324213,bike_78147
2025-12-11T05:01:12.488698,bike_23772
2025-12-11T11:01:13.127085,bike_21874
2025-12-11T11:01:14.104287,bike_09808
2025-12-11T11:01:06.691042,bike_61008
2025-12-11T11:01:13.893763,bike_80635
2025-12-11T11:01:15.430696,bike_71285
2025-12-11T11:01:08.504233,bike_23442
2025-12-11T11:01:10.474955,bike_89397
2025-12-11T11:01:12.364108,bike_74200
2025-12-11T11:01:10.998453,bike_63214
2025-12-11T11:01:07.044240,bike_78812
2025-12-11T11:01:10.804173,bike_24640
2025-12-11T11:01:08.573614,bike_71942
2025-12-11T11:01:09.264215,bike_89285
2025-12-11T11:01:09.032928,bike_10719
2025-12-11T11:01:12.993682,bike_47166
2025-12-11T11:01:11.533486,bike_56134
2025-12-11T11:01:15.904162,bike_45042
2025-12-11T11:01:11.813257,bike_69109
2025-12-11T05:01:04.702013,bike_61918
2025-12-11T05:01:03.827368,bike_26581
2025-12-11T11:01:15.670824,bike_25595
2025-12-11T11:01:16.850071,bike_03862
2025-12-11T11:01:13.430847,bike_20444
2025-12-11T11:01:10.294043,bike_73227
2025-12-11T11:01:15.850378,bike_75769
2025-12-11T11:01:15.090087,bike_45857
2025-12-11T11:01:08.693250,bike_68388
2025-12-11T11:01:12.533177,bike_72730
2025-12-11T11:01:13.184342,bike_55847
2025-11-27T23:01:28.646783,bike_75410
2025-12-11T11:01:10.953268,bike_70608
2025-12-11T11:01:11.744242,bike_80454
2025-12-11T11:01:12.309948,bike_80819
2025-12-11T11:01:15.784188,bike_07828
2025-12-11T11:01:08.913049,bike_89825
2025-12-11T11:01:07.851004,bike_12286
2025-12-11T11:01:07.384241,bike_72967
2025-12-11T11:01:14.544203,bike_20082
2025-12-11T11:01:16.131099,bike_76616
2025-12-11T11:01:08.724171,bike_73633
2025-12-11T11:01:08.724166,bike_77269
2025-12-11T11:01:06.770273,bike_62800
2025-12-11T11:01:07.694433,bike_51530
2025-12-11T11:01:10.873432,bike_05020
2025-12-11T11:01:15.264297,bike_89735
2025-12-11T11:01:06.890323,bike_53451
2025-12-11T11:01:16.504210,bike_45282
2025-12-11T05:01:12.408279,bike_68864
2025-12-11T05:01:04.961992,bike_74564
2025-12-11T11:01:07.213132,bike_89564
2025-12-11T11:01:11.264212,bike_50284
2025-12-11T11:01:08.241835,bike_88566
2025-11-29T23:01:08.252127,bike_63230
2025-12-11T11:01:11.151238,bike_89235
2025-12-11T11:01:16.312457,bike_43232
2025-12-11T11:01:10.284243,bike_58570
2025-12-11T11:01:07.479533,bike_73503
2025-12-11T11:01:12.164181,bike_26572
2025-12-11T11:01:08.204333,bike_51121
2025-12-11T11:01:10.390874,bike_43136
2025-12-11T11:01:15.464184,bike_78166
2025-12-11T11:01:06.104070,bike_16823
2025-12-11T11:01:07.872948,bike_13929
2025-12-11T11:01:12.993657,bike_62888
2025-12-11T11:01:08.273215,bike_56621
2025-12-10T17:01:03.580582,bike_76890
2025-12-11T11:01:12.064136,bike_45531
2025-12-11T11:01:15.184221,bike_89763
2025-12-11T11:01:11.944453,bike_74474
2025-12-06T17:01:06.066324,bike_63350
2025-12-11T11:01:15.033692,bike_51817
2025-12-11T11:01:08.913085,bike_08800
2025-12-11T11:01:15.104160,bike_52865
2025-12-11T11:01:13.430872,bike_56137
2025-12-11T11:01:11.851786,bike_10498
2025-12-11T11:01:05.924272,bike_75178
2025-12-11T11:01:08.630086,bike_43584
2025-12-11T05:01:13.141884,bike_79134
2025-12-11T11:01:17.000129,bike_45140
2025-12-11T11:01:10.104250,bike_71054
2025-12-11T11:01:07.533044,bike_88747
2025-12-04T23:01:10.191726,bike_68605
2025-12-11T11:01:15.131064,bike_76977
2025-12-11T11:01:08.684235,bike_80649
2025-12-11T11:01:16.591406,bike_80644
2025-12-11T11:01:16.944244,bike_44569
2025-12-10T17:01:06.831736,bike_79772
2025-12-11T05:01:04.631380,bike_80810
2025-12-11T11:01:11.653184,bike_62517
2025-12-11T11:01:11.573273,bike_89243
2025-12-11T11:01:05.968596,bike_57256
2025-12-11T11:01:11.290446,bike_70636
2025-12-11T11:01:05.950590,bike_02828
2025-11-30T11:01:05.128421,bike_53008
2025-12-11T11:01:08.791154,bike_80675
2025-12-11T11:01:15.553136,bike_88742
2025-12-11T11:01:07.011109,bike_71578
2025-12-11T11:01:09.604191,bike_79605
2025-12-11T11:01:13.071784,bike_55094
2025-12-10T05:01:02.531651,bike_44866
2025-12-11T11:01:10.653305,bike_42511
2025-12-11T11:01:10.064181,bike_79073
2025-12-11T11:01:06.049801,bike_46586
2025-12-11T11:01:11.813271,bike_45664
2025-12-11T11:01:06.913394,bike_78340
2025-12-11T11:01:08.844201,bike_44066
2025-12-11T05:01:11.441953,bike_73040
2025-12-11T11:01:10.204097,bike_61254
2025-12-11T11:01:07.930212,bike_19669
2025-12-11T11:01:15.724201,bike_51873
2025-12-02T23:01:09.630724,bike_88251
2025-12-11T11:01:10.212951,bike_55303
2025-12-11T11:01:16.564146,bike_80870
2025-12-11T11:01:11.889485,bike_80380
2025-12-11T11:01:08.264210,bike_77678
2025-12-03T05:01:10.019793,bike_57367
2025-12-11T05:01:12.430345,bike_80931
2025-12-11T11:01:15.953203,bike_17132
2025-12-11T11:01:08.251524,bike_46532
2025-12-11T11:01:07.850956,bike_69787
2025-12-11T05:01:12.967114,bike_80779
2025-12-11T11:01:11.353136,bike_53035
2025-12-11T05:01:07.890724,bike_70943
2025-12-11T11:01:17.009716,bike_81639
2025-12-11T11:01:06.270273,bike_47216
2025-12-11T11:01:07.970087,bike_20865
2025-12-11T11:01:10.252977,bike_47176
2025-12-11T11:01:09.970565,bike_09338
2025-12-11T11:01:06.673440,bike_51612
2025-12-04T05:01:07.611766,bike_78121
2025-12-11T11:01:07.993121,bike_74299
2025-12-11T11:01:14.670920,bike_70663
2025-12-11T11:01:14.113475,bike_73120
2025-12-11T11:01:11.573304,bike_72152
2025-12-11T11:01:14.424199,bike_73565
2025-11-28T17:01:04.864206,bike_05836
2025-12-10T23:01:07.976698,bike_53435
2025-12-11T11:01:08.133252,bike_77916
2025-12-11T11:01:10.451474,bike_67809
2025-12-09T23:01:08.151682,bike_62332
2025-12-11T11:01:15.224211,bike_51059
2025-12-11T11:01:08.392844,bike_01010
2025-12-11T05:01:13.331491,bike_89449
2025-12-11T11:01:08.273217,bike_51102
2025-12-08T17:01:11.765003,bike_85516
2025-12-11T11:01:14.910373,bike_80656
2025-12-11T11:01:10.610563,bike_44625
2025-12-11T11:01:16.604306,bike_77697
2025-12-07T05:01:08.632403,bike_47226
2025-12-11T11:01:13.111305,bike_04463
2025-12-11T11:01:14.884311,bike_79855
2025-12-11T11:01:06.770253,bike_45324
2025-12-11T11:01:14.210137,bike_51878
2025-12-11T11:01:14.531074,bike_88136
2025-12-11T11:01:06.344076,bike_52090
2025-12-11T11:01:09.984154,bike_51292
2025-12-11T11:01:12.453761,bike_78761
2025-12-11T11:01:08.773986,bike_52883
2025-12-11T05:01:03.109815,bike_76741
2025-12-11T11:01:05.959969,bike_60292
2025-12-11T11:01:07.913183,bike_08201
2025-12-11T11:01:14.224171,bike_77782
2025-12-11T11:01:06.624144,bike_76454
2025-12-11T11:01:14.813190,bike_60082
2025-12-11T11:01:10.294053,bike_44655
2025-12-11T11:01:07.970140,bike_51219
2025-12-11T11:01:06.713203,bike_81463
2025-12-11T11:01:12.190447,bike_80957
2025-12-11T05:01:08.047048,bike_73081
2025-12-11T11:01:09.290916,bike_71506
2025-12-11T11:01:16.784093,bike_47736
2025-12-11T11:01:16.481097,bike_70223
2025-12-11T11:01:10.113548,bike_77744
2025-12-11T11:01:14.031044,bike_50477
2025-12-07T17:01:05.016499,bike_25151
2025-12-11T11:01:07.084154,bike_00255
2025-12-11T11:01:14.113521,bike_43801
2025-12-11T05:01:10.267768,bike_44600
2025-12-11T11:01:07.292098,bike_09153
2025-12-11T11:01:07.952880,bike_80706
2025-12-11T11:01:12.114166,bike_67712
2025-12-11T11:01:10.671723,bike_67101
2025-12-11T11:01:14.233997,bike_44739
2025-12-11T11:01:05.844040,bike_50596
2025-12-09T23:01:08.009451,bike_61068
2025-12-11T11:01:10.390896,bike_70596
2025-12-11T11:01:10.424201,bike_55882
2025-12-11T11:01:09.970562,bike_80795
2025-12-11T11:01:12.773599,bike_39695
2025-12-11T11:01:12.372957,bike_19900
2025-12-11T11:01:06.224157,bike_42551
2025-12-11T11:01:16.233622,bike_88338
2025-12-11T11:01:09.853173,bike_30010
2025-12-11T11:01:15.593363,bike_50289
2025-12-10T11:01:02.800607,bike_48011
2025-12-11T11:01:07.550574,bike_89173
2025-12-11T11:01:06.650527,bike_70442
2025-12-11T11:01:16.784096,bike_61655
2025-12-07T17:01:03.547559,bike_47633
2025-12-11T11:01:14.513437,bike_78615
2025-12-11T11:01:12.930335,bike_23201
2025-12-10T05:01:09.181200,bike_71326
2025-12-11T11:01:14.392694,bike_02980
2025-12-11T11:01:16.424234,bike_68497
2025-12-11T11:01:15.153091,bike_24316
2025-12-11T05:01:04.948532,bike_67067
2025-12-11T11:01:15.311848,bike_74157
2025-12-11T11:01:10.544212,bike_62122
2025-12-11T05:01:11.201804,bike_52521
2025-12-11T11:01:10.953253,bike_24285
2025-12-11T11:01:14.184171,bike_46287
2025-12-11T11:01:15.784164,bike_80721
2025-12-11T11:01:05.933193,bike_24006
2025-12-11T11:01:10.433554,bike_17093
2025-12-11T11:01:14.031049,bike_04316
2025-12-11T11:01:13.964207,bike_52309
2025-12-10T23:01:14.968641,bike_61211
2025-12-11T11:01:13.111252,bike_50581
2025-12-07T11:01:07.686176,bike_48037
2025-12-11T11:01:12.484114,bike_86007
2025-12-11T11:01:16.873238,bike_55607
2025-12-11T11:01:15.010877,bike_71555
2025-12-11T11:01:15.610683,bike_63783
2025-12-11T11:01:12.050616,bike_17645
2025-12-11T11:01:10.164166,bike_51650
2025-12-11T11:01:10.243540,bike_44714
2025-12-11T05:01:08.930424,bike_72327
2025-12-11T11:01:13.413584,bike_52573
2025-12-11T11:01:09.444101,bike_85367
2025-12-09T05:01:06.232184,bike_73739
2025-12-11T11:01:13.144280,bike_89960
2025-12-11T05:01:08.208239,bike_21212
2025-12-11T11:01:08.732855,bike_43855
2025-12-11T11:01:12.524222,bike_77555
2025-12-11T11:01:07.070510,bike_73095
2025-12-11T11:01:16.072973,bike_56849
2025-12-11T11:01:09.844188,bike_25856
2025-12-11T11:01:13.184265,bike_81634
2025-12-11T11:01:14.773081,bike_61568
2025-12-11T11:01:08.693218,bike_34832
2025-12-11T11:01:10.544236,bike_22220
2025-12-11T05:01:12.430351,bike_61368
2025-12-10T17:01:01.720735,bike_76346
2025-12-11T11:01:12.524193,bike_50714
2025-12-11T11:01:16.864301,bike_45658
2025-12-11T11:01:13.653553,bike_71885
2025-12-11T11:01:16.193546,bike_79769
2025-12-11T11:01:12.890634,bike_82232
2025-12-11T11:01:08.451023,bike_48089
2025-12-11T11:01:15.644201,bike_81795
2025-12-11T11:01:06.770271,bike_79093
2025-12-11T11:01:10.531088,bike_76762
2025-12-11T11:01:15.904154,bike_86082
2025-12-11T11:01:14.053061,bike_71487
2025-12-11T11:01:10.333409,bike_22898
2025-12-11T11:01:15.490515,bike_75097
2025-12-11T11:01:12.413464,bike_73159
2025-12-11T11:01:09.024228,bike_46802
2025-12-11T11:01:12.709813,bike_60516
2025-12-11T11:01:08.693190,bike_89486
2025-12-11T11:01:05.844019,bike_81908
2025-12-11T11:01:11.724145,bike_70195
2025-12-11T11:01:14.370159,bike_44251
2025-12-11T11:01:10.610520,bike_77626
2025-12-11T11:01:12.764134,bike_76205
2025-12-11T11:01:10.104230,bike_53308
2025-12-11T11:01:14.409946,bike_07225
2025-12-11T11:01:09.384183,bike_60075
2025-12-11T11:01:08.591613,bike_78310
2025-12-11T11:01:16.792863,bike_61642
2025-12-11T11:01:10.684113,bike_11089
2025-12-11T11:01:10.804167,bike_24545
2025-12-08T11:01:06.371834,bike_55805
2025-12-11T11:01:12.751760,bike_51800
2025-12-11T11:01:16.533598,bike_69099
2025-12-11T11:01:06.283405,bike_88992
2025-12-11T11:01:15.413274,bike_72474
2025-12-11T11:01:12.284118,bike_21443
2025-12-11T11:01:14.632790,bike_82265
2025-12-11T11:01:12.073061,bike_62696
2025-12-11T11:01:11.050829,bike_44139
2025-12-11T11:01:08.870222,bike_45276
2025-12-11T11:01:16.704223,bike_47912
2025-12-11T11:01:12.944249,bike_81223
2025-12-11T11:01:06.010703,bike_17135
2025-12-11T11:01:11.173193,bike_76081
2025-12-11T11:01:13.973691,bike_72389
2025-12-11T11:01:10.693068,bike_20341
2025-12-10T17:01:02.851515,bike_74750
2025-12-11T11:01:10.212928,bike_57446
2025-12-03T17:01:09.113799,bike_56880
2025-12-06T17:01:10.064035,bike_73621
2025-12-11T11:01:10.764059,bike_79091
2025-12-11T11:01:14.504203,bike_74755
2025-12-11T11:01:11.524177,bike_80808
2025-12-11T11:01:15.793645,bike_51539
2025-12-11T11:01:11.984157,bike_18892
2025-12-11T11:01:08.173781,bike_60570
2025-12-11T11:01:13.893725,bike_61282
2025-12-11T11:01:11.564070,bike_77429
2025-12-11T11:01:07.833410,bike_60002
2025-11-28T17:01:08.451308,bike_09827
2025-12-11T11:01:14.964221,bike_45603
2025-12-11T11:01:16.064145,bike_46957
2025-12-11T11:01:09.073161,bike_46600
2025-12-10T05:01:09.181203,bike_48034
2025-12-11T11:01:07.312860,bike_21736
2025-12-11T11:01:12.709819,bike_26342
2025-12-11T11:01:13.170785,bike_68326
2025-12-11T11:01:14.344180,bike_69785
2025-12-11T11:01:16.051141,bike_89086
2025-12-11T11:01:09.512854,bike_67439
2025-12-11T11:01:10.252956,bike_78063
2025-12-11T11:01:07.993149,bike_56780
2025-12-11T11:01:07.753762,bike_44769
2025-12-11T11:01:15.192930,bike_80047
2025-12-11T11:01:13.884565,bike_72989
2025-11-30T11:01:12.306865,bike_80105
2025-12-11T11:01:10.610539,bike_71330
2025-12-10T23:01:12.356031,bike_50432
2025-12-11T11:01:11.370569,bike_24271
2025-12-11T11:01:07.330147,bike_78994
2025-12-11T11:01:14.224199,bike_10423
2025-12-11T11:01:11.410519,bike_89109
2025-12-11T11:01:12.612624,bike_70559
2025-12-11T11:01:13.693057,bike_10428
2025-12-11T11:01:16.792841,bike_26209
2025-12-11T11:01:16.312508,bike_00750
2025-12-11T11:01:11.353129,bike_76778
2025-12-11T05:01:02.808560,bike_46764
2025-12-11T11:01:15.373112,bike_88191
2025-12-09T17:01:14.098726,bike_88625
2025-12-11T11:01:14.170793,bike_81243
2025-12-10T23:01:13.657942,bike_15809
2025-12-11T11:01:16.350864,bike_09245
2025-12-11T11:01:14.679320,bike_72129
2025-12-08T05:01:05.486378,bike_71263
2025-12-11T11:01:11.992837,bike_07299
2025-12-11T11:01:12.504119,bike_00203
2025-12-11T11:01:09.024233,bike_79251
2025-12-11T11:01:13.553630,bike_75978
2025-12-11T11:01:06.673416,bike_51306
2025-12-11T05:01:13.402037,bike_88291
2025-12-08T05:01:11.794686,bike_75716
2025-12-11T11:01:08.630089,bike_30234
2025-12-11T11:01:14.130685,bike_67819
2025-12-10T17:01:01.880705,bike_88588
2025-12-11T11:01:07.304131,bike_45388
2025-12-11T11:01:15.010853,bike_56227
2025-12-11T11:01:11.264238,bike_08564
2025-12-06T23:01:08.060004,bike_60836
2025-12-11T11:01:09.930910,bike_68893
2025-12-11T11:01:10.944148,bike_25685
2025-12-11T11:01:14.712934,bike_51616
2025-12-11T11:01:11.944440,bike_74828
2025-12-11T11:01:14.144233,bike_73827
2025-12-11T11:01:09.032970,bike_06075
2025-12-10T23:01:15.138046,bike_61268
2025-12-11T11:01:08.314112,bike_16583
2025-12-11T11:01:15.064218,bike_16404
2025-12-11T11:01:06.971044,bike_52891
2025-12-08T17:01:03.302420,bike_43734
2025-12-11T11:01:12.444166,bike_69583
2025-12-11T11:01:06.494827,bike_80702
2025-12-11T11:01:07.092879,bike_85168
2025-12-11T11:01:16.350870,bike_05305
2025-12-11T11:01:09.724117,bike_77128
2025-12-11T11:01:16.144200,bike_74316
2025-12-11T11:01:15.184199,bike_11184
2025-12-11T11:01:16.990925,bike_76859
2025-12-11T11:01:06.824119,bike_50177
2025-12-10T17:01:06.218295,bike_03201
2025-12-11T11:01:16.730367,bike_12458
2025-12-11T11:01:08.812907,bike_70067
2025-12-11T11:01:09.104204,bike_09550
2025-11-30T11:01:05.479146,bike_57891
2025-12-11T11:01:15.390346,bike_78454
2025-12-04T11:01:07.721865,bike_63161
2025-12-11T11:01:11.944458,bike_67697
2025-12-11T11:01:06.344086,bike_75568
2025-12-11T11:01:15.010901,bike_71800
2025-12-02T05:01:05.737102,bike_75508
2025-12-11T11:01:08.104223,bike_52120
2025-12-11T11:01:13.253669,bike_89272
2025-12-11T11:01:07.164108,bike_79270
2025-12-11T11:01:15.170399,bike_73052
2025-12-11T11:01:06.144155,bike_23235
2025-12-11T11:01:16.224208,bike_79213
2025-12-08T23:01:05.826321,bike_50469
2025-12-11T11:01:06.849993,bike_43521
2025-12-11T11:01:16.914574,bike_80742
2025-12-11T11:01:13.489465,bike_51085
2025-12-11T11:01:09.584160,bike_55097
2025-12-11T11:01:07.904140,bike_10952
2025-12-10T23:01:07.728735,bike_89411
2025-12-11T11:01:14.764189,bike_73249
2025-12-11T11:01:10.531054,bike_72607
2025-12-11T11:01:05.950567,bike_88603
2025-12-11T11:01:08.604149,bike_26294
2025-12-11T11:01:07.744206,bike_52367
2025-12-11T11:01:06.824155,bike_22147
2025-12-11T11:01:06.104050,bike_09871
2025-12-11T11:01:17.009708,bike_51510
2025-12-11T11:01:09.853189,bike_44314
2025-12-11T11:01:07.393464,bike_79424
2025-12-11T11:01:16.905425,bike_67081
2025-12-11T11:01:10.050726,bike_52694
2025-12-11T11:01:06.664158,bike_58129
2025-12-10T05:01:06.796873,bike_69021
2025-12-11T11:01:10.311272,bike_16860
2025-12-11T11:01:08.670610,bike_77855
2025-12-11T11:01:11.692776,bike_70467
2025-12-11T11:01:11.944463,bike_55881
2025-12-05T17:01:11.082169,bike_70308
2025-12-11T11:01:15.192948,bike_52049
2025-12-11T11:01:12.993637,bike_10964
2025-12-11T11:01:11.524233,bike_08071
2025-12-11T11:01:12.993692,bike_61681
2025-12-11T11:01:11.204106,bike_78774
2025-12-11T11:01:06.592678,bike_45253
2025-12-11T11:01:15.131046,bike_76210
2025-12-11T11:01:14.773099,bike_70017
2025-12-07T05:01:08.861322,bike_17368
2025-12-10T23:01:06.836559,bike_34272
2025-12-11T05:01:05.443182,bike_85259
2025-12-11T11:01:16.170738,bike_67641
2025-12-11T11:01:07.244163,bike_15924
2025-12-11T11:01:10.864168,bike_09363
2025-12-11T11:01:06.210030,bike_71342
2025-12-05T23:01:10.737617,bike_46940
2025-12-08T23:01:08.534326,bike_88135
2025-12-11T11:01:14.264260,bike_43133
2025-12-09T05:01:07.726844,bike_77230
2025-12-11T11:01:08.314090,bike_17324
2025-12-11T11:01:16.769788,bike_80331
2025-12-11T11:01:16.644261,bike_52437
2025-12-11T11:01:07.523739,bike_69492
2025-12-11T11:01:08.124311,bike_79509
2025-12-11T11:01:16.481092,bike_43087
2025-12-11T11:01:12.930364,bike_73752
2025-12-11T11:01:15.724173,bike_75547
2025-12-11T11:01:11.684174,bike_21506
2025-12-11T11:01:14.584201,bike_51986
2025-12-11T11:01:12.064139,bike_07730
2025-12-11T11:01:10.113543,bike_69548
2025-12-11T11:01:10.230055,bike_46171
2025-12-11T11:01:15.644158,bike_78516
2025-12-11T11:01:14.113511,bike_50562
2025-12-11T11:01:11.778476,bike_62368
2025-12-11T11:01:09.711270,bike_05635
2025-12-11T11:01:06.210069,bike_47965
2025-12-07T17:01:10.787551,bike_69312
2025-12-11T11:01:11.935213,bike_74660
2025-12-10T17:01:02.037511,bike_24007
2025-12-11T11:01:07.753797,bike_17257
2025-12-11T11:01:11.190622,bike_61172
2025-12-11T11:01:16.064177,bike_89609
2025-12-11T11:01:09.813775,bike_47018
2025-12-11T05:01:12.382711,bike_37250
2025-12-11T11:01:10.684147,bike_60845
2025-12-11T11:01:16.630974,bike_43170
2025-12-11T11:01:14.184132,bike_74282
2025-12-11T11:01:15.859188,bike_50555
2025-12-11T11:01:14.070140,bike_45249
2025-12-11T11:01:11.813268,bike_70921
2025-12-11T11:01:15.828866,bike_45521
2025-12-11T05:01:12.341979,bike_58080
2025-12-11T11:01:11.273231,bike_71366
2025-12-11T11:01:08.653132,bike_42886
2025-12-11T11:01:15.311904,bike_74066
2025-12-10T17:01:01.156737,bike_50978
2025-12-11T11:01:16.184216,bike_82862
2025-12-11T11:01:10.010300,bike_76908
2025-12-11T11:01:11.769838,bike_86106
2025-12-11T11:01:08.050869,bike_60883
2025-12-11T11:01:10.930130,bike_43209
2025-12-11T11:01:14.632771,bike_71202
2025-12-10T11:01:11.521863,bike_63121
2025-12-11T11:01:11.133284,bike_50189
2025-12-11T11:01:16.433517,bike_62057
2025-12-11T11:01:07.613073,bike_53180
2025-12-11T11:01:14.210129,bike_26434
2025-12-11T11:01:16.524512,bike_53001
2025-12-10T11:01:09.702353,bike_60502
2025-12-11T11:01:07.672420,bike_67331
2025-12-11T11:01:06.691067,bike_01406
2025-12-11T11:01:06.486007,bike_53226
2025-12-11T11:01:12.453792,bike_82857
2025-12-11T11:01:12.324195,bike_70604
2025-12-11T11:01:10.971262,bike_60892
2025-12-11T11:01:11.012459,bike_20566
2025-12-11T11:01:06.010708,bike_72852
2025-12-11T11:01:06.249285,bike_71045
2025-12-11T11:01:07.564049,bike_57356
2025-12-11T11:01:11.213470,bike_47331
2025-12-11T05:01:13.411552,bike_60919
2025-12-11T11:01:13.653538,bike_76352
2025-12-11T11:01:09.653361,bike_09586
2025-12-11T11:01:08.331981,bike_07796
2025-12-11T11:01:12.684229,bike_21272
2025-12-11T11:01:07.070534,bike_69746
2025-12-11T05:01:10.881795,bike_09189
2025-12-11T11:01:07.890129,bike_70909
2025-12-11T11:01:10.610531,bike_45438
2025-12-11T11:01:16.551424,bike_89793
2025-12-11T11:01:14.170721,bike_58000
2025-12-11T11:01:14.764215,bike_08717
2025-12-11T11:01:14.491359,bike_73010
2025-12-10T23:01:11.317926,bike_76727
2025-12-11T11:01:11.613444,bike_50264
2025-12-11T11:01:06.664175,bike_75247
2025-12-11T11:01:10.764071,bike_23056
2025-12-11T11:01:11.273207,bike_57662
2025-12-11T11:01:11.392881,bike_69369
2025-12-11T11:01:11.524223,bike_85067
2025-12-11T11:01:14.193084,bike_89283
2025-12-11T11:01:12.504165,bike_24700
2025-12-11T11:01:14.464127,bike_55807
2025-12-11T11:01:13.604207,bike_44550
2025-12-11T11:01:16.964231,bike_03462
2025-12-11T05:01:03.188595,bike_08387
2025-12-11T11:01:09.170126,bike_70730
2025-12-06T17:01:07.132649,bike_78235
2025-12-02T17:01:08.074883,bike_80139
2025-12-11T11:01:16.153405,bike_52376
2025-12-11T11:01:12.230700,bike_51269
2025-12-11T11:01:11.564059,bike_46371
2025-12-11T11:01:10.252963,bike_69612
2025-12-11T11:01:08.732913,bike_77666
2025-12-11T11:01:13.934238,bike_76005
2025-12-07T17:01:05.916300,bike_67676
2025-12-11T11:01:14.224144,bike_07343
2025-12-10T17:01:02.757710,bike_76388
2025-12-11T11:01:13.373560,bike_52899
2025-12-11T11:01:15.850400,bike_69030
2025-12-11T11:01:07.411157,bike_69575
2025-12-11T11:01:16.832756,bike_85166
2025-12-11T11:01:06.292416,bike_43654
2025-12-08T05:01:10.154843,bike_85462
2025-12-11T11:01:07.824135,bike_55580
2025-12-10T17:01:02.698144,bike_36296
2025-12-11T11:01:06.953044,bike_02632
2025-12-11T11:01:16.850038,bike_21145
2025-12-11T11:01:06.570675,bike_75164
2025-12-11T11:01:12.270442,bike_80058
2025-12-11T11:01:15.350471,bike_34668
2025-12-08T23:01:08.251586,bike_57646
2025-12-09T05:01:14.446605,bike_07458
2025-12-11T11:01:07.672402,bike_42603
2025-12-11T11:01:15.553121,bike_45290
2025-12-11T11:01:07.084175,bike_24042
2025-12-11T11:01:13.653541,bike_45754
2025-12-11T11:01:14.804195,bike_48026
2025-12-11T11:01:15.724216,bike_23808
2025-12-09T23:01:13.871418,bike_18827
2025-12-11T11:01:10.953281,bike_55147
2025-12-10T11:01:07.480744,bike_74391
2025-12-11T11:01:10.790845,bike_77716
2025-12-11T11:01:15.750720,bike_62202
2025-12-11T11:01:15.828876,bike_74931
2025-12-11T11:01:12.890620,bike_47781
2025-12-02T23:01:13.401525,bike_46438
2025-12-11T11:01:15.872726,bike_73844
2025-12-11T11:01:15.859236,bike_57656
2025-12-11T11:01:11.231270,bike_56220
2025-12-11T11:01:05.984174,bike_11591
2025-12-11T05:01:04.190903,bike_43435
2025-12-10T17:01:03.999998,bike_75549
2025-12-11T11:01:08.464236,bike_88453
2025-12-11T11:01:06.752950,bike_47973
2025-12-11T11:01:16.299260,bike_23176
2025-12-11T11:01:11.804229,bike_74331
2025-12-11T11:01:08.371149,bike_67570
2025-12-11T11:01:16.664252,bike_46846
2025-12-11T11:01:17.031235,bike_80679
2025-12-11T11:01:13.054139,bike_72423
2025-12-09T23:01:14.011421,bike_68375
2025-12-11T11:01:15.473200,bike_17523
2025-12-11T11:01:08.913121,bike_69374
2025-12-11T11:01:10.971257,bike_22978
2025-12-04T11:01:14.231670,bike_88808
2025-12-11T05:01:03.968293,bike_61794
2025-12-11T05:01:05.070933,bike_58133
2025-12-08T11:01:06.134304,bike_09949
2025-12-11T11:01:08.512933,bike_45192
2025-12-11T11:01:08.711635,bike_51405
2025-12-11T05:01:06.611232,bike_77058
2025-12-11T11:01:06.792900,bike_73086
2025-12-11T11:01:11.264226,bike_80972
2025-12-11T11:01:14.893012,bike_46134
2025-12-01T11:01:06.184072,bike_82517
2025-12-11T11:01:12.984278,bike_43977
2025-12-10T23:01:06.934603,bike_68891
2025-12-10T05:01:02.891724,bike_75424
2025-12-05T17:01:09.322511,bike_18345
2025-12-11T11:01:07.190854,bike_44338
2025-12-11T11:01:12.024186,bike_52089
2025-12-11T11:01:08.904112,bike_77185
2025-12-09T23:01:07.883236,bike_72357
2025-12-11T11:01:15.593358,bike_70860
2025-12-11T11:01:12.090367,bike_08277
2025-12-11T05:01:06.228756,bike_79824
2025-12-11T11:01:15.784223,bike_23167
2025-12-11T11:01:10.212923,bike_73602
2025-12-09T17:01:07.506289,bike_73308
2025-12-11T11:01:15.490526,bike_78271
2025-12-11T11:01:09.930901,bike_85528
2025-12-11T11:01:08.512944,bike_43226
2025-12-11T11:01:13.991228,bike_74342
2025-12-11T11:01:12.024168,bike_57650
2025-12-11T11:01:06.713168,bike_22127
2025-12-07T17:01:09.193871,bike_47903
2025-12-11T05:01:12.108416,bike_60841
2025-12-11T11:01:08.392827,bike_43499
2025-12-04T23:01:05.261393,bike_79575
2025-12-11T11:01:07.270084,bike_78059
2025-12-11T11:01:07.424179,bike_03212
2025-12-11T11:01:15.993454,bike_50770
2025-12-11T11:01:06.832950,bike_85207
2025-12-11T11:01:10.864173,bike_53079
2025-12-11T11:01:16.744223,bike_42807
2025-12-11T11:01:15.733454,bike_00142
2025-12-11T11:01:06.129958,bike_61862
2025-12-11T11:01:14.370193,bike_57402
2025-12-11T11:01:14.933312,bike_15165
2025-12-11T11:01:16.424265,bike_45109
2025-12-11T11:01:08.653099,bike_46114
2025-12-11T11:01:15.764241,bike_76421
2025-12-11T11:01:15.264283,bike_89331
2025-12-08T17:01:11.522388,bike_73066
2025-12-11T11:01:12.573715,bike_01428
2025-12-11T05:01:12.628203,bike_86068
2025-12-11T11:01:09.210579,bike_52505
2025-12-11T11:01:11.953224,bike_44380
2025-12-11T11:01:13.904198,bike_20630
2025-12-11T11:01:06.704179,bike_04390
2025-12-11T11:01:06.384176,bike_85325
2025-12-11T11:01:10.424246,bike_36345
2025-12-11T11:01:11.424182,bike_89075
2025-12-11T11:01:08.530626,bike_77329
2025-12-11T11:01:15.953198,bike_20688
2025-12-11T11:01:13.951939,bike_45817
2025-12-11T11:01:13.293231,bike_86004
2025-12-11T11:01:08.073308,bike_67831
2025-12-11T11:01:12.471111,bike_77341
2025-12-11T11:01:07.824174,bike_46555
2025-12-11T11:01:09.813760,bike_44636
2025-12-11T11:01:09.993086,bike_73272
2025-12-06T23:01:13.281199,bike_20689
2025-12-11T11:01:14.432789,bike_77732
2025-12-11T11:01:09.750254,bike_24357
2025-12-11T11:01:13.951941,bike_88655
2025-12-11T11:01:15.610643,bike_47106
2025-12-11T05:01:06.781961,bike_69171
2025-12-11T11:01:07.771054,bike_60764
2025-12-11T11:01:11.384147,bike_71733
2025-12-11T11:01:09.492654,bike_77410
2025-11-28T17:01:13.475765,bike_80861
2025-12-11T11:01:13.153238,bike_77967
2025-12-11T11:01:10.433532,bike_77285
2025-12-11T11:01:08.433327,bike_89953
2025-12-11T11:01:15.234024,bike_50391
2025-12-11T11:01:06.193084,bike_02166
2025-12-11T11:01:06.731172,bike_77385
2025-12-11T11:01:08.670607,bike_08672
2025-12-11T11:01:09.224192,bike_42923
2025-12-11T11:01:08.104247,bike_88934
2025-12-11T11:01:08.804138,bike_55422
2025-12-01T11:01:12.217224,bike_20159
2025-12-11T11:01:06.932330,bike_73929
2025-12-11T11:01:12.913181,bike_77573
2025-12-11T11:01:12.653052,bike_69482
2025-12-11T11:01:15.544162,bike_00126
2025-12-11T11:01:16.411294,bike_52563
2025-12-11T11:01:10.890914,bike_58609
2025-12-08T23:01:10.786926,bike_50977
2025-12-11T11:01:14.233974,bike_79055
2025-12-11T11:01:13.521106,bike_43892
2025-12-11T11:01:08.724168,bike_42757
2025-12-11T11:01:16.864269,bike_57550
2025-12-11T11:01:16.744179,bike_69003
2025-12-11T11:01:11.524181,bike_57094
2025-12-11T11:01:16.905463,bike_51343
2025-12-10T17:01:01.999669,bike_56302
2025-12-11T11:01:13.404182,bike_70038
2025-12-11T11:01:06.494802,bike_76504
2025-12-11T11:01:08.273220,bike_81643
2025-12-11T11:01:14.504221,bike_62016
2025-12-11T11:01:15.430690,bike_85142
2025-12-10T23:01:05.259548,bike_71528
2025-12-11T11:01:12.484172,bike_18321
2025-12-11T11:01:15.733433,bike_89811
2025-12-11T11:01:07.124270,bike_68334
2025-12-11T11:01:06.129973,bike_80989
2025-12-11T11:01:12.333257,bike_21639
2025-12-11T11:01:08.104225,bike_22036
2025-12-11T11:01:10.644114,bike_62080
2025-12-11T11:01:17.000092,bike_72837
2025-12-11T11:01:08.332035,bike_46780
2025-12-11T11:01:13.693021,bike_52184
2025-12-11T11:01:12.604046,bike_89862
2025-12-11T11:01:16.272660,bike_76125
2025-12-10T17:01:09.158180,bike_67781
2025-12-11T11:01:14.392673,bike_02634
2025-12-11T11:01:10.693076,bike_62024
2025-12-11T11:01:16.350883,bike_73332
2025-12-11T11:01:06.112871,bike_73695
2025-12-11T11:01:07.523749,bike_09732
2025-12-11T11:01:10.270400,bike_44415
2025-12-11T11:01:09.764137,bike_43018
2025-12-11T11:01:13.044353,bike_22143
2025-12-11T11:01:06.513962,bike_18386
2025-12-11T11:01:15.930311,bike_81813
2025-12-11T11:01:11.851789,bike_52244
2025-12-11T11:01:12.709836,bike_19555
2025-12-11T11:01:14.370154,bike_70470
2025-12-11T11:01:10.745514,bike_47580
2025-12-11T11:01:17.052947,bike_20012
2025-12-11T11:01:06.832968,bike_43818
2025-12-11T11:01:13.511692,bike_25801
2025-12-11T05:01:07.801921,bike_67626
2025-12-11T11:01:10.091027,bike_75781
2025-12-11T05:01:06.611261,bike_73859
2025-12-11T11:01:16.524471,bike_79578
2025-12-11T11:01:11.204121,bike_00628
2025-12-11T11:01:06.144142,bike_60275
2025-12-10T23:01:14.815863,bike_01400
2025-12-08T23:01:13.431973,bike_42717
2025-12-10T17:01:02.860543,bike_50403
2025-12-11T11:01:14.424215,bike_63115
2025-12-11T11:01:06.279305,bike_89513
2025-12-11T11:01:12.204171,bike_71520
2025-12-11T11:01:12.944208,bike_55702
2025-12-11T11:01:16.332976,bike_47840
2025-12-11T11:01:16.932127,bike_55484
2025-12-11T11:01:16.744200,bike_53268
2025-12-11T11:01:06.624125,bike_80529
2025-12-11T05:01:05.901921,bike_46599
2025-12-11T11:01:15.350515,bike_80307
2025-12-11T11:01:14.491361,bike_89029
2025-12-11T11:01:07.771057,bike_74339
2025-12-11T11:01:12.804189,bike_30275
2025-12-11T11:01:07.173358,bike_68473
2025-12-11T11:01:14.683481,bike_44484
2025-12-08T23:01:14.597748,bike_72361
2025-12-11T11:01:10.764076,bike_38986
2025-12-11T11:01:10.632224,bike_55376
2025-12-11T11:01:06.485996,bike_44729
2025-12-11T11:01:13.452802,bike_69047
2025-12-11T11:01:08.530648,bike_88901
2025-12-11T11:01:11.710005,bike_58100
2025-12-11T11:01:06.304097,bike_74378
2025-12-11T11:01:12.390236,bike_13397
2025-12-11T11:01:15.451879,bike_62364
2025-12-11T11:01:15.024134,bike_77704
2025-12-11T11:01:13.193774,bike_08363
2025-12-05T11:01:12.422794,bike_47175
2025-12-11T11:01:10.064129,bike_42958
2025-12-11T11:01:06.312988,bike_52777
2025-12-11T11:01:12.390225,bike_46674
2025-12-11T11:01:09.912944,bike_44360
2025-12-11T11:01:07.432916,bike_89812
2025-12-11T11:01:11.264172,bike_72471
2025-12-11T11:01:06.064044,bike_62144
2025-12-11T11:01:10.653354,bike_69057
2025-12-11T11:01:16.644244,bike_60102
2025-12-11T11:01:14.964246,bike_62418
2025-12-10T17:01:04.866824,bike_23193
2025-12-11T11:01:09.244163,bike_37474
2025-12-11T11:01:13.521059,bike_77980
2025-12-11T11:01:09.431487,bike_70520
2025-12-04T23:01:10.660094,bike_81490
2025-12-06T23:01:08.673803,bike_88826
2025-12-11T11:01:08.264176,bike_76603
2025-12-11T11:01:06.504369,bike_20698
2025-12-03T17:01:08.404813,bike_80277
2025-12-11T11:01:15.184237,bike_77317
2025-12-11T11:01:15.553107,bike_61053
2025-12-11T11:01:15.711647,bike_81132
2025-12-11T11:01:16.384277,bike_89323
2025-12-11T11:01:13.153262,bike_86017
2025-12-01T17:01:12.227896,bike_53124
2025-12-11T11:01:15.971215,bike_75909
2025-12-11T11:01:16.524479,bike_68942
2025-12-11T11:01:11.573292,bike_52299
2025-12-11T11:01:15.364210,bike_55013
2025-12-11T11:01:09.431475,bike_67361
2025-12-11T11:01:16.713086,bike_26583
2025-12-11T11:01:07.824132,bike_77706
2025-12-11T11:01:08.033402,bike_71512
2025-12-11T11:01:11.604218,bike_71924
2025-12-11T11:01:14.624163,bike_81690
2025-12-11T11:01:07.110023,bike_40067
2025-12-11T11:01:11.684177,bike_75287
2025-12-11T11:01:15.644196,bike_81180
2025-12-11T11:01:16.973471,bike_77286
2025-12-11T11:01:12.484170,bike_59018
2025-12-11T11:01:16.704203,bike_50452
2025-12-11T11:01:15.570458,bike_80214
2025-12-11T11:01:16.299268,bike_76164
2025-12-11T11:01:11.231249,bike_58847
2025-12-11T11:01:06.304129,bike_51179
2025-12-11T11:01:11.033594,bike_86016
2025-12-11T11:01:08.804178,bike_76189
2025-12-11T11:01:10.064204,bike_19892
2025-12-11T11:01:08.491013,bike_77722
2025-12-11T11:01:10.790816,bike_62625
2025-12-11T11:01:15.684187,bike_21093
2025-12-11T11:01:10.243578,bike_63383
2025-12-11T11:01:10.033317,bike_53019
2025-12-11T11:01:11.644183,bike_71631
2025-12-11T11:01:14.251477,bike_61533
2025-12-11T11:01:10.984860,bike_71094
2025-12-11T11:01:11.564100,bike_75041
2025-12-11T11:01:11.490711,bike_80167
2025-12-11T11:01:09.444132,bike_82531
2025-12-10T11:01:02.698490,bike_61296
2025-12-11T11:01:13.211183,bike_69332
2025-12-11T11:01:15.364172,bike_52621
2025-12-11T11:01:13.071773,bike_53294
2025-12-11T11:01:16.944198,bike_52805
2025-12-10T23:01:08.708729,bike_71275
2025-12-11T11:01:07.913194,bike_73157
2025-12-11T11:01:14.193082,bike_72187
2025-12-11T11:01:10.873404,bike_57096
2025-12-11T11:01:06.249236,bike_25108
2025-12-11T11:01:09.570610,bike_09416
2025-12-11T11:01:14.091702,bike_51116
2025-12-11T11:01:16.664222,bike_68834
2025-12-11T11:01:11.653181,bike_57282
2025-12-03T05:01:05.339778,bike_67365
2025-12-11T11:01:12.904207,bike_73451
2025-12-11T05:01:06.402060,bike_13324
2025-12-08T05:01:03.566323,bike_43739
2025-12-11T11:01:06.033011,bike_31725
2025-12-11T11:01:10.984867,bike_46024
2025-12-11T05:01:10.241859,bike_47879
2025-12-11T11:01:06.984207,bike_11486
2025-12-10T23:01:09.056259,bike_47676
2025-12-11T11:01:16.964257,bike_70300
2025-12-11T11:01:14.870491,bike_22269
2025-12-11T11:01:13.521078,bike_68507
2025-12-11T11:01:08.604193,bike_62494
2025-12-11T11:01:14.324241,bike_71488
2025-12-11T11:01:14.584234,bike_01034
2025-12-11T05:01:03.391159,bike_52680
2025-12-11T11:01:08.090464,bike_45266
2025-12-11T11:01:16.564201,bike_79259
2025-12-11T11:01:10.724128,bike_35877
2025-12-11T11:01:08.774011,bike_78638
2025-12-11T05:01:13.222043,bike_48022
2025-12-11T11:01:12.984331,bike_78350
2025-12-11T11:01:13.530651,bike_76085
2025-12-11T11:01:16.153421,bike_67162
2025-12-11T11:01:06.477069,bike_12258
2025-12-11T11:01:11.524226,bike_74112
2025-12-11T11:01:10.684142,bike_78280
2025-12-11T11:01:08.913123,bike_67871
2025-12-11T05:01:08.470890,bike_81094
2025-12-02T17:01:04.681991,bike_46748
2025-12-11T11:01:07.070497,bike_51662
2025-12-11T11:01:08.331976,bike_44073
2025-12-11T11:01:09.711242,bike_69638
2025-12-11T11:01:09.104227,bike_50787
2025-12-11T11:01:07.070495,bike_53172
2025-12-11T11:01:13.884587,bike_89420
2025-12-11T11:01:14.933297,bike_23043
2025-12-11T11:01:14.432742,bike_88610
2025-12-11T11:01:15.784183,bike_52016
2025-12-11T11:01:06.664145,bike_43620
2025-12-11T11:01:15.850390,bike_67604
2025-12-11T05:01:11.210588,bike_57022
2025-12-11T11:01:07.393456,bike_67160
2025-12-11T11:01:12.733585,bike_46342
2025-12-11T11:01:14.704199,bike_74365
2025-11-29T17:01:10.208356,bike_76680
2025-12-11T11:01:12.213304,bike_76821
2025-12-11T11:01:08.033399,bike_79572
2025-12-11T11:01:11.290432,bike_44629
2025-12-11T11:01:15.473235,bike_43450
2025-12-11T11:01:12.944210,bike_04861
2025-12-11T11:01:12.413425,bike_89620
2025-12-11T11:01:08.491010,bike_67209
2025-12-11T11:01:13.904208,bike_07318
2025-12-11T11:01:09.210569,bike_67235
2025-12-11T11:01:13.293228,bike_47520
2025-12-11T11:01:14.432740,bike_70023
2025-12-05T17:01:10.679449,bike_73861
2025-12-11T11:01:15.570433,bike_79823
2025-12-04T05:01:08.542832,bike_17648
2025-12-11T11:01:11.312838,bike_07243
2025-12-11T11:01:08.392872,bike_53221
2025-12-11T11:01:06.609842,bike_10870
2025-12-11T11:01:06.673418,bike_70957
2025-12-02T11:01:08.639395,bike_72936
2025-12-11T11:01:15.064198,bike_63734
2025-12-11T11:01:16.033963,bike_47504
2025-12-09T23:01:12.069443,bike_68670
2025-12-08T05:01:03.446231,bike_47845
2025-12-11T11:01:11.644219,bike_72827
2025-12-11T11:01:06.984183,bike_73099
2025-12-11T11:01:12.230729,bike_70844
2025-12-11T11:01:10.693098,bike_78977
2025-12-11T05:01:07.746152,bike_47574
2025-12-07T11:01:14.209177,bike_63019
2025-12-11T11:01:12.573720,bike_67086
2025-12-11T11:01:07.252846,bike_46208
2025-12-11T11:01:14.951926,bike_73825
2025-12-11T11:01:13.084289,bike_77175
2025-12-11T11:01:15.693717,bike_74003
2025-12-11T11:01:08.073298,bike_03963
2025-12-11T11:01:07.913178,bike_10448
2025-12-11T11:01:06.384163,bike_51760
2025-12-11T11:01:06.953062,bike_71375
2025-12-11T11:01:09.184153,bike_80458
2025-12-11T11:01:12.629925,bike_61658
2025-12-11T11:01:08.591644,bike_03434
2025-12-11T11:01:13.271556,bike_77905
2025-12-11T11:01:12.244236,bike_71402
2025-12-11T11:01:12.913189,bike_72926
2025-12-11T11:01:08.251472,bike_16630
2025-12-11T11:01:16.144247,bike_67102
2025-12-11T11:01:06.144127,bike_45512
2025-12-11T11:01:13.224219,bike_45049
2025-12-11T11:01:12.010472,bike_80333
2025-12-11T11:01:09.353525,bike_89295
2025-12-11T11:01:08.552100,bike_80654
2025-12-11T11:01:10.684091,bike_22862
2025-12-11T11:01:08.204376,bike_81162
2025-12-11T11:01:09.584167,bike_80154
2025-12-11T11:01:11.670351,bike_74744
2025-12-11T11:01:06.792932,bike_43264
2025-12-11T11:01:10.813637,bike_89142
2025-12-11T11:01:16.914534,bike_75144
2025-12-11T05:01:09.648607,bike_46262
2025-12-11T11:01:10.024172,bike_56237
2025-12-11T05:01:03.482019,bike_82498
2025-12-02T23:01:09.480600,bike_02113
2025-12-11T11:01:12.104898,bike_56268
2025-12-11T11:01:05.968554,bike_60230
2025-12-11T11:01:16.850069,bike_61883
2025-12-11T11:01:12.324238,bike_76051
2025-12-11T11:01:16.064121,bike_85098
2025-11-27T18:03:49.345266,bike_07957
2025-12-11T11:01:16.433540,bike_70132
2025-12-11T11:01:15.913134,bike_17015
2025-12-11T11:01:13.480054,bike_62483
2025-12-11T11:01:10.050716,bike_77120
2025-12-11T11:01:15.311918,bike_76459
2025-12-11T11:01:14.264238,bike_00548
2025-12-11T11:01:11.392899,bike_22982
2025-12-09T05:01:08.698372,bike_69113
2025-12-11T05:01:12.091323,bike_76001
2025-12-11T11:01:07.292133,bike_69265
2025-12-11T11:01:06.210035,bike_44666
2025-12-11T11:01:16.211572,bike_78616
2025-12-11T11:01:09.064166,bike_69173
2025-12-11T05:01:10.027588,bike_88683
2025-12-11T11:01:15.530736,bike_51527
2025-12-11T11:01:07.213112,bike_77993
2025-12-11T11:01:10.230076,bike_46076
2025-12-09T17:01:09.445036,bike_17982
2025-12-11T11:01:08.644208,bike_74833
2025-12-05T11:01:07.210491,bike_70927
2025-12-11T11:01:15.724209,bike_25185
2025-12-11T11:01:08.050910,bike_46348
2025-12-11T11:01:06.184124,bike_11385
2025-12-11T11:01:15.944146,bike_56450
2025-12-11T11:01:09.153121,bike_47622
2025-12-11T05:01:07.548007,bike_61097
2025-12-11T11:01:10.900202,bike_85151
2025-12-11T11:01:07.564041,bike_81086
2025-12-11T11:01:13.964178,bike_76354
2025-12-11T11:01:15.684166,bike_55244
2025-12-11T11:01:16.184182,bike_44943
2025-11-29T23:01:13.843510,bike_23175
2025-12-11T11:01:06.424129,bike_20673
2025-12-11T11:01:06.329872,bike_03098
2025-12-11T11:01:12.010509,bike_68197
2025-12-11T11:01:10.873388,bike_77908
2025-12-11T11:01:14.224150,bike_46477
2025-12-01T17:01:15.072987,bike_46932
2025-12-11T11:01:10.984844,bike_00445
2025-12-11T11:01:06.384150,bike_07786
2025-12-11T11:01:15.504162,bike_76567
2025-12-11T11:01:12.913195,bike_24178
2025-12-11T11:01:16.393069,bike_60409
2025-12-11T11:01:06.090359,bike_63467
2025-12-11T11:01:16.033945,bike_51523
2025-12-11T11:01:16.704217,bike_46978
2025-12-11T11:01:14.144219,bike_70601
2025-12-11T11:01:12.104882,bike_52402
2025-12-11T11:01:14.344230,bike_63721
2025-12-11T11:01:06.609850,bike_81219
2025-12-08T17:01:10.005071,bike_42694
2025-12-11T11:01:10.864147,bike_69268
2025-12-08T17:01:09.145663,bike_88922
2025-11-28T23:01:05.612918,bike_50906
2025-12-11T11:01:05.959984,bike_80899
2025-12-11T11:01:06.864190,bike_52069
2025-12-11T11:01:08.191298,bike_43257
2025-12-11T11:01:07.312842,bike_42957
2025-12-11T11:01:07.833420,bike_82789
2025-12-11T11:01:12.033500,bike_51828
2025-12-11T11:01:16.824172,bike_60492
2025-12-08T23:01:07.377683,bike_57634
2025-12-11T05:01:09.208263,bike_68272
2025-12-11T05:01:04.741977,bike_12431
2025-12-11T11:01:12.350638,bike_58236
2025-12-11T05:01:11.241966,bike_03811
2025-12-11T11:01:09.444094,bike_75383
2025-12-11T11:01:07.213145,bike_76286
2025-12-11T11:01:09.193103,bike_62046
2025-12-11T11:01:08.804183,bike_43610
2025-12-06T11:01:03.997462,bike_47389
2025-12-11T11:01:17.009674,bike_68508
2025-12-11T11:01:16.824128,bike_56830
2025-12-11T11:01:07.864178,bike_60733
2025-12-11T11:01:12.524217,bike_67312
2025-12-11T11:01:13.644206,bike_42900
2025-12-11T11:01:13.354881,bike_86037
2025-12-11T11:01:13.211186,bike_75134
2025-12-11T11:01:15.513285,bike_02539
2025-12-11T11:01:11.050853,bike_71218
2025-12-11T11:01:06.090330,bike_17163
2025-12-11T11:01:17.000082,bike_81729
2025-12-11T11:01:10.644140,bike_69044
2025-12-11T11:01:16.533605,bike_05263
2025-12-11T11:01:10.693074,bike_80204
2025-12-11T11:01:14.409926,bike_74337
2025-12-11T11:01:14.004248,bike_17993
2025-12-11T11:01:11.113286,bike_75229
2025-12-11T11:01:13.934227,bike_42797
2025-12-11T11:01:07.092901,bike_85500
2025-12-11T11:01:07.356464,bike_23141
2025-12-11T11:01:08.464222,bike_56528
2025-12-11T11:01:17.070124,bike_75704
2025-12-11T11:01:06.770296,bike_78998
2025-12-11T11:01:11.113311,bike_75922
2025-12-11T11:01:16.824126,bike_20940
2025-12-11T11:01:07.110005,bike_77166
2025-12-11T11:01:11.653146,bike_58390
2025-12-11T05:01:12.931489,bike_69645
2025-12-11T11:01:15.350502,bike_60260
2025-12-11T11:01:09.444072,bike_46644
2025-12-11T11:01:06.352920,bike_62594
2025-12-01T11:01:07.397238,bike_88304
2025-12-11T11:01:10.930184,bike_50967
2025-12-11T11:01:08.150644,bike_60846
2025-12-11T11:01:15.350477,bike_62513
2025-12-11T11:01:07.173334,bike_77045
2025-12-11T11:01:15.793630,bike_05363
2025-12-11T11:01:08.251490,bike_85056
2025-12-11T11:01:15.251756,bike_88884
2025-12-11T11:01:10.644116,bike_68009
2025-12-11T11:01:07.744161,bike_57393
2025-12-11T11:01:12.484159,bike_59056
2025-12-11T11:01:15.820041,bike_52733
2025-12-11T11:01:11.190586,bike_43736
2025-12-11T11:01:10.364195,bike_62739
2025-12-11T11:01:05.844022,bike_69195
2025-12-11T11:01:15.693711,bike_51657
2025-12-11T11:01:09.344239,bike_62967
2025-11-29T17:01:05.148381,bike_56417
2025-12-11T11:01:13.284194,bike_58494
2025-12-11T11:01:09.970535,bike_89754
2025-12-11T11:01:13.111285,bike_74308
2025-12-11T11:01:06.170081,bike_68506
2025-12-11T11:01:16.350877,bike_44289
2025-12-11T11:01:08.133250,bike_88511
2025-12-11T11:01:13.711233,bike_11338
2025-12-11T11:01:16.832752,bike_24001
2025-12-11T11:01:09.024212,bike_50191
2025-12-11T11:01:10.050729,bike_78702
2025-12-11T11:01:11.190599,bike_88793
2025-12-11T11:01:07.952896,bike_81750
2025-12-11T11:01:06.144164,bike_44198
2025-12-11T11:01:09.953292,bike_77246
2025-12-11T11:01:10.252968,bike_58530
2025-12-11T11:01:16.810321,bike_47488
2025-12-04T23:01:11.051748,bike_46854
2025-12-11T11:01:14.013682,bike_47935
2025-12-11T05:01:07.548052,bike_51079
2025-12-11T11:01:07.356454,bike_43773
2025-12-11T11:01:13.584189,bike_56672
2025-12-11T05:01:10.561941,bike_11182
2025-12-11T11:01:07.133041,bike_88933
2025-12-11T11:01:09.113057,bike_69269
2025-12-11T11:01:12.993618,bike_69428
2025-12-11T11:01:13.530607,bike_19857
2025-12-10T11:01:03.060636,bike_81175
2025-12-11T11:01:14.544230,bike_43263
2025-12-11T11:01:15.670853,bike_43631
2025-12-10T17:01:03.656640,bike_88371
2025-12-11T11:01:05.844006,bike_68955
2025-12-11T11:01:10.064160,bike_44070
2025-12-11T11:01:09.344191,bike_81723
2025-12-11T11:01:15.693719,bike_60992
2025-12-11T11:01:07.432960,bike_51826
2025-12-11T11:01:12.050591,bike_09047
2025-12-11T11:01:08.552084,bike_25618
2025-12-11T11:01:16.564161,bike_45118
2025-12-11T11:01:15.153069,bike_47921
2025-12-11T05:01:05.948579,bike_89223
2025-12-11T05:01:11.241921,bike_71825
2025-12-11T11:01:09.693455,bike_10462
2025-12-11T11:01:11.710010,bike_51201
2025-12-11T11:01:13.973648,bike_18378
2025-12-11T11:01:09.404182,bike_57267
2025-12-11T11:01:10.531044,bike_02129
2025-12-11T11:01:12.604041,bike_78905
2025-12-11T11:01:16.890717,bike_76909
2025-12-10T17:01:03.811702,bike_78294
2025-12-11T11:01:09.064134,bike_17116
2025-12-11T11:01:15.131043,bike_44005
2025-12-11T11:01:09.273372,bike_76648
2025-12-11T11:01:09.813773,bike_26027
2025-12-11T11:01:10.724141,bike_15791
2025-12-11T11:01:14.251499,bike_74935
2025-12-11T11:01:15.733488,bike_61724
2025-12-10T11:01:06.173451,bike_78942
2025-12-11T11:01:14.091699,bike_17403
2025-12-11T11:01:16.524459,bike_25224
2025-12-11T11:01:10.413566,bike_80348
2025-12-11T11:01:06.624149,bike_51018
2025-12-11T11:01:11.050807,bike_75377
2025-12-11T11:01:11.424187,bike_11337
2025-12-11T05:01:03.416967,bike_61961
2025-12-11T11:01:11.864175,bike_78422
2025-12-11T11:01:13.127092,bike_68356
2025-12-11T11:01:07.533034,bike_30466
2025-12-11T11:01:17.031273,bike_67042
2025-12-11T05:01:10.370911,bike_72182
2025-12-11T11:01:08.124308,bike_43107
2025-12-11T11:01:14.884313,bike_86271
2025-12-11T11:01:13.084307,bike_63253
2025-12-11T11:01:08.273240,bike_67156
2025-12-11T11:01:08.392841,bike_77412
2025-12-02T17:01:10.894957,bike_88796
2025-12-11T11:01:07.684166,bike_47228
2025-12-11T11:01:06.592716,bike_86044
2025-12-11T11:01:13.153257,bike_89844
2025-12-11T11:01:05.959947,bike_61369
2025-12-11T11:01:15.333224,bike_60277
2025-12-11T11:01:11.050823,bike_09283
2025-12-11T11:01:08.812882,bike_43345
2025-12-11T11:01:15.944171,bike_74261
2025-12-01T05:01:12.973807,bike_47639
2025-12-11T11:01:14.432780,bike_75225
2025-12-09T17:01:05.787286,bike_15814
2025-12-11T11:01:12.533222,bike_68472
2025-12-11T11:01:10.693128,bike_00783
2025-12-11T11:01:07.384196,bike_76231
2025-12-11T11:01:13.452768,bike_46679
2025-12-11T11:01:12.324184,bike_73566
2025-11-28T17:01:08.905370,bike_88696
2025-12-11T11:01:13.404211,bike_46336
2025-12-11T11:01:14.409934,bike_80359
2025-12-11T11:01:05.968624,bike_10528
2025-12-11T11:01:12.253282,bike_82317
2025-12-11T11:01:10.513539,bike_44898
2025-12-11T11:01:10.504208,bike_58592
2025-12-11T11:01:12.684196,bike_77173
2025-12-11T11:01:08.591623,bike_75683
2025-12-11T11:01:13.144256,bike_42796
2025-12-11T11:01:14.884259,bike_69491
2025-12-11T11:01:14.170724,bike_89521
2025-11-30T23:01:11.054057,bike_48015
2025-12-11T11:01:14.609908,bike_60705
2025-12-11T11:01:11.769799,bike_10720
2025-12-11T11:01:11.851819,bike_17254
2025-12-11T11:01:08.241851,bike_72240
2025-12-11T11:01:16.591450,bike_58924
2025-12-11T11:01:12.993671,bike_80707
2025-12-11T11:01:16.673452,bike_67859
2025-12-11T11:01:10.311314,bike_45346
2025-12-11T05:01:10.228637,bike_51590
2025-12-11T11:01:12.024184,bike_74510
2025-12-11T11:01:09.912972,bike_44696
2025-12-11T11:01:12.024178,bike_24600
2025-12-11T11:01:15.513255,bike_88727
2025-12-11T11:01:09.750241,bike_08690
2025-12-11T11:01:12.453807,bike_63317
2025-12-11T11:01:12.204135,bike_89112
2025-12-11T11:01:06.792894,bike_42815
2025-12-11T11:01:16.784090,bike_42519
2025-12-11T11:01:11.012427,bike_81755
2025-12-11T11:01:16.744226,bike_55732
2025-11-29T23:01:12.129893,bike_77231
2025-12-11T11:01:15.290839,bike_45897
2025-12-11T11:01:11.164185,bike_47318
2025-12-11T11:01:16.312477,bike_51583
2025-12-11T11:01:12.492691,bike_70218
2025-12-11T05:01:12.562040,bike_30669
2025-12-11T11:01:11.024109,bike_19645
2025-12-11T11:01:14.210094,bike_70615
2025-12-11T11:01:11.504177,bike_80035
2025-12-11T11:01:06.864187,bike_45325
2025-12-11T11:01:10.971223,bike_73993
2025-12-11T11:01:10.554056,bike_47728
2025-12-11T11:01:15.930294,bike_47711
2025-12-11T11:01:10.492450,bike_08479
2025-12-11T11:01:07.533063,bike_50282
2025-12-11T11:01:13.127055,bike_57915
2025-12-11T11:01:16.211529,bike_88895
2025-12-11T11:01:09.129959,bike_03635
2025-12-11T11:01:11.124145,bike_62645
2025-12-11T11:01:15.913087,bike_51993
2025-12-11T11:01:13.744205,bike_22424
2025-12-11T11:01:12.453784,bike_25987
2025-12-10T11:01:07.813403,bike_00456
2025-12-11T11:01:11.564054,bike_86092
2025-12-11T11:01:15.850431,bike_16553
2025-12-11T11:01:16.233676,bike_10756
2025-12-11T11:01:12.830047,bike_77404
2025-12-11T11:01:08.791224,bike_07127
2025-12-11T11:01:14.491334,bike_70698
2025-12-11T11:01:07.724988,bike_20498
2025-12-06T17:01:06.124110,bike_60177
2025-12-11T11:01:13.153217,bike_72400
2025-12-11T11:01:14.432775,bike_69229
2025-12-11T11:01:10.584217,bike_38873
2025-12-11T11:01:16.490577,bike_52647
2025-12-11T11:01:08.433317,bike_89591
2025-12-11T11:01:06.424143,bike_67610
2025-12-08T17:01:07.905075,bike_70959
2025-12-11T11:01:12.751732,bike_11555
2025-12-11T11:01:12.333270,bike_78856
2025-12-11T05:01:08.849745,bike_81161
2025-12-04T17:01:08.944704,bike_61225
2025-12-11T11:01:10.243585,bike_81521
2025-12-11T11:01:06.531271,bike_03706
2025-12-11T11:01:13.354873,bike_45220
2025-12-11T11:01:06.784184,bike_50785
2025-12-11T11:01:06.072973,bike_20305
2025-12-11T11:01:10.351177,bike_53041
2025-12-11T05:01:04.151559,bike_56069
2025-12-11T11:01:06.184114,bike_21470
2025-12-11T11:01:13.884573,bike_88126
2025-12-11T11:01:10.413580,bike_25766
2025-12-11T11:01:11.312790,bike_73906
2025-12-11T11:01:14.893002,bike_88562
2025-12-11T11:01:09.553292,bike_47521
2025-12-11T11:01:13.084299,bike_23712
2025-12-11T11:01:12.230719,bike_00650
2025-12-11T11:01:09.305170,bike_76863
2025-12-11T11:01:09.912931,bike_02137
2025-12-11T11:01:14.609901,bike_74772
2025-12-11T11:01:14.424220,bike_02915
2025-12-11T11:01:07.672446,bike_74462
2025-12-11T11:01:05.993445,bike_18034
2025-12-11T05:01:08.368854,bike_17776
2025-12-11T11:01:09.332257,bike_46245
2025-12-11T11:01:13.430869,bike_88754
2025-12-11T11:01:06.713160,bike_79416
2025-12-11T11:01:13.284189,bike_51217
2025-12-10T11:01:02.053424,bike_88691
2025-12-11T11:01:08.644227,bike_77791
2025-12-11T11:01:13.293260,bike_46136
2025-12-11T05:01:06.991043,bike_68646
2025-12-11T11:01:14.353218,bike_47022
2025-12-11T11:01:11.670361,bike_73803
2025-12-11T11:01:09.684159,bike_62573
2025-12-11T11:01:13.470864,bike_21801
2025-12-11T11:01:07.164161,bike_19543
2025-12-11T11:01:08.133304,bike_70498
2025-12-11T11:01:07.356496,bike_76992
2025-12-11T05:01:11.307702,bike_69365
2025-12-11T11:01:15.064213,bike_39004
2025-12-11T11:01:09.773184,bike_53059
2025-12-11T11:01:13.724229,bike_24838
2025-12-11T05:01:07.128013,bike_89468
2025-12-11T11:01:07.470177,bike_60843
2025-12-11T11:01:13.011502,bike_46668
2025-12-11T11:01:15.073124,bike_73293
2025-12-11T11:01:08.891821,bike_56221
2025-12-11T11:01:15.364183,bike_70389
2025-12-08T05:01:08.011431,bike_67776
2025-12-11T11:01:16.630996,bike_67717
2025-12-11T11:01:11.630882,bike_82571
2025-12-11T11:01:06.864215,bike_09046
2025-12-08T05:01:08.774918,bike_03052
2025-12-11T11:01:08.371155,bike_75420
2025-12-11T11:01:15.971223,bike_81707
2025-12-11T11:01:09.892534,bike_52743
2025-12-11T11:01:12.090356,bike_46282
2025-12-09T23:01:08.343152,bike_47059
2025-12-11T11:01:09.724130,bike_63735
2025-12-11T11:01:12.764168,bike_61166
2025-12-11T11:01:11.604237,bike_44030
2025-12-11T11:01:10.373289,bike_89900
2025-12-11T11:01:11.970347,bike_00885
2025-12-11T11:01:08.684186,bike_60054
2025-12-09T11:01:11.808068,bike_47434
2025-12-11T05:01:07.310919,bike_56183
2025-12-11T11:01:14.870451,bike_81797
2025-12-11T11:01:06.650498,bike_74586
2025-12-11T11:01:14.730581,bike_45867
2025-12-11T11:01:06.932314,bike_80761
2025-12-11T05:01:09.150925,bike_88252
2025-12-04T23:01:06.706586,bike_89033
2025-12-11T11:01:10.190676,bike_23024
2025-12-11T11:01:10.584179,bike_61319
2025-12-11T11:01:12.204160,bike_55353
2025-11-27T23:01:39.166792,bike_07952
2025-12-11T11:01:13.671202,bike_89585
2025-12-08T17:01:03.196256,bike_89107
2025-12-11T11:01:15.820046,bike_02408
2025-12-11T11:01:09.290910,bike_67973
2025-12-11T11:01:13.271574,bike_89387
2025-12-11T11:01:06.664180,bike_46542
2025-12-11T11:01:11.778481,bike_81124
2025-12-11T11:01:08.711596,bike_89078
2025-12-11T11:01:08.552124,bike_67110
2025-12-11T11:01:07.084167,bike_78880
2025-12-11T11:01:06.352902,bike_50238
2025-12-11T11:01:13.951861,bike_03326
2025-12-11T11:01:15.311868,bike_78799
2025-12-11T11:01:15.373057,bike_10493
2025-12-11T05:01:06.201482,bike_69704
2025-12-11T11:01:16.471332,bike_42657
2025-12-11T11:01:11.173222,bike_89973
2025-12-11T11:01:10.504182,bike_52146
2025-12-11T11:01:15.953176,bike_74150
2025-12-11T11:01:12.751710,bike_76339
2025-12-11T11:01:07.904105,bike_73723
2025-12-11T11:01:06.993239,bike_78859
2025-12-11T11:01:13.653511,bike_88958
2025-12-05T11:01:13.431506,bike_44371
2025-12-11T11:01:10.212913,bike_14567
2025-12-11T11:01:06.433376,bike_01388
2025-12-11T11:01:10.104266,bike_09767
2025-12-11T11:01:09.453186,bike_10753
2025-12-11T11:01:13.924242,bike_43502
2025-12-07T17:01:11.787479,bike_51382
2025-12-11T11:01:13.613438,bike_86030
2025-12-11T05:01:03.261994,bike_73504
2025-12-11T05:01:06.701968,bike_80506
2025-12-11T11:01:11.564111,bike_78475
2025-12-11T11:01:14.432763,bike_63695
2025-12-11T05:01:13.270626,bike_43485
2025-12-10T17:01:07.197773,bike_69549
2025-12-11T11:01:09.693448,bike_52154
2025-12-11T11:01:05.984184,bike_80233
2025-12-11T05:01:10.872068,bike_80446
2025-12-11T11:01:11.450480,bike_60981
2025-12-11T05:01:05.701916,bike_81841
2025-12-11T11:01:12.844189,bike_21397
2025-12-11T11:01:07.604218,bike_69013
2025-12-11T11:01:11.290449,bike_00840
2025-12-11T11:01:07.810160,bike_46884
2025-12-11T11:01:09.584157,bike_80617
2025-12-11T11:01:14.993612,bike_74162
2025-12-11T11:01:14.764217,bike_77881
2025-12-11T11:01:11.213449,bike_00497
2025-12-11T11:01:14.570932,bike_76394
2025-12-11T11:01:15.684161,bike_05405
2025-12-11T11:01:12.773609,bike_17754
2025-12-11T11:01:06.504355,bike_71813
2025-12-11T11:01:11.970363,bike_76482
2025-12-11T11:01:05.959944,bike_88784
2025-12-11T11:01:11.984187,bike_73407
2025-12-11T11:01:11.644191,bike_62955
2025-12-11T11:01:10.844165,bike_71771
2025-12-11T11:01:09.512841,bike_42729
2025-12-11T11:01:08.411002,bike_89250
2025-12-11T11:01:09.273387,bike_46389
2025-12-11T11:01:12.791136,bike_46331
2025-12-11T11:01:09.010417,bike_52142
2025-12-11T11:01:13.024223,bike_45643
2025-12-11T05:01:05.948628,bike_72494
2025-12-11T11:01:14.113514,bike_79767
2025-12-11T11:01:11.424164,bike_61313
2025-12-11T11:01:09.512810,bike_00014
2025-12-09T17:01:05.285786,bike_70369
2025-12-11T11:01:08.711638,bike_67494
2025-12-11T11:01:10.711291,bike_22976
2025-12-11T11:01:16.010701,bike_00793
2025-12-11T11:01:14.424189,bike_20602
2025-12-11T11:01:10.831077,bike_42524
2025-12-11T11:01:13.170738,bike_78428
2025-12-11T11:01:09.244150,bike_82806
2025-12-05T23:01:06.901607,bike_78262
2025-12-05T05:01:15.626584,bike_44217
2025-12-09T23:01:14.448276,bike_00326
2025-12-11T11:01:12.813046,bike_11782
2025-12-11T11:01:11.370590,bike_71383
2025-12-11T11:01:08.353215,bike_17083
2025-12-05T17:01:07.539464,bike_62761
2025-12-11T11:01:12.471145,bike_22203
2025-12-11T11:01:15.733451,bike_89321
2025-12-11T11:01:15.290801,bike_21553
2025-12-11T11:01:10.284206,bike_42939
2025-12-11T11:01:07.630473,bike_76384
2025-12-11T11:01:11.752859,bike_71063
2025-12-11T11:01:12.791162,bike_85157
2025-12-11T11:01:16.973492,bike_46871
2025-12-11T11:01:05.984208,bike_79859
2025-12-11T11:01:07.864215,bike_68551
2025-12-11T11:01:08.750025,bike_44787
2025-12-11T11:01:06.424158,bike_88863
2025-12-11T11:01:15.153056,bike_74082
2025-12-11T11:01:14.609862,bike_09128
2025-12-11T05:01:11.508728,bike_72278
2025-12-08T05:01:09.666325,bike_78823
2025-12-11T11:01:16.384238,bike_77322
2025-12-11T11:01:07.944146,bike_19621
2025-12-11T11:01:13.753362,bike_89172
2025-12-11T11:01:07.344211,bike_79325
2025-12-10T17:01:05.527811,bike_45046
2025-12-11T11:01:08.050866,bike_50498
2025-12-11T11:01:14.210147,bike_43940
2025-12-11T11:01:12.751745,bike_44790
2025-12-11T11:01:13.324210,bike_23763
2025-12-11T11:01:10.492418,bike_71305
2025-12-11T11:01:13.951944,bike_55713
2025-12-11T11:01:12.471132,bike_00796
2025-12-11T11:01:08.913116,bike_61802
2025-12-11T11:01:11.473198,bike_75262
2025-12-11T11:01:12.253299,bike_46689
2025-12-11T11:01:12.709824,bike_23768
2025-12-11T11:01:10.653336,bike_62381
2025-12-11T11:01:05.959996,bike_21876
2025-12-11T11:01:07.784043,bike_43819
2025-12-11T11:01:15.490531,bike_77065
2025-12-11T11:01:14.632779,bike_52996
2025-12-11T11:01:09.232379,bike_46531
2025-12-11T11:01:08.670573,bike_50410
2025-12-11T11:01:09.613341,bike_52442
2025-12-11T11:01:14.392668,bike_67774
2025-12-11T11:01:06.913414,bike_78672
2025-12-11T11:01:05.993434,bike_68099
2025-12-11T05:01:03.801888,bike_46931
2025-12-11T11:01:16.131097,bike_50480
2025-12-11T11:01:08.331999,bike_16058
2025-12-11T11:01:10.164197,bike_24129
2025-12-11T11:01:07.489232,bike_75987
2025-12-11T11:01:06.486034,bike_73688
2025-12-11T11:01:14.504171,bike_00407
2025-12-11T11:01:08.904136,bike_88487
2025-12-03T23:01:13.600682,bike_77292
2025-12-11T11:01:14.813135,bike_88200
2025-12-11T11:01:06.064024,bike_88083
2025-12-11T11:01:08.693225,bike_43385
2025-12-11T11:01:09.504110,bike_70513
2025-12-03T11:01:10.978774,bike_80123
2025-12-11T11:01:15.064187,bike_19467
2025-12-11T11:01:12.804215,bike_88855
2025-12-11T11:01:08.490994,bike_47815
2025-12-11T11:01:14.113488,bike_58239
2025-12-11T05:01:05.647851,bike_74661
2025-12-11T11:01:06.210085,bike_81216
2025-12-11T11:01:12.724220,bike_78391
2025-12-11T11:01:15.530757,bike_67815
2025-12-04T11:01:08.158642,bike_63090
2025-12-11T11:01:07.252807,bike_47107
2025-12-11T11:01:13.127095,bike_17371
2025-12-11T11:01:15.153102,bike_77558
2025-12-08T05:01:08.194061,bike_61244
2025-12-11T11:01:15.073116,bike_78612
2025-12-11T11:01:07.952872,bike_78423
2025-12-11T11:01:07.890155,bike_43147
2025-12-11T11:01:13.511689,bike_45053
2025-12-11T11:01:07.230419,bike_60644
2025-12-11T11:01:14.091665,bike_89342
2025-12-11T11:01:12.270477,bike_46317
2025-12-11T11:01:06.932374,bike_79444
2025-12-11T11:01:06.513987,bike_23070
2025-12-11T11:01:06.624098,bike_88533
2025-12-11T11:01:08.251519,bike_89297
2025-12-11T11:01:11.344175,bike_56677
2025-12-11T11:01:10.984858,bike_46082
2025-12-11T05:01:09.321906,bike_67462
2025-12-11T05:01:09.116881,bike_71311
2025-12-11T11:01:09.670595,bike_52989
2025-12-11T11:01:09.684180,bike_05394
2025-12-11T11:01:08.630037,bike_46824
2025-12-11T11:01:16.784104,bike_67261
2025-12-11T11:01:14.692378,bike_81142
2025-12-11T11:01:09.404223,bike_52074
2025-12-11T11:01:14.300751,bike_51293
2025-12-11T11:01:06.784166,bike_80155
2025-12-11T11:01:12.230698,bike_78704
2025-12-11T11:01:06.283427,bike_24828
2025-12-11T11:01:14.570969,bike_51589
2025-12-11T11:01:16.064138,bike_80653
2025-12-11T11:01:07.993146,bike_46571
2025-12-11T11:01:12.010516,bike_17197
2025-12-11T11:01:11.644167,bike_74004
2025-12-03T11:01:12.461151,bike_50741
2025-12-11T11:01:13.613472,bike_47241
2025-12-11T11:01:15.971185,bike_81910
2025-12-11T11:01:06.592691,bike_24706
2025-12-11T11:01:12.390270,bike_45071
2025-12-11T11:01:08.774008,bike_51026
2025-12-11T11:01:15.184218,bike_74959
2025-12-11T11:01:11.573294,bike_79863
2025-12-11T11:01:14.210119,bike_73693
2025-11-30T17:01:07.053813,bike_50919
2025-12-11T05:01:05.367809,bike_70444
2025-12-11T11:01:06.064069,bike_07351
2025-12-11T11:01:11.133327,bike_61656
2025-12-11T11:01:13.904180,bike_38762
2025-12-11T11:01:15.170375,bike_23744
2025-12-11T11:01:07.432926,bike_44631
2025-12-11T11:01:16.144218,bike_75375
2025-12-11T11:01:10.984839,bike_52922
2025-12-11T11:01:07.270101,bike_76995
2025-12-05T23:01:13.419992,bike_46587
2025-12-11T05:01:12.307948,bike_25202
2025-12-11T11:01:06.784176,bike_50975
2025-12-11T11:01:09.953286,bike_80741
2025-12-11T11:01:09.073174,bike_21950
2025-12-11T05:01:13.508748,bike_75350
2025-12-11T11:01:07.344191,bike_88525
2025-12-11T11:01:16.832744,bike_88819
2025-12-11T11:01:06.770278,bike_00929
2025-12-11T11:01:11.769823,bike_46230
2025-12-11T11:01:13.671221,bike_43808
2025-12-11T11:01:15.090042,bike_43476
2025-12-11T11:01:15.073110,bike_59084
2025-12-11T11:01:11.424174,bike_68005
2025-12-07T17:01:03.547552,bike_74682
2025-12-11T11:01:12.751768,bike_55685
2025-12-11T11:01:12.204132,bike_13265
2025-12-11T11:01:12.930351,bike_81696
2025-12-11T11:01:12.050626,bike_42590
2025-12-11T11:01:15.820019,bike_72378
2025-12-11T11:01:16.299273,bike_56600
2025-12-11T11:01:15.104209,bike_77660
2025-12-03T11:01:06.038569,bike_81157
2025-12-08T11:01:10.754255,bike_78437
2025-12-10T05:01:04.680496,bike_81675
2025-12-11T11:01:13.489422,bike_50849
2025-12-02T23:01:12.636210,bike_52947
2025-12-11T11:01:07.470159,bike_72661
2025-12-11T11:01:07.753804,bike_75153
2025-12-11T05:01:07.867597,bike_71927
2025-12-11T11:01:16.312465,bike_61806
2025-12-11T11:01:09.944205,bike_88132
2025-12-11T05:01:05.061973,bike_55726
2025-12-11T11:01:11.744214,bike_72883
2025-12-11T11:01:13.521095,bike_82209
2025-12-11T11:01:06.864163,bike_13077
2025-12-11T11:01:13.024211,bike_23157
2025-12-08T23:01:09.065998,bike_60245
2025-12-11T11:01:11.213447,bike_10990
2025-12-11T11:01:15.610654,bike_82807
2025-12-11T11:01:06.049767,bike_78741
2025-12-11T11:01:16.873235,bike_81716
2025-12-11T11:01:12.913179,bike_23885
2025-12-11T11:01:07.771074,bike_16340
2025-12-11T11:01:11.151249,bike_50163
2025-12-11T11:01:07.712101,bike_62185
2025-12-11T11:01:16.990936,bike_51459
2025-12-11T05:01:12.285980,bike_50846
2025-12-11T11:01:11.864131,bike_44468
2025-12-11T11:01:06.170060,bike_72776
2025-12-09T05:01:11.557659,bike_72910
2025-12-11T11:01:08.711611,bike_89426
2025-12-11T11:01:16.193510,bike_21526
2025-12-11T11:01:10.451442,bike_19983
2025-12-11T11:01:06.283401,bike_03454
2025-12-11T11:01:11.024089,bike_60546
2025-11-28T11:01:41.423828,bike_19896
2025-12-11T05:01:10.428287,bike_79404
2025-11-29T11:01:06.647322,bike_07075
2025-12-11T11:01:06.691080,bike_45645
2025-12-11T11:01:08.464225,bike_53200
2025-12-11T11:01:09.314467,bike_24373
2025-12-11T11:01:15.064185,bike_67096
2025-12-08T05:01:04.494262,bike_06851
2025-12-11T11:01:11.613466,bike_51921
2025-12-11T05:01:06.001929,bike_85453
2025-12-11T11:01:11.353159,bike_72764
2025-12-11T11:01:09.631208,bike_19228
2025-12-11T05:01:02.570858,bike_37622
2025-12-11T11:01:11.953251,bike_53056
2025-12-11T11:01:08.693243,bike_76717
2025-12-11T11:01:12.390262,bike_61367
2025-12-11T11:01:14.951962,bike_45406
2025-12-11T11:01:09.732769,bike_85047
2025-12-11T11:01:11.709994,bike_75979
2025-12-10T23:01:10.348809,bike_53377
2025-12-11T11:01:07.411139,bike_03424
2025-12-11T11:01:10.373312,bike_75199
2025-12-11T11:01:09.732732,bike_80776
2025-12-11T11:01:06.010664,bike_51417
2025-12-11T11:01:07.024220,bike_77480
2025-12-09T17:01:06.688774,bike_52235
2025-12-11T11:01:11.312810,bike_10161
2025-12-11T11:01:09.544166,bike_71728
2025-12-11T11:01:08.204386,bike_73522
2025-12-11T11:01:06.664116,bike_80657
2025-12-11T11:01:14.544249,bike_78081
2025-12-11T11:01:16.744211,bike_17501
2025-12-11T11:01:14.712913,bike_57310
2025-12-11T11:01:16.211520,bike_72994
2025-12-11T05:01:07.509105,bike_79914
2025-12-11T11:01:06.770269,bike_46790
2025-12-10T17:01:07.120056,bike_76918
2025-12-11T11:01:11.590675,bike_77616
2025-12-11T11:01:10.033322,bike_04784
2025-12-10T11:01:09.963085,bike_77452
2025-12-01T23:01:09.858138,bike_07535
2025-12-11T11:01:08.992910,bike_78508
2025-12-11T11:01:12.492714,bike_61902
2025-12-11T11:01:07.304121,bike_19595
2025-12-11T11:01:06.279325,bike_46874
2025-12-11T11:01:10.424232,bike_52364
2025-12-11T11:01:11.573314,bike_42861
2025-12-11T11:01:10.474970,bike_51464
2025-12-11T11:01:08.830058,bike_45204
2025-12-11T11:01:12.864195,bike_77472
2025-12-07T23:01:05.321677,bike_85057
2025-12-11T11:01:16.713088,bike_57608
2025-12-11T11:01:08.913114,bike_46203
2025-12-11T11:01:10.745519,bike_45160
2025-12-11T11:01:11.864172,bike_74830
2025-12-11T11:01:11.533506,bike_60294
2025-12-11T11:01:10.804154,bike_81059
2025-12-11T11:01:16.272650,bike_38296
2025-12-11T11:01:15.210164,bike_58900
2025-12-11T11:01:15.131059,bike_03165
2025-12-10T17:01:07.431644,bike_79880
2025-12-11T11:01:16.411244,bike_74558
2025-12-11T11:01:08.564406,bike_61820
2025-12-11T11:01:11.173225,bike_56304
2025-12-11T11:01:13.893727,bike_75851
2025-12-11T11:01:06.232697,bike_70152
2025-12-11T11:01:15.192905,bike_70414
2025-12-11T11:01:08.992897,bike_75059
2025-12-11T11:01:11.370613,bike_56415
2025-12-11T11:01:15.430675,bike_77459
2025-12-11T11:01:08.424349,bike_18735
2025-12-11T11:01:12.073064,bike_11271
2025-12-11T11:01:10.571925,bike_21984
2025-12-10T11:01:03.713490,bike_09529
2025-12-11T11:01:14.744209,bike_46067
2025-12-11T11:01:06.650548,bike_62551
2025-12-10T23:01:06.508842,bike_88002
2025-12-11T11:01:06.904196,bike_88698
2025-12-11T11:01:13.991182,bike_50442
2025-12-11T11:01:12.131819,bike_74922
2025-12-11T11:01:06.904185,bike_47939
2025-12-11T11:01:12.131836,bike_77733
2025-12-11T11:01:14.513439,bike_80187
2025-12-11T11:01:08.684229,bike_17228
2025-12-11T11:01:15.733420,bike_80526
2025-12-05T17:01:06.260067,bike_85081
2025-12-11T11:01:14.609883,bike_47566
2025-12-02T17:01:11.400672,bike_67845
2025-12-11T11:01:15.090082,bike_57077
2025-12-11T11:01:12.364067,bike_74275
2025-12-11T11:01:15.850381,bike_07194
2025-12-10T05:01:06.091688,bike_70610
2025-12-04T05:01:12.647845,bike_63081
2025-12-11T11:01:10.474950,bike_77411
2025-12-11T11:01:10.644119,bike_45099
2025-12-11T11:01:10.554036,bike_70160
2025-12-11T11:01:07.411149,bike_75751
2025-12-11T11:01:09.184173,bike_47658
2025-12-11T11:01:11.904216,bike_46637
2025-12-11T11:01:11.392889,bike_55527
2025-12-11T11:01:14.790588,bike_72369
2025-12-11T11:01:07.365448,bike_44530
2025-12-11T11:01:08.411030,bike_46675
2025-12-11T11:01:08.204327,bike_72785
2025-12-11T11:01:13.011524,bike_46643
2025-11-30T05:01:15.548440,bike_79393
2025-12-11T11:01:15.153074,bike_21949
2025-12-11T11:01:09.353504,bike_77548
2025-12-11T11:01:15.290856,bike_02910
2025-12-08T17:01:07.896177,bike_06657
2025-12-11T05:01:05.049322,bike_67345
2025-12-05T17:01:04.833390,bike_61849
2025-12-11T11:01:06.592735,bike_51732
2025-12-11T11:01:09.530358,bike_25717
2025-12-11T11:01:09.492620,bike_42777
2025-12-11T11:01:16.905468,bike_24797
2025-12-11T11:01:07.270071,bike_85329
2025-12-11T11:01:06.890313,bike_13216
2025-12-11T11:01:13.964212,bike_81699
2025-12-11T11:01:13.544222,bike_12949
2025-12-11T11:01:09.453178,bike_11919
2025-12-11T11:01:14.251528,bike_17094
2025-12-11T11:01:15.944174,bike_62407
2025-12-11T11:01:10.593104,bike_77226
2025-12-11T11:01:16.551418,bike_61026
2025-12-11T11:01:13.711236,bike_44239
2025-12-11T11:01:14.531092,bike_74960
2025-12-11T11:01:15.644160,bike_72658
2025-12-11T11:01:16.471298,bike_43102
2025-11-29T23:01:07.930551,bike_47311
2025-12-11T05:01:04.822054,bike_69682
2025-12-11T11:01:10.351130,bike_88514
2025-12-11T11:01:13.054145,bike_79445
2025-12-11T11:01:14.310058,bike_80539
2025-12-11T11:01:12.764155,bike_75775
2025-12-11T11:01:12.524206,bike_80660
2025-12-11T11:01:10.033348,bike_44706
2025-12-11T11:01:07.654471,bike_85015
2025-12-11T11:01:09.344199,bike_23414
2025-12-11T11:01:11.450456,bike_19768
2025-12-10T23:01:06.415349,bike_71781
2025-12-11T11:01:07.533065,bike_89675
2025-12-10T17:01:08.157339,bike_77433
2025-12-11T11:01:08.613040,bike_52397
2025-12-11T11:01:15.644168,bike_75015
2025-12-10T17:01:07.440556,bike_51108
2025-12-11T11:01:06.371612,bike_52126
2025-12-11T11:01:14.353164,bike_61970
2025-12-11T11:01:16.864304,bike_67002
2025-12-11T11:01:14.053029,bike_85099
2025-12-11T11:01:15.632108,bike_68510
2025-12-10T11:01:03.620465,bike_73585
2025-12-11T11:01:12.971151,bike_56610
2025-12-11T11:01:06.873112,bike_72673
2025-12-11T11:01:14.044204,bike_69618
2025-12-11T11:01:11.273215,bike_45863
2025-12-11T11:01:08.204351,bike_43371
2025-12-11T11:01:08.791170,bike_47635
2025-12-11T11:01:14.609856,bike_50445
2025-12-11T11:01:09.273345,bike_85409
2025-12-11T11:01:06.832993,bike_77547
2025-12-11T11:01:14.031023,bike_52282
2025-12-11T11:01:06.073004,bike_02731
2025-12-11T11:01:06.249283,bike_75674
2025-12-11T11:01:15.264307,bike_44189
2025-12-11T11:01:11.432886,bike_61226
2025-12-11T11:01:10.944180,bike_46289
2025-12-11T11:01:16.312455,bike_80814
2025-12-11T11:01:09.930932,bike_24235
2025-12-11T11:01:15.184180,bike_89470
2025-12-11T11:01:11.564088,bike_89935
2025-12-11T11:01:06.329881,bike_89199
2025-12-05T23:01:09.331316,bike_25930
2025-12-11T11:01:14.264252,bike_51931
2025-12-11T11:01:13.111257,bike_52417
2025-12-11T11:01:13.544195,bike_19328
2025-12-11T11:01:14.130680,bike_89309
2025-12-11T11:01:16.524520,bike_76134
2025-12-11T05:01:07.190932,bike_88879
2025-12-04T17:01:14.029910,bike_25304
2025-12-11T11:01:14.353196,bike_58682
2025-11-28T05:01:44.370346,bike_62976
2025-12-11T11:01:15.064143,bike_72179
2025-12-11T11:01:14.764194,bike_79896
2025-12-11T11:01:16.914579,bike_67563
2025-12-11T11:01:16.131084,bike_53033
2025-12-11T11:01:05.914822,bike_76837
2025-12-11T11:01:08.451027,bike_05812
2025-12-11T11:01:16.504194,bike_56641
2025-12-11T11:01:11.653151,bike_44508
2025-12-11T11:01:16.932120,bike_22931
2025-12-11T11:01:15.373118,bike_78073
2025-12-11T11:01:15.859225,bike_71641
2025-12-11T11:01:11.064195,bike_74483
2025-12-09T11:01:06.024819,bike_80534
2025-12-11T11:01:16.350885,bike_23953
2025-12-11T11:01:06.873132,bike_03783
2025-12-11T11:01:08.732928,bike_24830
2025-12-08T05:01:06.126226,bike_56628
2025-12-11T11:01:13.671229,bike_51551
2025-12-11T05:01:03.210103,bike_47483
2025-12-11T11:01:15.693714,bike_53108
2025-12-11T11:01:08.251482,bike_75419
2025-12-08T23:01:09.937926,bike_81745
2025-12-05T23:01:13.211373,bike_71909
2025-12-11T11:01:08.693255,bike_89644
2025-12-11T11:01:11.312823,bike_68062
2025-12-11T11:01:10.270384,bike_12228
2025-12-11T11:01:14.044130,bike_46301
2025-12-11T11:01:09.153094,bike_76196
2025-12-11T11:01:09.332190,bike_43420
2025-12-11T11:01:16.033984,bike_88355
2025-12-11T11:01:16.744203,bike_58037
2025-12-11T11:01:10.998475,bike_26181
2025-12-11T11:01:10.364184,bike_50634
2025-12-11T11:01:09.470466,bike_80239
2025-12-07T17:01:09.362555,bike_89338
2025-12-11T11:01:12.844165,bike_46361
2025-12-11T11:01:05.959927,bike_81640
2025-12-11T11:01:06.170099,bike_89163
2025-12-11T11:01:10.073767,bike_63733
2025-12-11T11:01:16.524468,bike_80345
2025-12-11T11:01:12.971206,bike_47061
2025-12-11T11:01:08.410983,bike_73139
2025-12-11T11:01:08.644193,bike_51485
2025-12-11T11:01:11.473191,bike_61102
2025-12-11T11:01:07.784058,bike_50609
2025-12-11T11:01:10.890929,bike_82874
2025-12-11T11:01:08.304256,bike_35575
2025-12-11T11:01:09.051560,bike_42661
2025-12-11T05:01:03.968296,bike_05541
2025-12-11T11:01:14.712897,bike_06545
2025-12-11T11:01:12.284082,bike_75151
2025-12-11T11:01:09.193114,bike_79867
2025-12-11T11:01:06.433334,bike_67883
2025-12-11T11:01:11.984135,bike_00647
2025-12-11T11:01:09.484097,bike_03588
2025-12-11T11:01:14.813180,bike_22322
2025-12-11T11:01:08.870174,bike_75149
2025-12-11T11:01:15.513305,bike_58138
2025-12-11T11:01:15.811113,bike_73882
2025-12-11T11:01:10.504177,bike_14532
2025-12-09T11:01:07.385131,bike_62885
2025-12-11T11:01:14.504147,bike_07437
2025-12-11T11:01:10.724173,bike_75962
2025-12-11T11:01:11.432916,bike_51818
2025-12-11T11:01:09.210582,bike_58582
2025-12-11T05:01:04.561977,bike_75042
2025-12-11T11:01:13.671257,bike_88270
2025-12-11T11:01:06.664148,bike_68097
2025-12-11T11:01:10.351098,bike_47762
2025-12-11T11:01:16.769783,bike_11856
2025-12-11T11:01:14.692383,bike_89038
2025-12-11T11:01:16.504186,bike_57981
2025-12-11T11:01:06.609847,bike_69690
2025-12-11T11:01:09.273327,bike_57124
2025-12-11T11:01:15.890067,bike_30294
2025-12-11T11:01:13.684235,bike_78723
2025-12-11T11:01:07.092876,bike_22011
2025-12-09T23:01:09.749303,bike_80378
2025-12-11T11:01:06.904228,bike_43820
2025-12-05T05:01:11.797166,bike_61637
2025-12-11T05:01:08.191150,bike_85256
2025-12-11T11:01:07.753756,bike_76240
2025-12-11T11:01:09.064163,bike_51506
2025-12-11T11:01:15.632133,bike_11888
2025-12-11T11:01:10.711272,bike_67450
2025-12-11T11:01:09.193101,bike_74251
2025-12-01T05:01:06.620023,bike_47588
2025-11-28T17:01:11.165409,bike_68181
2025-12-11T11:01:09.853203,bike_75756
2025-12-11T11:01:12.213312,bike_55759
2025-12-11T11:01:13.193724,bike_48030
2025-12-11T11:01:07.913150,bike_74436
2025-12-11T05:01:07.967366,bike_10379
2025-12-11T05:01:02.966122,bike_79046
2025-12-11T11:01:13.744224,bike_70739
2025-12-11T11:01:13.024200,bike_73339
2025-12-11T11:01:11.504214,bike_88725
2025-12-11T11:01:06.944224,bike_62652
2025-12-11T11:01:13.470828,bike_60524
2025-12-10T23:01:06.037875,bike_74485
2025-12-11T11:01:12.533229,bike_72453
2025-12-02T23:01:10.581231,bike_77015
2025-12-11T11:01:08.530644,bike_77700
2025-12-11T11:01:10.252961,bike_67384
2025-12-09T17:01:08.966308,bike_25552
2025-12-11T11:01:15.090045,bike_07902
2025-12-11T11:01:06.329905,bike_45743
2025-12-11T11:01:17.009693,bike_19434
2025-11-30T17:01:07.469767,bike_74967
2025-12-11T11:01:06.650513,bike_16036
2025-12-03T17:01:12.553955,bike_05190
2025-12-11T11:01:10.164164,bike_77819
2025-12-11T05:01:06.382004,bike_44939
2025-12-11T11:01:15.144188,bike_35234
2025-12-11T11:01:08.133289,bike_74730
2025-12-11T05:01:10.041883,bike_67941
2025-12-06T23:01:15.273328,bike_00275
2025-12-11T11:01:11.190549,bike_69533
2025-12-11T11:01:15.064164,bike_30096
2025-12-11T11:01:14.031026,bike_85402
2025-12-11T11:01:11.190594,bike_81766
2025-12-11T11:01:07.092882,bike_75675
2025-12-10T17:01:02.020750,bike_68870
2025-12-11T11:01:14.409913,bike_43146
2025-12-11T11:01:11.303715,bike_13881
2025-12-01T23:01:06.784725,bike_67242
2025-12-08T23:01:07.417658,bike_89040
2025-12-11T11:01:14.234028,bike_30253
2025-12-11T11:01:07.645153,bike_09205
2025-12-07T11:01:13.148446,bike_02275
2025-12-11T11:01:10.424241,bike_11851
2025-12-08T05:01:07.786358,bike_47131
2025-12-11T11:01:15.513297,bike_17092
2025-12-11T05:01:10.350030,bike_80665
2025-12-11T11:01:09.530366,bike_74054
2025-12-11T11:01:15.390318,bike_67311
2025-12-11T11:01:13.054116,bike_61627
2025-12-11T11:01:08.591604,bike_41874
2025-12-11T11:01:16.211532,bike_05991
2025-12-09T05:01:15.166355,bike_09847
2025-12-11T11:01:16.890663,bike_52857
2025-12-11T11:01:10.333454,bike_85368
2025-12-11T11:01:14.170738,bike_46521
2025-12-11T11:01:06.072984,bike_43602
2025-12-11T11:01:16.752842,bike_51808
2025-12-08T17:01:11.272008,bike_19930
2025-12-11T05:01:06.870912,bike_57966
2025-12-11T11:01:14.609877,bike_80395
2025-12-11T11:01:12.692970,bike_50670
2025-12-11T11:01:15.324225,bike_73471
2025-12-11T11:01:09.953289,bike_88225
2025-12-11T11:01:13.430837,bike_72322
2025-12-11T11:01:09.732737,bike_11573
2025-12-11T11:01:15.820043,bike_50241
2025-12-11T11:01:16.850043,bike_43008
2025-12-11T11:01:12.114112,bike_86039
2025-12-11T11:01:13.875619,bike_81732
2025-12-11T11:01:08.644190,bike_58693
2025-12-11T11:01:15.073103,bike_46673
2025-12-11T11:01:06.279328,bike_05987
2025-12-11T11:01:12.010469,bike_43551
2025-12-11T11:01:09.644239,bike_89627
2025-12-10T17:01:04.020040,bike_72836
2025-12-11T11:01:15.192900,bike_79537
2025-12-11T11:01:13.924239,bike_23570
2025-12-11T11:01:14.300777,bike_69797
2025-12-10T23:01:12.336700,bike_82211
2025-12-11T05:01:04.349989,bike_88043
2025-12-10T23:01:15.038255,bike_15071
2025-12-11T11:01:13.584186,bike_39379
2025-12-11T11:01:14.790583,bike_67436
2025-12-11T11:01:09.584095,bike_70100
2025-12-11T11:01:07.432947,bike_77940
2025-12-11T11:01:06.864195,bike_74439
2025-12-11T11:01:14.113485,bike_12745
2025-12-11T05:01:05.881914,bike_89125
2025-12-11T11:01:08.711643,bike_21070
2025-12-11T11:01:15.584170,bike_88849
2025-12-11T11:01:11.244187,bike_10668
2025-12-10T17:01:06.279635,bike_73059
2025-12-11T11:01:13.373575,bike_22084
2025-12-11T11:01:14.210126,bike_79547
2025-12-11T05:01:02.751406,bike_78309
2025-12-11T11:01:06.890321,bike_76771
2025-12-11T11:01:08.033335,bike_43726
2025-12-11T11:01:09.113071,bike_62964
2025-12-11T11:01:11.992880,bike_70026
2025-12-09T23:01:12.411496,bike_89858
2025-12-09T11:01:04.507240,bike_21827
2025-12-11T05:01:09.648615,bike_73246
2025-12-11T11:01:11.752880,bike_67050
2025-12-01T17:01:10.763681,bike_55577
2025-12-11T11:01:08.953430,bike_73644
2025-12-11T11:01:08.024236,bike_44328
2025-12-11T11:01:07.645159,bike_57502
2025-12-11T11:01:16.299203,bike_89319
2025-12-11T05:01:11.549729,bike_61135
2025-12-11T11:01:13.084287,bike_24209
2025-12-11T11:01:17.070165,bike_79768
2025-12-11T11:01:15.264236,bike_73972
2025-12-11T11:01:08.473463,bike_80388
2025-12-11T11:01:10.390901,bike_89391
2025-12-11T11:01:06.090338,bike_68091
2025-12-11T11:01:09.305210,bike_76927
2025-12-11T11:01:08.653104,bike_77263
2025-12-10T11:01:10.780003,bike_76780
2025-12-11T05:01:02.522029,bike_89864
2025-12-11T11:01:08.852973,bike_23879
2025-12-11T11:01:16.524500,bike_67381
2025-12-11T11:01:08.241878,bike_71926
2025-12-11T05:01:02.661956,bike_57850
2025-12-11T11:01:13.684238,bike_85150
2025-12-11T11:01:11.033615,bike_16038
2025-12-11T11:01:15.764212,bike_44709
2025-12-11T11:01:15.872703,bike_53331
2025-12-11T05:01:09.116876,bike_86048
2025-12-11T11:01:12.309951,bike_23155
2025-12-11T11:01:06.810073,bike_80393
2025-11-28T23:01:03.364084,bike_76203
2025-12-11T11:01:09.032973,bike_71122
2025-12-11T11:01:11.804231,bike_78093
2025-12-11T11:01:14.804166,bike_81645
2025-12-11T11:01:10.284199,bike_72901
2025-12-11T11:01:10.764107,bike_89133
2025-12-07T05:01:05.120395,bike_68423
2025-12-11T11:01:13.184242,bike_70398
2025-12-11T11:01:11.213430,bike_45379
2025-12-11T05:01:07.561957,bike_80368
2025-12-11T11:01:10.998447,bike_77937
2025-12-11T11:01:06.329888,bike_50896
2025-12-11T11:01:16.644240,bike_09483
2025-12-11T11:01:09.984181,bike_03006
2025-12-11T11:01:14.130659,bike_53160
2025-12-11T11:01:10.693120,bike_58395
2025-12-11T11:01:16.873259,bike_76970
2025-12-11T11:01:09.750270,bike_88439
2025-12-11T11:01:07.053463,bike_70041
2025-12-11T11:01:12.593615,bike_00248
2025-12-11T11:01:16.730411,bike_62091
2025-12-02T17:01:12.382323,bike_57462
2025-12-11T11:01:16.973500,bike_53005
2025-12-11T11:01:12.993663,bike_06033
2025-12-11T11:01:09.193147,bike_08948
2025-12-11T11:01:08.564377,bike_72122
2025-12-10T11:01:10.474549,bike_46573
2025-12-11T11:01:08.953453,bike_79238
2025-12-11T11:01:14.409918,bike_78124
2025-12-11T11:01:08.332013,bike_16640
2025-12-11T11:01:08.573624,bike_44684
2025-12-11T11:01:12.350680,bike_16073
2025-12-07T17:01:09.767474,bike_60476
2025-12-11T11:01:13.354916,bike_21334
2025-12-10T11:01:09.693374,bike_68630
2025-12-11T05:01:05.230845,bike_52942
2025-12-11T11:01:07.092868,bike_75137
2025-12-11T11:01:07.044243,bike_03084
2025-12-11T11:01:06.010661,bike_22523
2025-12-11T11:01:15.750677,bike_60789
2025-12-11T11:01:07.993138,bike_80472
2025-12-11T11:01:07.424166,bike_58616
2025-12-11T11:01:07.292073,bike_22628
2025-12-11T11:01:09.210627,bike_89543
2025-12-11T11:01:15.944135,bike_23782
2025-12-11T11:01:16.973466,bike_82566
2025-12-11T11:01:08.791217,bike_12357
2025-12-11T11:01:07.084164,bike_71307
2025-11-28T11:01:43.643756,bike_24916
2025-12-11T11:01:09.892584,bike_82810
2025-12-11T11:01:12.484146,bike_46145
2025-12-11T11:01:07.270088,bike_70782
2025-12-11T11:01:15.504175,bike_61307
2025-12-11T11:01:08.573644,bike_46909
2025-12-11T11:01:12.844192,bike_52500
2025-12-11T11:01:07.356498,bike_82230
2025-12-11T11:01:12.813060,bike_52658
2025-12-11T11:01:09.711214,bike_50737
2025-12-11T11:01:08.150680,bike_76841
2025-12-11T11:01:15.793616,bike_45030
2025-12-11T11:01:14.683457,bike_45564
2025-12-11T11:01:11.550933,bike_55135
2025-12-11T05:01:02.621985,bike_58884
2025-12-11T11:01:12.204145,bike_51161
2025-12-11T11:01:12.453802,bike_16096
2025-12-11T11:01:14.670904,bike_79023
2025-12-11T05:01:02.588606,bike_75395
2025-12-11T11:01:08.504220,bike_69049
2025-12-11T05:01:08.650735,bike_88881
2025-12-11T11:01:10.864160,bike_78411
2025-12-11T11:01:13.753365,bike_11885
2025-12-11T11:01:08.944108,bike_51127
2025-12-09T17:01:13.054940,bike_80092
2025-12-11T11:01:11.653161,bike_45320
2025-12-11T11:01:09.244168,bike_61054
2025-12-10T11:01:04.481077,bike_82222
2025-12-05T17:01:12.461974,bike_78534
2025-12-11T11:01:11.804214,bike_03652
2025-12-11T11:01:10.745540,bike_76853
2025-12-11T11:01:10.504184,bike_44092
2025-12-11T05:01:04.111193,bike_50575
2025-11-30T11:01:05.066475,bike_79231
2025-12-11T11:01:13.893771,bike_76613
2025-12-11T11:01:09.305183,bike_03018
2025-12-11T11:01:10.364190,bike_80601
2025-12-11T11:01:06.691045,bike_17630
2025-12-09T23:01:05.391229,bike_77331
2025-12-11T11:01:14.353167,bike_89099
2025-12-11T11:01:10.230065,bike_44984
2025-12-11T11:01:16.384247,bike_43772
2025-12-11T11:01:08.204362,bike_51104
2025-12-11T11:01:11.604224,bike_52512
2025-12-11T11:01:07.952874,bike_47647
2025-12-11T11:01:11.312830,bike_48025
2025-12-11T11:01:06.810076,bike_20141
2025-12-08T17:01:07.764813,bike_61966
2025-12-11T11:01:07.190884,bike_77833
2025-12-10T17:01:03.638349,bike_88766
2025-12-11T05:01:09.967946,bike_69026
2025-12-11T05:01:06.901938,bike_88021
2025-12-11T11:01:10.984816,bike_08236
2025-12-05T23:01:05.981048,bike_37310
2025-12-11T11:01:06.913412,bike_89515
2025-12-11T11:01:16.251003,bike_51840
2025-12-11T11:01:14.210105,bike_26981
2025-12-11T11:01:16.384241,bike_47766
2025-12-11T11:01:10.953263,bike_63071
2025-12-02T23:01:06.044355,bike_78076
2025-12-11T11:01:12.444156,bike_77575
2025-12-11T11:01:10.474982,bike_60608
2025-11-28T17:01:13.545698,bike_34929
2025-12-11T11:01:10.333435,bike_51275
2025-12-11T11:01:16.411247,bike_17495
2025-12-01T17:01:12.508294,bike_67908
2025-12-11T11:01:10.711286,bike_53259
2025-12-11T11:01:14.473212,bike_44893
2025-12-11T11:01:14.513432,bike_47223
2025-12-03T11:01:10.021420,bike_88459
2025-12-11T11:01:12.010500,bike_51181
2025-12-11T11:01:17.044183,bike_50394
2025-12-11T11:01:14.984239,bike_48065
2025-12-11T05:01:13.491312,bike_80659
2025-12-11T11:01:07.489285,bike_12262
2025-12-11T11:01:09.773282,bike_47562
2025-12-11T11:01:12.413408,bike_67346
2025-12-11T11:01:07.124298,bike_78756
2025-12-11T11:01:08.913109,bike_79140
2025-12-11T11:01:17.044232,bike_51432
2025-12-11T11:01:06.232678,bike_71055
2025-12-08T23:01:10.306973,bike_56349
2025-12-11T11:01:16.064180,bike_74595
2025-12-11T11:01:11.944471,bike_16028
2025-12-11T11:01:09.904183,bike_52499
2025-12-11T11:01:07.213142,bike_75471
2025-12-11T11:01:16.211561,bike_85191
2025-12-11T11:01:12.692954,bike_00907
2025-12-11T05:01:03.131168,bike_89249
2025-12-11T11:01:16.832780,bike_88073
2025-12-11T11:01:11.173198,bike_74843
2025-12-11T05:01:02.987944,bike_58292
2025-11-28T17:01:05.835914,bike_43477
2025-12-11T11:01:13.293249,bike_55050
2025-12-11T05:01:03.429961,bike_57496
2025-12-11T11:01:11.133292,bike_22034
2025-12-11T11:01:07.024175,bike_51751
2025-12-10T17:01:04.898761,bike_70348
2025-12-11T11:01:13.253655,bike_58341
2025-12-08T05:01:08.532719,bike_45025
2025-12-11T11:01:11.213415,bike_43438
2025-12-11T11:01:09.210585,bike_75423
2025-12-09T11:01:04.207486,bike_78129
2025-12-10T11:01:11.808571,bike_70430
2025-12-11T11:01:16.613303,bike_08655
2025-12-10T17:01:04.606573,bike_75258
2025-12-11T11:01:15.210153,bike_09407
2025-12-11T11:01:12.173020,bike_81123
2025-12-11T05:01:12.709411,bike_58332
2025-12-11T11:01:06.279322,bike_73327
2025-12-11T11:01:16.233619,bike_42593
2025-12-11T11:01:08.804159,bike_67395
2025-12-11T11:01:15.464210,bike_18600
2025-12-11T05:01:02.948338,bike_80425
2025-12-11T11:01:12.984303,bike_63097
2025-12-02T05:01:08.315775,bike_62749
2025-12-11T11:01:15.971179,bike_77507
2025-12-11T11:01:12.173000,bike_47179
2025-12-11T11:01:11.464204,bike_74068
2025-12-02T17:01:05.674881,bike_74852
2025-12-02T17:01:06.683037,bike_51393
2025-12-11T11:01:15.850434,bike_42909
2025-12-11T11:01:08.433332,bike_61214
2025-12-11T11:01:14.353190,bike_70255
2025-12-11T11:01:09.604198,bike_42980
2025-12-11T11:01:10.711312,bike_81689
2025-12-11T11:01:08.944128,bike_03273
2025-12-11T11:01:12.593669,bike_01224
2025-12-04T17:01:12.125162,bike_42546
2025-12-11T11:01:14.193038,bike_51047
2025-12-11T11:01:10.772816,bike_89839
2025-12-11T11:01:07.470166,bike_69024
2025-12-03T11:01:07.561385,bike_89871
2025-12-11T11:01:10.024151,bike_24923
2025-12-11T11:01:11.113308,bike_67903
2025-12-11T11:01:09.431485,bike_60307
2025-12-11T11:01:06.984145,bike_75163
2025-12-11T11:01:11.813282,bike_46496
2025-12-11T11:01:10.571958,bike_53261
2025-12-11T11:01:07.213120,bike_76774
2025-12-11T11:01:15.290807,bike_00020
2025-12-11T11:01:07.824171,bike_23492
2025-12-11T11:01:06.553064,bike_44899
2025-12-11T11:01:12.751734,bike_44786
2025-12-11T11:01:13.344179,bike_50985
2025-12-11T11:01:14.070142,bike_53193
2025-12-11T11:01:11.073431,bike_21048
2025-12-11T11:01:07.230454,bike_43740
2025-12-11T11:01:13.875634,bike_03214
2025-12-11T11:01:10.632264,bike_52078
2025-12-11T11:01:12.971180,bike_51995
2025-12-11T11:01:14.251486,bike_74546
2025-12-11T11:01:09.370802,bike_80243
2025-12-11T11:01:09.773287,bike_88624
2025-12-11T11:01:09.930879,bike_24287
2025-12-11T11:01:08.750023,bike_44518
2025-12-11T11:01:07.024207,bike_73064
2025-12-11T11:01:16.024199,bike_88709
2025-12-11T11:01:07.694395,bike_80857
2025-12-11T11:01:06.424162,bike_24783
2025-12-11T11:01:11.303693,bike_55710
2025-12-11T11:01:15.904165,bike_70746
2025-12-11T11:01:06.112866,bike_56389
2025-12-11T11:01:13.344176,bike_17925
2025-12-11T11:01:07.930206,bike_81004
2025-12-11T11:01:12.944280,bike_53293
2025-12-11T11:01:12.913215,bike_21455
2025-12-11T11:01:06.232675,bike_73742
2025-12-11T11:01:16.104123,bike_26492
2025-12-11T11:01:05.924239,bike_19838
2025-12-11T11:01:09.051577,bike_19976
2025-11-30T05:01:11.368580,bike_73312
2025-12-11T11:01:11.473187,bike_62728
2025-12-11T11:01:10.584177,bike_67490
2025-12-11T11:01:12.944282,bike_00185
2025-12-11T11:01:10.492468,bike_77337
2025-12-11T11:01:12.164161,bike_50560
2025-12-11T11:01:10.909094,bike_58258
2025-12-11T05:01:08.690734,bike_13288
2025-12-11T11:01:07.792832,bike_11086
2025-12-11T11:01:16.290113,bike_24732
2025-12-11T11:01:12.751726,bike_52356
2025-12-11T11:01:16.364227,bike_81735
2025-12-11T11:01:13.553638,bike_00554
2025-12-11T11:01:11.613515,bike_51634
2025-12-11T11:01:06.494810,bike_82313
2025-12-11T11:01:16.290126,bike_44772
2025-12-08T17:01:05.796212,bike_62741
2025-12-11T11:01:06.664169,bike_75576
2025-12-11T11:01:16.664249,bike_09445
2025-12-11T11:01:06.210064,bike_09745
2025-12-11T11:01:08.010851,bike_60594
2025-12-11T11:01:07.053443,bike_51185
2025-12-09T05:01:12.717709,bike_53776
2025-12-11T11:01:16.744195,bike_09522
2025-12-11T11:01:06.249233,bike_89488
2025-12-11T11:01:11.769828,bike_19948
2025-12-11T11:01:15.010917,bike_43085
2025-12-11T11:01:11.090181,bike_80113
2025-12-11T11:01:08.613035,bike_67917
2025-12-11T11:01:08.944071,bike_57078
2025-12-11T11:01:10.164169,bike_89780
2025-12-11T11:01:15.653279,bike_88671
2025-12-11T11:01:07.771106,bike_18222
2025-12-11T11:01:13.011479,bike_46298
2025-12-11T11:01:11.464211,bike_09295
2025-12-11T11:01:08.684226,bike_67295
2025-12-11T11:01:12.693002,bike_70463
2025-12-11T11:01:13.253713,bike_57407
2025-12-11T05:01:09.116878,bike_85055
2025-12-11T11:01:06.890318,bike_79402
2025-12-11T11:01:12.604075,bike_61195
2025-12-11T11:01:07.204201,bike_82582
2025-12-11T11:01:07.053490,bike_62593
2025-12-11T11:01:08.791232,bike_77742
2025-12-11T11:01:08.504215,bike_57718
2025-12-11T11:01:08.591599,bike_51203
2025-12-11T11:01:08.304246,bike_51526
2025-12-11T11:01:09.804064,bike_44062
2025-12-11T11:01:10.593137,bike_78992
2025-12-11T11:01:13.093562,bike_08777
2025-12-11T11:01:14.091675,bike_78009
2025-12-11T11:01:10.024128,bike_51982
2025-12-11T11:01:13.193753,bike_45416
2025-12-11T11:01:16.524474,bike_72562
2025-12-11T11:01:14.210132,bike_21793
2025-12-11T11:01:08.090488,bike_20340
2025-12-11T11:01:16.010698,bike_46308
2025-12-11T11:01:08.290437,bike_78210
2025-12-11T11:01:13.390985,bike_77603
2025-12-11T11:01:08.433352,bike_82843
2025-12-11T05:01:07.890768,bike_07726
2025-12-08T23:01:12.577679,bike_88401
2025-12-11T11:01:06.424156,bike_78240
2025-12-11T11:01:09.484099,bike_63262
2025-12-11T11:01:16.411291,bike_69324
2025-12-11T11:01:12.073067,bike_05290
2025-12-11T11:01:07.292090,bike_89410
2025-12-11T11:01:13.904164,bike_53091
2025-12-11T11:01:09.184176,bike_05497
2025-12-11T11:01:12.292674,bike_45557
2025-12-11T11:01:14.324197,bike_78260
2025-12-11T11:01:11.724160,bike_43954
2025-12-11T05:01:04.621986,bike_74322
2025-12-11T11:01:17.070143,bike_76911
2025-12-11T11:01:11.830380,bike_81168
2025-12-11T11:01:14.993615,bike_15646
2025-11-30T05:01:09.476547,bike_70806
2025-12-11T11:01:13.244227,bike_86275
2025-12-11T11:01:11.344230,bike_82540
2025-12-08T05:01:06.614949,bike_70267
2025-12-11T11:01:16.251016,bike_24384
2025-12-11T11:01:10.844189,bike_73434
2025-12-11T11:01:06.904202,bike_52280
2025-12-11T11:01:09.051625,bike_03247
2025-12-11T11:01:08.124238,bike_11268
2025-12-11T11:01:07.150144,bike_73472
2025-12-11T11:01:14.993607,bike_21487
2025-12-11T05:01:13.701923,bike_75829
2025-12-11T11:01:16.193522,bike_10632
2025-12-11T11:01:07.489250,bike_75573
2025-12-11T11:01:11.791861,bike_78877
2025-12-11T11:01:15.993457,bike_53218
2025-12-11T11:01:10.864152,bike_62278
2025-12-11T11:01:15.544164,bike_23585
2025-12-11T11:01:12.524145,bike_52702
2025-12-11T11:01:13.373563,bike_43491
2025-12-11T11:01:07.792869,bike_74714
2025-12-11T11:01:08.191322,bike_68664
2025-12-11T11:01:09.384153,bike_77312
2025-12-11T11:01:15.224166,bike_80839
2025-12-01T05:01:05.059805,bike_58306
2025-12-11T11:01:07.479528,bike_81674
2025-12-11T11:01:10.294051,bike_42715
2025-12-11T05:01:13.087972,bike_52494
2025-12-01T17:01:09.938370,bike_17816
2025-12-11T11:01:13.391015,bike_17688
2025-12-11T11:01:14.130688,bike_85137
2025-12-11T11:01:12.390272,bike_17756
2025-12-11T11:01:06.650556,bike_73707
2025-12-11T11:01:11.090202,bike_74767
2025-12-11T11:01:11.684206,bike_70312
2025-12-11T11:01:06.824129,bike_47778
2025-12-11T11:01:12.453794,bike_38870
2025-12-11T11:01:12.944202,bike_51604
2025-12-11T11:01:12.292686,bike_88726
2025-12-11T11:01:10.010281,bike_71707
2025-12-11T11:01:13.693062,bike_73499
2025-12-11T11:01:13.344151,bike_70938
2025-12-11T11:01:14.251496,bike_01374
2025-12-11T11:01:10.813625,bike_02587
2025-12-11T11:01:09.570571,bike_89213
2025-12-11T11:01:14.392663,bike_43395
2025-12-11T11:01:12.073049,bike_89656
2025-12-11T11:01:13.011489,bike_74741
2025-12-11T11:01:08.473420,bike_23407
2025-12-11T05:01:08.790765,bike_72752
2025-12-11T11:01:08.732868,bike_81205
2025-12-11T11:01:11.851807,bike_77843
2025-12-11T11:01:15.930289,bike_89113
2025-12-11T11:01:14.893014,bike_43304
2025-12-11T11:01:06.704146,bike_03558
2025-12-11T11:01:11.889458,bike_10551
2025-12-11T05:01:07.841939,bike_51394
2025-12-11T05:01:04.473836,bike_76620
2025-12-11T11:01:09.290949,bike_47141
2025-12-10T11:01:03.439872,bike_75668
2025-12-11T11:01:12.904215,bike_88131
2025-12-11T11:01:07.489248,bike_80213
2025-12-11T11:01:10.671697,bike_50836
2025-12-11T11:01:07.164182,bike_46541
2025-12-11T11:01:06.953080,bike_57435
2025-12-11T11:01:12.564191,bike_25481
2025-12-11T11:01:16.424297,bike_43938
2025-12-11T11:01:13.924231,bike_33085
2025-12-11T11:01:12.404109,bike_52836
2025-12-11T11:01:11.124182,bike_82296
2025-12-11T11:01:08.491041,bike_62334
2025-12-11T11:01:10.024141,bike_77454
2025-12-11T11:01:06.193087,bike_86076
2025-12-11T11:01:06.691064,bike_72088
2025-12-06T11:01:12.406471,bike_52306
2025-12-11T11:01:08.064171,bike_43296
2025-12-11T11:01:15.811106,bike_69123
2025-12-07T17:01:04.871760,bike_73601
2025-12-11T11:01:08.644184,bike_50309
2025-12-11T11:01:06.792910,bike_08542
2025-11-28T11:01:29.363664,bike_05192
2025-12-11T11:01:15.850363,bike_43424
2025-12-11T11:01:12.484149,bike_22834
2025-12-01T11:01:05.705846,bike_67753
2025-12-11T11:01:07.712098,bike_56886
2025-12-11T11:01:08.424336,bike_22725
2025-12-11T11:01:16.644226,bike_46265
2025-12-11T05:01:05.210060,bike_70107
2025-12-11T11:01:06.224102,bike_70763
2025-12-11T11:01:07.890126,bike_85153
2025-12-11T11:01:08.024221,bike_46490
2025-12-11T11:01:17.009706,bike_46876
2025-12-11T11:01:06.691058,bike_22553
2025-12-11T11:01:11.550971,bike_52644
2025-12-11T11:01:14.649863,bike_72532
2025-11-30T05:01:15.557449,bike_42695
2025-12-11T11:01:06.810068,bike_77216
2025-12-11T11:01:13.511650,bike_67337
2025-12-11T11:01:07.330126,bike_58562
2025-12-11T11:01:10.764061,bike_22750
2025-12-11T11:01:14.053095,bike_77799
2025-12-11T11:01:14.570958,bike_73205
2025-12-11T11:01:15.913132,bike_76314
2025-12-11T11:01:07.470192,bike_51194
2025-12-11T11:01:16.024194,bike_42596
2025-12-11T11:01:08.992892,bike_44216
2025-12-11T11:01:09.993110,bike_21456
2025-12-11T11:01:10.513550,bike_47211
2025-12-11T11:01:13.170777,bike_79381
2025-12-11T11:01:16.471308,bike_88158
2025-12-11T11:01:15.504170,bike_25416
2025-12-05T23:01:05.371298,bike_24743
2025-12-11T11:01:12.350669,bike_86064
2025-12-11T11:01:13.572015,bike_43722
2025-12-11T11:01:12.050634,bike_77052
2025-12-11T11:01:11.330484,bike_72224
2025-12-11T11:01:11.533522,bike_72442
2025-12-11T11:01:07.890101,bike_77831
2025-12-11T11:01:10.998419,bike_21620
2025-12-11T11:01:10.584214,bike_03999
2025-12-10T23:01:12.268704,bike_88404
2025-12-11T11:01:16.792887,bike_44017
2025-12-11T11:01:11.190589,bike_50250
2025-12-11T11:01:08.830048,bike_46431
2025-12-11T11:01:16.932112,bike_80116
2025-12-11T11:01:09.404195,bike_21995
2025-12-11T11:01:15.170420,bike_42892
2025-12-11T05:01:06.941912,bike_81781
2025-12-11T11:01:10.373307,bike_51972
2025-12-11T11:01:16.193541,bike_09317
2025-12-11T05:01:06.548163,bike_56684
2025-12-11T11:01:16.604276,bike_52599
2025-12-11T11:01:07.124284,bike_43570
2025-12-11T11:01:12.564212,bike_72736
2025-12-11T11:01:09.944174,bike_82282
2025-12-11T11:01:09.129974,bike_76367
2025-12-11T11:01:10.554067,bike_02901
2025-12-11T11:01:15.144203,bike_43872
2025-12-11T11:01:15.113980,bike_25272
2025-12-11T11:01:13.413542,bike_06552
2025-12-11T11:01:06.609817,bike_77353
2025-12-10T11:01:03.669126,bike_71961
2025-12-11T11:01:07.124278,bike_70573
2025-12-11T11:01:12.230680,bike_70982
2025-12-11T11:01:16.873287,bike_43597
2025-12-11T11:01:13.084297,bike_74154
2025-12-11T11:01:13.244235,bike_47511
2025-12-11T11:01:10.364214,bike_00899
2025-12-11T11:01:12.484154,bike_40591
2025-12-11T11:01:14.570997,bike_43124
2025-12-03T05:01:06.986160,bike_72418
2025-12-11T11:01:14.193079,bike_76108
2025-12-11T11:01:09.684153,bike_77054
2025-12-11T11:01:06.010647,bike_25631
2025-12-11T11:01:11.410513,bike_60056
2025-12-11T11:01:10.584150,bike_58502
2025-12-11T11:01:10.364177,bike_79897
2025-12-11T11:01:11.204167,bike_67476
2025-12-11T11:01:06.953075,bike_61552
2025-12-11T11:01:08.812920,bike_69101
2025-12-11T11:01:11.213433,bike_14208
2025-12-09T11:01:06.919218,bike_45803
2025-12-10T23:01:09.788632,bike_45882
2025-12-11T11:01:10.844192,bike_45365
2025-12-11T11:01:08.953451,bike_55752
2025-12-11T11:01:12.993665,bike_68766
2025-12-11T11:01:09.051628,bike_51324
2025-12-11T11:01:14.884278,bike_67466
2025-12-11T11:01:08.024224,bike_70616
2025-12-11T11:01:12.309956,bike_67585
2025-12-11T11:01:11.710029,bike_81082
2025-12-11T11:01:16.792915,bike_61161
2025-12-11T11:01:08.913067,bike_57883
2025-12-11T11:01:10.270437,bike_81455
2025-12-11T11:01:16.524492,bike_88693
2025-12-11T11:01:13.284210,bike_73506
2025-12-11T11:01:07.230444,bike_77365
2025-12-11T11:01:07.630499,bike_77551
2025-12-11T11:01:15.210170,bike_85536
2025-12-11T05:01:03.171055,bike_82788
2025-12-11T11:01:08.024200,bike_46325
2025-12-11T11:01:14.184184,bike_47067
2025-12-11T11:01:13.044300,bike_69104
2025-12-11T11:01:12.050605,bike_71088
2025-12-11T11:01:05.914808,bike_44444
2025-12-11T11:01:13.184306,bike_77691
2025-12-11T11:01:13.991238,bike_75522
2025-12-02T17:01:11.694846,bike_58908
2025-12-11T11:01:06.424175,bike_80812
2025-12-11T11:01:12.073051,bike_81037
2025-12-11T11:01:08.090459,bike_58025
2025-12-10T17:01:07.440542,bike_17304
2025-12-11T11:01:14.353209,bike_71300
2025-12-11T11:01:06.424148,bike_73079
2025-12-10T23:01:09.574403,bike_78802
2025-12-11T11:01:15.653322,bike_51086
2025-12-11T11:01:12.131854,bike_43691
2025-12-11T11:01:12.573705,bike_51473
2025-12-11T11:01:16.664264,bike_81462
2025-12-05T11:01:05.155793,bike_67943
2025-12-11T11:01:14.153430,bike_88245
2025-12-11T11:01:16.744187,bike_73220
2025-12-11T05:01:05.810755,bike_62644
2025-12-11T11:01:07.044171,bike_47273
2025-12-11T11:01:13.413560,bike_67036
2025-12-11T11:01:14.933294,bike_52712
2025-12-11T11:01:15.764244,bike_67589
2025-12-11T05:01:04.791042,bike_15404
2025-12-11T11:01:07.365443,bike_53315
2025-12-10T11:01:11.742629,bike_82311
2025-12-11T11:01:13.711263,bike_69537
2025-12-11T11:01:10.474939,bike_72819
2025-12-11T11:01:13.964188,bike_46439
2025-12-11T11:01:13.480002,bike_52852
2025-12-11T11:01:16.730408,bike_77294
2025-12-11T11:01:16.332960,bike_25438
2025-12-11T11:01:13.991216,bike_51668
2025-12-11T11:01:15.311913,bike_23931
2025-12-11T11:01:09.153070,bike_73423
2025-12-11T11:01:06.704199,bike_80474
2025-12-11T11:01:09.544179,bike_79826
2025-12-11T11:01:09.711250,bike_51859
2025-12-11T11:01:16.010673,bike_18086
2025-12-11T11:01:12.550732,bike_67315
2025-12-11T11:01:08.591615,bike_88429
2025-12-11T11:01:12.173023,bike_67354
2025-12-11T11:01:11.830382,bike_51351
2025-12-11T11:01:16.691305,bike_73140
2025-12-11T11:01:08.670548,bike_47891
2025-12-11T11:01:14.513407,bike_42609
2025-12-11T11:01:15.913129,bike_05913
2025-12-07T17:01:09.936302,bike_77338
2025-12-11T11:01:10.531012,bike_23531
2025-12-11T11:01:08.124281,bike_55657
2025-12-11T11:01:16.144210,bike_21380
2025-12-11T11:01:06.410651,bike_12075
2025-12-11T11:01:06.713205,bike_76536
2025-12-11T11:01:15.828841,bike_75686
2025-12-11T11:01:15.793638,bike_85082
2025-12-11T11:01:14.272975,bike_72547
2025-12-11T11:01:11.752898,bike_78912
2025-12-11T11:01:15.544148,bike_79050
2025-12-05T23:01:13.551392,bike_13898
2025-12-11T11:01:12.612552,bike_78824
2025-12-11T11:01:08.344200,bike_46002
2025-12-09T17:01:05.378780,bike_61932
2025-12-09T05:01:15.647067,bike_04090
2025-12-11T11:01:10.944151,bike_71230
2025-12-11T11:01:08.124294,bike_68980
2025-12-11T11:01:12.864232,bike_62813
2025-12-11T11:01:17.031263,bike_43356
2025-12-11T11:01:08.264218,bike_77586
2025-12-10T05:01:06.539028,bike_88115
2025-12-11T11:01:13.364577,bike_52594
2025-12-11T11:01:16.832754,bike_88575
2025-12-11T11:01:10.890924,bike_70392
2025-12-11T11:01:10.984836,bike_23438
2025-12-11T11:01:12.971183,bike_88249
2025-12-11T11:01:11.410527,bike_72422
2025-12-11T11:01:09.504113,bike_03224
2025-12-11T11:01:13.324175,bike_78252
2025-12-11T11:01:12.492738,bike_85019
2025-12-10T11:01:09.913388,bike_75984
2025-12-11T11:01:12.244239,bike_88579
2025-12-11T11:01:15.051052,bike_75434
2025-12-11T11:01:16.864306,bike_73583
2025-12-11T11:01:10.998425,bike_46594
2025-12-11T11:01:15.404283,bike_02198
2025-12-11T11:01:08.344202,bike_70427
2025-12-11T11:01:10.711255,bike_69114
2025-12-11T05:01:11.081898,bike_30301
2025-12-11T11:01:13.127034,bike_79528
2025-12-10T23:01:06.756213,bike_67031
2025-12-11T11:01:15.953234,bike_77326
2025-12-11T11:01:15.184183,bike_16791
2025-12-11T11:01:12.844151,bike_70318
2025-12-11T11:01:09.813770,bike_81801
2025-12-11T11:01:10.413574,bike_50205
2025-12-11T11:01:13.631200,bike_77363
2025-12-11T11:01:06.984210,bike_78961
2025-12-11T11:01:07.470179,bike_11543
2025-12-11T11:01:08.464231,bike_77499
2025-12-11T11:01:07.993143,bike_74516
2025-12-06T17:01:11.512329,bike_62998
2025-12-11T11:01:08.930773,bike_45769
2025-12-05T17:01:06.999357,bike_67323
2025-12-11T11:01:06.352891,bike_21152
2025-12-11T11:01:11.684212,bike_21764
2025-12-11T11:01:12.444178,bike_89083
2025-12-11T11:01:08.433334,bike_72181
2025-12-11T11:01:06.650569,bike_52315
2025-12-11T11:01:07.573526,bike_06704
2025-12-11T11:01:13.724248,bike_57294
2025-12-11T11:01:09.904228,bike_89847
2025-12-11T05:01:06.294118,bike_58844
2025-12-11T05:01:05.801871,bike_51529
2025-12-11T11:01:10.351116,bike_77284
2025-11-28T05:01:39.510184,bike_68979
2025-12-11T11:01:09.684199,bike_60465
2025-12-11T11:01:10.632259,bike_79291
2025-12-11T11:01:13.373591,bike_17659
2025-12-11T11:01:13.973667,bike_06878
2025-12-09T11:01:05.884781,bike_72608
2025-12-11T11:01:09.090384,bike_16884
2025-12-11T11:01:09.724143,bike_89820
2025-12-11T11:01:08.653109,bike_44870
2025-12-11T11:01:07.604223,bike_47498
2025-12-11T11:01:16.864317,bike_03731
2025-11-29T11:01:10.013483,bike_23020
2025-12-11T11:01:07.913189,bike_10477
2025-12-11T11:01:09.930907,bike_74840
2025-12-11T11:01:11.151267,bike_85051
2025-12-11T11:01:12.309999,bike_51266
2025-12-11T11:01:14.624179,bike_68538
2025-12-11T11:01:10.333412,bike_51172
2025-12-11T11:01:15.984176,bike_52956
2025-12-11T11:01:07.694415,bike_76527
2025-12-11T05:01:12.161982,bike_60720
2025-12-11T11:01:06.592753,bike_14360
2025-12-09T05:01:05.566547,bike_76303
2025-12-11T11:01:16.504220,bike_51729
2025-12-11T11:01:14.031041,bike_22772
2025-12-11T11:01:08.451032,bike_57820
2025-12-10T11:01:08.829230,bike_79392
2025-12-11T11:01:17.052960,bike_63701
2025-12-11T11:01:13.364632,bike_80684
2025-12-11T11:01:14.624131,bike_07317
2025-12-11T05:01:03.188529,bike_43768
2025-12-11T11:01:06.904223,bike_24468
2025-12-11T05:01:05.010958,bike_25555
2025-12-11T11:01:14.300746,bike_51975
2025-12-11T11:01:16.250952,bike_24308
2025-12-11T11:01:12.404103,bike_75680
2025-12-11T11:01:08.573641,bike_16821
2025-12-11T05:01:02.421716,bike_08215
2025-11-28T17:01:12.555864,bike_88451
2025-12-11T11:01:09.693436,bike_44442
2025-12-03T05:01:14.859773,bike_23969
2025-12-11T11:01:12.993695,bike_63700
2025-12-11T11:01:12.350702,bike_19986
2025-12-11T11:01:06.292445,bike_24199
2025-12-11T11:01:08.150646,bike_46899
2025-12-11T11:01:06.864204,bike_69245
2025-12-11T11:01:15.224193,bike_85520
2025-12-11T11:01:08.504245,bike_21445
2025-12-11T11:01:11.213398,bike_51976
2025-12-11T11:01:08.564379,bike_73576
2025-12-11T11:01:09.631240,bike_74355
2025-12-11T11:01:07.604233,bike_74873
2025-12-11T05:01:03.450024,bike_80835
2025-12-11T11:01:13.111292,bike_77633
2025-12-11T11:01:10.504222,bike_30450
2025-12-11T11:01:06.486032,bike_77436
2025-12-11T05:01:12.821972,bike_44250
2025-12-11T11:01:12.104904,bike_77687
2025-12-10T23:01:10.416143,bike_04302
2025-12-10T23:01:11.875895,bike_81665
2025-12-11T11:01:14.449806,bike_61276
2025-12-11T11:01:09.064160,bike_82292
2025-12-11T11:01:09.264252,bike_18238
2025-12-11T11:01:12.444159,bike_48067
2025-12-11T11:01:14.224163,bike_71145
2025-12-11T11:01:13.744229,bike_42537
2025-12-11T11:01:08.564369,bike_61355
2025-12-11T11:01:06.049749,bike_61580
2025-12-11T11:01:14.831123,bike_82509
2025-12-11T11:01:14.224142,bike_18078
2025-12-11T11:01:07.190873,bike_50285
2025-12-11T11:01:12.904188,bike_17488
2025-12-11T11:01:10.684105,bike_47006
2025-12-11T11:01:15.064159,bike_47440
2025-12-11T11:01:09.073194,bike_80294
2025-12-11T11:01:06.752923,bike_78039
2025-12-11T11:01:10.333407,bike_78815
2025-12-11T11:01:10.284225,bike_72384
2025-12-11T05:01:03.288673,bike_55530
2025-12-11T11:01:08.644198,bike_50990
2025-12-11T11:01:07.109996,bike_44797
2025-12-11T11:01:13.544239,bike_24342
2025-12-11T11:01:07.173320,bike_89912
2025-12-11T11:01:14.764220,bike_69577
2025-12-10T17:01:09.051696,bike_79866
2025-12-11T11:01:11.370602,bike_43800
2025-12-11T05:01:10.611040,bike_63643
2025-12-11T11:01:16.604224,bike_52308
2025-12-11T05:01:11.961971,bike_61959
2025-12-11T11:01:07.984162,bike_53115
2025-12-11T11:01:07.510765,bike_50779
2025-11-28T11:01:26.423811,bike_43141
2025-12-11T11:01:15.333251,bike_89584
2025-12-11T11:01:12.733568,bike_61962
2025-12-11T11:01:06.713194,bike_89992
2025-12-11T11:01:08.591607,bike_21223
2025-12-11T11:01:06.932361,bike_69338
2025-12-11T11:01:11.012490,bike_85318
2025-12-11T05:01:05.827974,bike_45617
2025-12-11T11:01:16.411301,bike_67178
2025-12-11T11:01:14.324236,bike_78626
2025-12-11T11:01:11.273228,bike_45038
2025-12-11T11:01:14.091710,bike_63673
2025-12-11T11:01:11.724178,bike_61878
2025-12-11T11:01:09.544211,bike_51342
2025-12-05T11:01:11.772626,bike_18781
2025-12-11T11:01:10.424203,bike_79110
2025-12-07T11:01:05.859341,bike_45206
2025-12-11T11:01:12.173010,bike_80871
2025-12-11T11:01:14.670901,bike_74975
2025-12-06T05:01:03.974739,bike_69626
2025-12-11T11:01:13.613474,bike_58702
2025-12-11T11:01:11.653153,bike_46756
2025-12-11T11:01:12.484179,bike_82256
2025-12-11T11:01:12.492720,bike_62259
2025-12-11T11:01:16.490599,bike_47489
2025-12-04T17:01:13.074415,bike_78662
2025-12-11T11:01:13.693005,bike_89542
2025-12-05T11:01:11.382734,bike_88233
2025-12-11T11:01:16.251000,bike_52058
2025-12-11T11:01:06.873127,bike_43034
2025-12-11T11:01:07.630510,bike_81788
2025-12-11T05:01:12.848513,bike_46676
2025-12-11T05:01:06.011149,bike_79913
2025-12-11T11:01:12.550727,bike_45762
2025-12-11T05:01:02.451041,bike_72487
2025-12-11T11:01:06.664172,bike_69297
2025-12-11T11:01:15.553125,bike_67367
2025-12-11T11:01:10.033299,bike_86266
2025-12-11T11:01:12.550719,bike_72311
2025-12-11T11:01:11.190602,bike_74426
2025-12-11T11:01:08.164268,bike_23434
2025-12-11T11:01:06.633199,bike_76937
2025-12-11T11:01:13.011534,bike_03060
2025-12-11T11:01:16.604244,bike_20678
2025-12-10T23:01:13.717014,bike_56443
2025-12-11T11:01:11.590660,bike_88528
2025-12-11T11:01:10.671692,bike_61405
2025-12-11T11:01:16.691280,bike_80906
2025-12-11T11:01:12.484128,bike_52920
2025-12-11T11:01:17.070108,bike_70316
2025-12-11T11:01:14.031063,bike_61143
2025-12-11T11:01:09.804081,bike_62521
2025-12-05T23:01:14.331289,bike_68348
2025-12-09T05:01:11.943966,bike_76893
2025-12-11T11:01:06.544137,bike_70642
2025-12-11T11:01:14.070160,bike_89635
2025-12-11T11:01:06.770258,bike_77800
2025-11-27T18:03:44.845193,bike_51839
2025-12-11T11:01:07.084148,bike_50431
2025-12-11T11:01:13.480011,bike_88387
2025-12-11T11:01:11.573286,bike_68871
2025-12-11T11:01:08.124289,bike_89216
2025-12-11T11:01:12.430831,bike_76871
2025-12-11T11:01:06.090377,bike_78275
2025-12-11T11:01:14.670951,bike_11364
2025-12-11T11:01:06.713186,bike_52285
2025-12-11T11:01:06.624131,bike_79613
2025-12-11T11:01:10.813660,bike_71639
2025-12-11T11:01:10.944177,bike_17844
2025-12-11T11:01:13.884613,bike_76994
2025-12-11T11:01:13.604202,bike_75768
2025-12-11T11:01:09.570613,bike_10638
2025-12-11T11:01:17.052939,bike_80981
2025-12-11T11:01:09.653314,bike_86059
2025-12-11T11:01:06.744125,bike_62325
2025-12-11T05:01:10.530880,bike_56808
2025-12-11T11:01:16.504163,bike_47373
2025-12-11T11:01:15.350494,bike_45280
2025-12-11T11:01:11.244169,bike_57610
2025-12-11T11:01:14.449813,bike_24064
2025-12-11T11:01:09.604163,bike_79306
2025-12-11T11:01:13.924234,bike_85355
2025-12-11T11:01:12.764160,bike_61894
2025-12-11T05:01:05.147643,bike_89308
2025-12-11T11:01:14.170803,bike_75661
2025-12-11T11:01:16.524515,bike_16555
2025-12-11T11:01:10.451451,bike_04391
2025-12-11T11:01:06.112842,bike_72470
2025-12-08T05:01:07.806216,bike_73933
2025-12-11T11:01:11.204142,bike_47379
2025-12-11T05:01:07.167958,bike_89264
2025-12-11T11:01:16.873217,bike_42574
2025-12-11T11:01:08.573657,bike_44454
2025-11-28T17:01:12.543779,bike_02349
2025-12-11T11:01:13.884617,bike_73962
2025-12-11T11:01:15.904157,bike_20768
2025-12-11T11:01:06.513978,bike_55993
2025-12-11T11:01:12.724203,bike_09435
2025-12-11T11:01:09.244139,bike_47340
2025-12-11T11:01:08.604182,bike_02684
2025-12-11T11:01:11.090210,bike_60786
2025-12-10T17:01:07.341028,bike_45233
2025-12-11T11:01:11.312798,bike_53285
2025-12-11T11:01:08.010846,bike_50566
2025-12-11T05:01:13.411495,bike_85004
2025-12-11T11:01:12.144174,bike_20659
2025-12-11T11:01:14.193048,bike_73491
2025-12-11T11:01:08.353234,bike_08900
2025-12-11T11:01:08.764221,bike_73910
2025-12-09T11:01:11.808111,bike_63829
2025-12-04T17:01:08.622049,bike_58217
2025-12-11T11:01:08.314128,bike_70120
2025-12-11T11:01:14.234021,bike_67461
2025-12-11T11:01:06.792905,bike_60490
2025-12-11T11:01:13.170761,bike_88720
2025-12-11T11:01:14.692430,bike_58663
2025-12-11T11:01:11.992875,bike_71226
2025-12-11T11:01:11.710007,bike_89379
2025-12-11T11:01:09.644165,bike_78008
2025-12-10T23:01:07.755537,bike_59079
2025-12-11T11:01:08.870152,bike_47910
2025-12-10T23:01:06.698600,bike_63082
2025-12-11T11:01:09.631217,bike_16390
2025-12-11T05:01:09.221819,bike_69699
2025-12-11T11:01:06.304107,bike_00909
2025-12-05T17:01:12.012934,bike_50993
2025-12-11T11:01:06.784163,bike_63284
2025-12-11T11:01:11.151274,bike_44595
2025-12-11T11:01:09.984175,bike_76606
2025-12-11T05:01:07.328435,bike_47530
2025-12-11T11:01:12.404106,bike_86108
2025-12-11T11:01:06.424170,bike_18838
2025-11-30T11:01:09.365263,bike_68966
2025-12-08T17:01:05.141615,bike_61983
2025-12-06T05:01:10.636072,bike_50549
2025-12-11T11:01:06.344107,bike_75201
2025-12-11T11:01:15.793640,bike_44353
2025-12-10T23:01:10.974225,bike_78111
2025-12-11T11:01:15.404272,bike_89108
2025-12-11T11:01:16.490588,bike_81676
2025-12-11T11:01:11.244185,bike_62463
2025-12-11T11:01:14.813167,bike_73082
2025-12-11T11:01:16.914577,bike_57173
2025-12-11T11:01:06.810063,bike_42615
2025-12-11T11:01:11.303720,bike_47091
2025-12-11T11:01:15.584167,bike_02660
2025-12-11T11:01:08.473422,bike_77589
2025-12-11T11:01:08.604220,bike_43196
2025-12-11T11:01:10.693084,bike_88949
2025-12-11T11:01:15.670819,bike_62920
2025-12-11T05:01:05.741960,bike_52608
2025-12-04T17:01:06.473989,bike_79790
2025-12-11T11:01:09.813734,bike_51271
2025-12-11T11:01:11.684217,bike_21359
2025-12-11T05:01:11.902023,bike_69780
2025-12-11T11:01:15.828863,bike_20755
2025-12-11T11:01:11.550924,bike_86085
2025-12-08T11:01:05.970523,bike_52958
2025-12-11T11:01:06.971026,bike_74842
2025-12-04T17:01:13.124750,bike_72143
2025-12-11T11:01:09.993083,bike_47637
2025-12-08T17:01:07.441867,bike_46413
2025-12-11T11:01:14.013692,bike_53354
2025-12-11T11:01:14.370207,bike_42521
2025-12-11T11:01:08.764206,bike_43143
2025-12-10T05:01:02.825803,bike_69649
2025-12-11T11:01:12.073059,bike_47670
2025-12-11T11:01:11.935175,bike_76972
2025-12-11T05:01:10.521898,bike_89720
2025-12-11T11:01:12.904174,bike_60817
2025-12-11T11:01:08.090504,bike_40708
2025-12-11T11:01:09.113054,bike_43806
2025-12-11T11:01:13.044308,bike_23271
2025-12-11T11:01:14.831141,bike_15586
2025-12-11T11:01:10.104217,bike_80655
2025-12-11T11:01:15.490512,bike_34673
2025-12-11T11:01:12.364129,bike_88657
2025-12-11T05:01:02.701949,bike_75428
2025-12-11T11:01:16.730387,bike_24832
2025-12-11T11:01:15.364164,bike_80518
2025-12-11T11:01:09.444127,bike_23042
2025-12-05T11:01:13.770013,bike_69015
2025-11-30T11:01:10.466175,bike_81742
2025-12-11T11:01:06.064049,bike_72291
2025-12-11T11:01:16.664240,bike_80153
2025-12-11T11:01:07.944141,bike_20402
2025-12-11T11:01:10.131142,bike_42787
2025-12-10T23:01:10.208726,bike_61409
2025-12-11T11:01:07.744173,bike_43627
2025-12-11T11:01:08.530629,bike_85090
2025-12-11T11:01:08.191364,bike_24550
2025-12-11T11:01:05.950624,bike_19636
2025-12-11T11:01:13.480030,bike_76255
2025-12-11T11:01:08.930805,bike_08200
2025-12-11T11:01:13.170791,bike_77076
2025-12-11T11:01:09.431477,bike_03820
2025-12-11T11:01:14.104277,bike_46293
2025-12-11T11:01:06.784141,bike_77834
2025-12-11T11:01:14.853085,bike_47603
2025-12-04T11:01:12.831732,bike_71962
2025-12-11T11:01:07.230436,bike_67896
2025-12-11T11:01:12.484167,bike_56438
2025-12-11T11:01:14.370167,bike_73068
2025-12-11T11:01:11.290434,bike_44611
2025-12-11T11:01:06.424182,bike_74897
2025-12-11T11:01:09.444140,bike_77134
2025-12-11T11:01:10.531057,bike_25585
2025-12-11T11:01:16.350850,bike_50493
2025-12-11T11:01:07.645146,bike_24418
2025-12-11T05:01:09.607986,bike_09655
2025-12-11T11:01:14.224168,bike_51250
2025-12-11T11:01:09.804098,bike_77602
2025-12-11T11:01:12.131849,bike_52518
2025-12-11T11:01:11.231238,bike_73683
2025-12-11T11:01:09.804100,bike_52491
2025-12-11T11:01:14.383583,bike_55205
2025-12-11T11:01:14.193064,bike_21719
2025-12-10T05:01:03.951765,bike_05128
2025-12-11T11:01:10.944171,bike_21595
2025-12-11T11:01:15.850422,bike_67969
2025-12-11T11:01:16.810268,bike_80642
2025-12-11T11:01:13.973637,bike_81472
2025-12-11T11:01:14.712888,bike_13348
2025-12-11T11:01:16.072958,bike_77719
2025-12-11T11:01:06.033036,bike_88354
2025-12-11T11:01:09.930887,bike_72787
2025-12-11T11:01:09.570595,bike_79811
2025-12-11T11:01:16.691308,bike_20315
2025-12-11T11:01:12.284099,bike_80218
2025-12-11T11:01:11.573252,bike_44914
2025-12-11T11:01:10.113540,bike_46246
2025-12-11T11:01:07.833380,bike_05097
2025-12-11T11:01:09.904230,bike_62317
2025-12-11T11:01:09.414189,bike_16622
2025-12-04T23:01:12.998458,bike_47818
2025-12-11T11:01:10.745537,bike_03727
2025-12-11T11:01:16.131058,bike_44978
2025-12-11T11:01:11.851829,bike_08187
2025-12-11T11:01:11.173169,bike_77416
2025-12-11T11:01:07.312816,bike_74098
2025-12-11T11:01:06.485991,bike_80571
2025-12-11T11:01:16.312452,bike_88527
2025-12-11T11:01:16.350844,bike_45883
2025-12-11T11:01:14.104290,bike_70695
2025-12-11T11:01:09.090396,bike_88890
2025-12-11T11:01:15.234054,bike_51801
2025-12-11T11:01:07.792857,bike_08671
2025-12-11T11:01:10.971248,bike_17599
2025-12-11T11:01:11.190572,bike_47172
2025-12-11T11:01:09.653353,bike_08105
2025-12-11T11:01:10.284215,bike_76590
2025-12-11T05:01:08.821969,bike_81183
2025-12-11T11:01:07.550571,bike_34001
2025-12-06T11:01:03.340154,bike_52776
2025-12-11T11:01:06.553031,bike_62872
2025-12-11T11:01:14.353148,bike_00576
2025-12-11T11:01:16.224229,bike_01392
2025-12-11T11:01:09.764172,bike_80757
2025-12-11T11:01:12.564178,bike_46838
2025-12-11T11:01:10.243532,bike_45827
2025-12-11T11:01:11.432875,bike_61736
2025-12-11T11:01:10.745480,bike_67620
2025-12-08T17:01:11.385615,bike_77296
2025-12-11T11:01:16.824157,bike_77553
2025-12-11T11:01:12.253279,bike_43360
2025-12-11T11:01:14.091681,bike_51358
2025-12-11T11:01:13.071819,bike_69718
2025-12-04T05:01:10.592026,bike_02938
2025-12-11T11:01:13.244229,bike_80234
2025-12-11T11:01:14.310061,bike_73964
2025-12-11T11:01:15.233981,bike_47097
2025-12-11T11:01:12.270406,bike_43859
2025-12-08T23:01:12.786320,bike_70888
2025-12-11T05:01:08.808142,bike_47952
2025-12-11T05:01:12.285945,bike_82272
2025-12-11T05:01:08.038228,bike_22297
2025-12-11T11:01:07.824106,bike_69285
2025-12-11T11:01:09.904187,bike_17610
2025-12-11T11:01:10.909071,bike_73025
2025-12-11T11:01:07.591445,bike_78797
2025-12-11T11:01:13.951928,bike_57085
2025-12-11T11:01:15.764262,bike_73839
2025-12-11T11:01:13.413590,bike_46553
2025-12-11T11:01:07.654506,bike_75943
2025-12-11T11:01:08.251495,bike_72697
2025-12-11T11:01:09.993064,bike_44425
2025-12-11T11:01:06.633167,bike_77273
2025-12-11T11:01:07.872942,bike_03733
2025-12-11T11:01:05.924280,bike_72549
2025-12-11T11:01:07.550587,bike_78320
2025-12-11T11:01:14.670876,bike_03566
2025-12-11T11:01:12.773588,bike_67645
2025-12-11T11:01:06.993191,bike_00534
2025-12-11T11:01:16.051139,bike_50262
2025-12-11T05:01:03.221969,bike_63591
2025-12-11T11:01:08.711654,bike_47604
2025-12-11T11:01:12.372964,bike_78753
2025-12-11T11:01:07.630507,bike_52532
2025-12-11T11:01:16.453652,bike_01387
2025-12-11T11:01:11.244196,bike_74281
2025-12-11T11:01:14.683448,bike_75146
2025-12-11T11:01:09.613375,bike_50408
2025-12-11T11:01:13.211207,bike_78648
2025-12-09T17:01:05.804631,bike_16660
2025-12-11T05:01:03.352186,bike_03833
2025-12-11T11:01:07.344186,bike_42841
2025-12-11T11:01:07.204149,bike_50276
2025-12-11T11:01:06.673467,bike_24718
2025-12-11T11:01:07.252805,bike_03790
2025-12-11T05:01:09.901971,bike_75332
2025-12-11T11:01:12.024207,bike_74594
2025-12-11T11:01:07.725005,bike_45014
2025-12-11T11:01:07.510720,bike_26978
2025-12-11T11:01:08.984219,bike_08124
2025-12-11T11:01:14.193056,bike_58870
2025-12-11T11:01:11.864183,bike_81068
2025-12-11T11:01:14.113478,bike_70244
2025-12-07T11:01:08.415849,bike_44690
2025-12-11T11:01:11.769796,bike_89404
2025-12-11T11:01:15.711626,bike_22062
2025-12-11T11:01:11.590639,bike_77406
2025-12-11T11:01:15.033705,bike_63954
2025-12-11T11:01:09.653350,bike_72761
2025-12-11T11:01:10.544233,bike_70272
2025-12-11T11:01:14.730600,bike_06962
2025-12-11T11:01:11.692817,bike_22548
2025-12-11T11:01:09.444099,bike_81130
2025-12-11T11:01:13.711209,bike_52464
2025-12-11T05:01:09.027698,bike_72292
2025-12-11T11:01:13.284238,bike_18107
2025-12-11T11:01:14.584177,bike_17516
2025-12-06T11:01:08.051734,bike_74643
2025-12-11T11:01:11.090194,bike_61976
2025-12-11T11:01:07.771116,bike_67471
2025-12-11T11:01:14.649886,bike_71911
2025-12-11T11:01:05.950611,bike_78548
2025-12-11T11:01:14.491308,bike_22183
2025-12-11T11:01:14.870459,bike_19753
2025-12-11T11:01:06.010700,bike_46665
2025-12-11T11:01:06.850027,bike_55021
2025-12-11T11:01:12.524168,bike_57143
2025-12-11T05:01:05.010991,bike_89746
2025-12-11T11:01:07.744203,bike_67665
2025-12-11T11:01:08.604217,bike_73477
2025-12-11T11:01:11.524179,bike_23447
2025-12-11T11:01:08.812912,bike_44558
2025-12-11T11:01:10.764081,bike_72811
2025-12-11T11:01:07.479581,bike_44526
2025-12-11T11:01:10.010318,bike_67107
2025-12-11T11:01:10.333422,bike_63307
2025-12-11T11:01:14.324211,bike_79214
2025-12-11T11:01:10.873362,bike_76299
2025-11-29T11:01:10.236038,bike_04139
2025-12-11T11:01:11.204124,bike_75557
2025-12-11T11:01:15.264291,bike_42634
2025-12-07T17:01:11.176353,bike_69039
2025-12-11T11:01:14.353198,bike_46526
2025-12-11T11:01:14.344225,bike_73151
2025-12-11T11:01:13.744200,bike_77241
2025-12-11T11:01:12.164148,bike_81107
2025-12-11T11:01:07.564067,bike_44125
2025-12-11T11:01:09.544203,bike_44679
2025-12-10T11:01:07.929721,bike_75324
2025-12-11T11:01:10.653326,bike_69227
2025-12-11T11:01:07.213089,bike_72521
2025-12-11T11:01:10.024117,bike_44355
2025-12-11T11:01:16.481060,bike_82856
2025-12-11T11:01:13.404233,bike_51915
2025-12-08T11:01:06.913926,bike_71120
2025-12-11T11:01:15.490550,bike_61495
2025-12-11T11:01:09.512826,bike_42691
2025-12-11T11:01:15.413319,bike_75800
2025-12-11T11:01:15.684210,bike_44867
2025-12-11T05:01:02.602020,bike_47804
2025-12-11T05:01:09.470928,bike_80334
2025-12-11T05:01:08.708310,bike_20401
2025-12-11T05:01:06.561912,bike_69118
2025-12-11T11:01:06.433347,bike_72356
2025-12-11T11:01:11.164225,bike_15660
2025-12-11T11:01:11.353171,bike_88496
2025-12-11T11:01:15.192935,bike_21275
2025-12-11T05:01:08.010429,bike_62150
2025-12-11T11:01:10.971241,bike_03485
2025-12-11T11:01:08.204373,bike_76565
2025-12-11T11:01:14.764184,bike_17806
2025-12-11T11:01:11.024158,bike_44504
2025-12-11T11:01:09.492646,bike_52772
2025-12-10T11:01:08.293389,bike_06202
2025-12-11T11:01:15.733441,bike_25843
2025-12-11T05:01:12.721932,bike_23754
2025-12-10T05:01:04.491728,bike_79809
2025-12-11T11:01:17.009696,bike_67842
2025-12-11T11:01:14.744182,bike_80548
2025-12-11T11:01:13.530656,bike_77497
2025-12-11T11:01:09.570577,bike_69002
2025-12-11T11:01:08.944123,bike_46848
2025-12-11T11:01:17.044197,bike_44297
2025-12-11T11:01:14.144206,bike_53211
2025-12-11T11:01:09.470444,bike_19945
2025-12-11T11:01:15.090079,bike_46420
2025-12-11T11:01:12.413422,bike_70963
2025-12-09T23:01:10.643023,bike_16154
2025-12-11T05:01:07.989215,bike_89637
2025-12-11T11:01:15.430693,bike_05319
2025-12-11T11:01:14.984237,bike_73880
2025-12-04T17:01:07.064688,bike_11765
2025-12-11T11:01:10.909043,bike_68911
2025-12-11T11:01:06.704171,bike_80185
2025-12-11T11:01:06.849988,bike_77402
2025-12-11T11:01:09.804054,bike_81633
2025-12-11T11:01:07.550533,bike_56724
2025-12-10T11:01:04.159576,bike_45277
2025-12-11T11:01:07.550543,bike_70054
2025-12-11T11:01:06.633177,bike_50421
2025-12-11T11:01:07.930236,bike_50150
2025-12-11T11:01:15.530752,bike_58880
2025-12-11T11:01:09.750252,bike_57774
2025-12-11T11:01:15.114033,bike_75685
2025-12-11T11:01:13.753346,bike_78701
2025-12-11T11:01:16.072996,bike_70985
2025-12-11T11:01:08.232203,bike_18732
2025-12-11T11:01:15.890037,bike_21008
2025-12-11T11:01:08.870193,bike_81150
2025-12-07T17:01:10.167546,bike_26385
2025-12-11T11:01:11.213466,bike_62030
2025-12-11T11:01:12.292650,bike_81497
2025-12-11T11:01:07.890144,bike_80885
2025-12-06T23:01:12.804959,bike_42984
2025-12-11T11:01:16.393115,bike_52964
2025-12-11T11:01:16.090157,bike_89907
2025-12-11T11:01:07.510754,bike_44701
2025-12-11T11:01:12.484157,bike_78870
2025-12-11T11:01:15.504167,bike_07538
2025-12-11T11:01:06.744093,bike_73888
2025-12-11T11:01:12.270433,bike_57369
2025-11-28T17:01:11.723855,bike_09702
2025-12-11T11:01:16.299278,bike_77349
2025-12-11T11:01:09.344217,bike_80043
2025-12-11T11:01:16.312510,bike_75007
2025-12-11T11:01:15.251775,bike_57630
2025-12-11T11:01:07.771093,bike_75474
2025-12-11T11:01:15.750660,bike_80262
2025-12-11T11:01:13.875642,bike_44635
2025-12-11T11:01:16.153413,bike_10697
2025-12-01T17:01:13.704490,bike_72938
2025-12-11T05:01:10.188939,bike_68105
2025-12-11T11:01:06.104072,bike_82809
2025-12-11T11:01:08.241854,bike_73150
2025-12-11T11:01:12.492696,bike_81810
2025-12-11T11:01:09.104175,bike_74672
2025-12-11T11:01:09.791098,bike_13347
2025-12-11T11:01:13.084339,bike_71358
2025-12-11T11:01:08.830061,bike_43157
2025-12-11T11:01:15.859230,bike_89392
2025-11-29T11:01:12.747193,bike_52738
2025-12-02T11:01:05.144915,bike_78649
2025-12-11T11:01:14.853080,bike_07741
2025-12-11T11:01:10.270426,bike_58229
2025-12-11T11:01:05.984197,bike_75546
2025-12-11T11:01:06.584149,bike_15266
2025-12-11T11:01:16.224213,bike_68939
2025-12-11T11:01:11.984153,bike_72573
2025-12-11T11:01:08.133297,bike_43492
2025-12-11T11:01:08.870198,bike_78331
2025-12-11T11:01:07.424157,bike_45900
2025-12-11T11:01:13.904148,bike_43239
2025-12-11T11:01:09.653367,bike_79024
2025-12-11T11:01:09.512797,bike_76430
2025-12-11T11:01:14.632763,bike_47783
2025-12-11T11:01:06.592743,bike_46424
2025-12-11T11:01:13.951931,bike_52351
2025-12-11T11:01:08.732910,bike_89548
2025-12-11T11:01:11.935191,bike_75232
2025-12-11T11:01:15.051000,bike_44450
2025-12-10T23:01:11.836314,bike_19466
2025-12-11T05:01:03.896747,bike_78077
2025-12-09T17:01:06.318708,bike_21314
2025-12-11T11:01:16.792858,bike_81778
2025-12-11T11:01:12.564173,bike_85071
2025-12-11T11:01:12.953315,bike_51025
2025-12-11T11:01:16.769760,bike_55416
2025-12-03T17:01:05.114163,bike_60088
2025-12-11T11:01:16.673447,bike_60060
2025-12-11T11:01:15.273263,bike_03331
2025-12-11T11:01:15.311910,bike_86012
2025-12-11T11:01:08.133273,bike_53251
2025-12-11T11:01:15.224177,bike_03692
2025-12-11T11:01:14.649868,bike_89531
2025-12-11T11:01:16.630924,bike_17259
2025-12-03T11:01:05.057639,bike_11013
2025-12-10T11:01:11.435263,bike_05141
2025-12-04T23:01:11.831671,bike_75105
2025-12-10T23:01:10.196783,bike_74849
2025-12-11T11:01:14.130693,bike_08214
2025-12-11T11:01:15.504191,bike_42510
2025-12-11T11:01:07.824141,bike_43543
2025-12-11T11:01:13.470866,bike_52601
2025-11-30T11:01:05.628720,bike_16618
2025-12-11T11:01:16.072963,bike_85122
2025-12-11T11:01:09.492613,bike_76647
2025-12-11T11:01:08.010819,bike_75170
2025-12-11T05:01:09.488358,bike_85410
2025-12-11T11:01:16.051170,bike_85073
2025-12-11T11:01:14.113501,bike_10874
2025-12-11T11:01:08.392830,bike_68516
2025-12-11T11:01:09.953277,bike_42696
2025-12-11T11:01:16.944220,bike_77014
2025-12-11T11:01:16.424284,bike_12462
2025-12-11T11:01:10.413569,bike_67525
2025-12-11T11:01:08.332019,bike_82216
2025-12-11T11:01:16.713053,bike_89346
2025-12-11T11:01:12.550735,bike_80208
2025-12-08T11:01:04.091256,bike_47465
2025-12-11T11:01:12.492683,bike_89375
2025-12-11T11:01:11.410577,bike_51198
2025-12-11T11:01:07.984200,bike_17056
2025-12-11T11:01:10.433548,bike_11823
2025-12-11T11:01:15.413308,bike_77867
2025-12-11T11:01:13.413568,bike_03037
2025-12-11T11:01:09.193139,bike_74002
2025-12-11T11:01:09.314445,bike_17044
2025-12-11T11:01:11.778497,bike_07459
2025-12-11T11:01:14.993591,bike_44410
2025-12-11T11:01:10.464185,bike_19561
2025-12-11T11:01:11.778459,bike_52919
2025-12-11T11:01:12.453828,bike_17958
2025-12-11T11:01:09.210593,bike_51743
2025-12-11T11:01:15.144148,bike_46330
2025-12-11T11:01:06.792915,bike_60549
2025-12-10T23:01:07.379088,bike_70566
2025-12-11T11:01:11.370616,bike_50211
2025-12-11T11:01:06.270278,bike_45592
2025-12-11T11:01:09.244189,bike_52486
2025-12-11T11:01:09.844185,bike_52450
2025-12-11T11:01:12.372912,bike_89318
2025-12-11T11:01:10.745524,bike_24704
2025-12-11T11:01:10.373274,bike_60879
2025-12-11T11:01:15.544171,bike_62833
2025-12-11T11:01:14.624161,bike_10345
2025-12-11T11:01:11.953222,bike_17325
2025-12-03T05:01:10.885181,bike_61001
2025-12-11T11:01:09.644182,bike_81215
2025-12-11T11:01:11.670296,bike_19679
2025-12-11T11:01:10.953306,bike_85464
2025-12-11T11:01:08.241870,bike_56568
2025-12-11T11:01:10.252950,bike_51588
2025-12-11T11:01:08.653089,bike_73863
2025-12-11T11:01:15.890056,bike_73244
2025-12-11T05:01:07.728383,bike_68896
2025-12-11T11:01:15.051046,bike_82212
2025-12-11T11:01:11.231288,bike_43928
2025-12-11T11:01:07.753783,bike_08052
2025-12-11T11:01:10.944183,bike_86087
2025-12-11T11:01:07.344227,bike_07291
2025-12-11T11:01:09.953257,bike_52595
2025-12-11T11:01:13.604214,bike_76491
2025-12-11T11:01:10.131137,bike_78575
2025-12-11T11:01:06.810094,bike_07618
2025-12-11T11:01:13.934230,bike_85102
2025-12-11T11:01:12.413439,bike_88059
2025-12-11T11:01:08.804128,bike_13220
2025-12-11T11:01:16.104151,bike_01685
2025-12-11T11:01:07.510746,bike_21357
2025-12-11T11:01:15.553128,bike_07146
2025-12-11T11:01:07.432949,bike_88917
2025-12-11T05:01:13.001922,bike_88975
2025-12-11T11:01:12.284115,bike_77201
2025-12-11T11:01:13.193716,bike_16135
2025-12-11T11:01:06.504333,bike_89930
2025-12-11T11:01:15.530781,bike_77527
2025-12-11T11:01:08.344217,bike_55362
2025-12-11T11:01:07.744201,bike_16942
2025-12-11T11:01:06.371575,bike_79550
2025-12-11T11:01:17.009728,bike_50217
2025-12-11T11:01:13.470822,bike_80030
2025-12-11T11:01:08.451050,bike_51463
2025-12-11T11:01:12.629936,bike_70801
2025-12-11T11:01:15.530784,bike_85069
2025-12-11T11:01:05.950621,bike_47145
2025-12-11T11:01:13.404226,bike_02822
2025-12-11T11:01:07.479570,bike_44226
2025-12-11T11:01:16.713058,bike_57197
2025-12-11T11:01:10.073762,bike_08772
2025-12-11T11:01:14.624134,bike_46925
2025-12-11T11:01:06.609802,bike_26389
2025-12-10T23:01:05.778866,bike_88231
2025-12-11T11:01:14.649849,bike_50476
2025-12-11T11:01:06.832958,bike_80315
2025-12-11T11:01:12.309964,bike_75157
2025-12-11T11:01:12.050637,bike_47800
2025-12-11T11:01:06.650564,bike_76237
2025-12-11T11:01:08.464244,bike_80829
2025-12-04T23:01:04.458587,bike_71710
2025-12-10T23:01:14.238009,bike_46187
2025-12-11T11:01:08.064200,bike_24799
2025-12-10T23:01:05.815308,bike_73820
2025-12-11T11:01:06.329854,bike_71013
2025-12-11T11:01:09.853195,bike_73238
2025-12-11T11:01:15.913148,bike_20386
2025-12-05T17:01:09.833402,bike_75565
2025-12-11T11:01:14.910386,bike_20842
2025-12-11T11:01:12.944253,bike_47034
2025-12-11T05:01:12.848518,bike_76260
2025-12-11T11:01:10.531059,bike_24486
2025-12-11T11:01:09.444088,bike_79899
2025-12-08T17:01:04.165163,bike_26327
2025-12-11T11:01:10.064197,bike_43017
2025-12-11T11:01:12.724151,bike_34003
2025-12-05T11:01:05.650464,bike_78471
2025-12-11T11:01:10.464150,bike_89004
2025-12-11T11:01:07.890108,bike_78112
2025-12-11T11:01:13.511631,bike_60520
2025-12-11T11:01:17.052908,bike_89481
2025-12-02T23:01:08.054644,bike_78207
2025-12-11T11:01:07.365435,bike_53344
2025-12-11T11:01:09.613362,bike_55170
2025-12-11T11:01:09.232420,bike_51183
2025-12-11T11:01:13.904161,bike_81478
2025-11-28T05:01:33.570180,bike_47557
2025-12-11T11:01:14.044201,bike_50418
2025-12-11T11:01:08.670602,bike_09059
2025-12-11T11:01:10.984821,bike_24452
2025-12-11T11:01:12.629941,bike_20789
2025-12-11T11:01:13.224204,bike_63726
2025-12-11T11:01:11.564075,bike_70021
2025-12-11T11:01:15.513260,bike_75828
2025-12-11T11:01:10.033302,bike_26979
2025-12-11T11:01:16.010668,bike_88157
2025-12-11T05:01:12.307912,bike_10430
2025-12-11T05:01:09.848690,bike_69302
2025-12-11T11:01:16.644272,bike_25288
2025-12-11T11:01:07.993156,bike_80006
2025-12-11T11:01:12.693005,bike_70136
2025-12-11T11:01:09.370854,bike_74763
2025-12-08T23:01:04.743991,bike_60387
2025-12-11T11:01:11.124126,bike_62958
2025-12-11T05:01:09.502023,bike_44322
2025-12-10T23:01:05.044735,bike_62393
2025-12-11T11:01:07.204204,bike_52897
2025-12-11T11:01:06.904238,bike_78220
2025-12-11T11:01:10.653351,bike_11108
2025-12-11T05:01:10.571059,bike_47237
2025-12-11T11:01:07.270103,bike_20644
2025-12-01T23:01:06.573801,bike_81483
2025-12-11T11:01:10.144366,bike_78861
2025-12-11T11:01:09.953294,bike_46763
2025-12-11T11:01:10.212954,bike_44598
2025-12-06T11:01:06.360778,bike_75752
2025-12-07T23:01:05.461711,bike_73622
2025-12-11T11:01:08.491046,bike_72459
2025-12-11T11:01:16.051136,bike_19528
2025-12-11T11:01:14.831192,bike_07466
2025-12-04T05:01:05.970356,bike_59089
2025-12-11T11:01:12.253289,bike_78625
2025-12-11T11:01:11.133322,bike_45255
2025-12-11T05:01:08.501873,bike_45753
2025-12-11T05:01:03.781879,bike_51193
2025-12-11T11:01:15.693754,bike_69722
2025-12-11T11:01:10.324219,bike_70483
2025-12-11T11:01:12.629915,bike_72721
2025-12-11T11:01:16.824139,bike_46154
2025-12-09T23:01:06.083011,bike_63134
2025-12-11T11:01:15.693698,bike_44594
2025-12-11T11:01:07.053457,bike_67852
2025-12-10T23:01:12.085726,bike_89212
2025-12-11T11:01:06.371557,bike_89193
2025-12-11T11:01:06.410680,bike_45132
2025-12-11T11:01:12.593639,bike_53162
2025-12-11T05:01:07.368159,bike_73294
2025-12-11T11:01:10.844194,bike_73498
2025-12-11T11:01:07.011111,bike_85117
2025-12-11T11:01:13.753377,bike_80420
2025-12-10T23:01:09.248804,bike_79136
2025-12-11T11:01:10.324188,bike_72515
2025-11-28T17:01:12.745919,bike_88337
2025-12-11T11:01:07.684126,bike_88627
2025-12-11T11:01:10.451437,bike_70354
2025-12-11T11:01:10.164161,bike_70122
2025-12-11T11:01:12.114182,bike_51593
2025-12-11T11:01:07.792852,bike_46367
2025-12-08T17:01:12.105847,bike_85346
2025-12-11T11:01:07.784040,bike_19810
2025-12-11T11:01:15.184212,bike_89077
2025-12-05T17:01:12.981751,bike_57868
2025-12-11T11:01:11.050816,bike_67715
2025-12-11T05:01:12.661938,bike_44463
2025-12-11T11:01:15.544159,bike_72639
2025-12-11T11:01:08.764229,bike_20427
2025-12-11T11:01:08.173759,bike_17962
2025-12-11T11:01:13.224206,bike_43079
2025-12-11T11:01:13.489460,bike_23981
2025-12-11T05:01:08.289502,bike_50727
2025-12-11T11:01:13.904173,bike_68310
2025-12-11T11:01:07.230451,bike_74500
2025-12-11T11:01:06.971023,bike_17222
2025-12-11T11:01:13.631195,bike_51560
2025-12-09T17:01:13.626243,bike_14335
2025-12-11T11:01:13.991225,bike_78025
2025-12-11T11:01:12.064151,bike_50174
2025-12-11T11:01:16.864293,bike_51316
2025-12-11T11:01:13.271544,bike_43040
2025-12-11T11:01:12.033543,bike_80803
2025-12-11T11:01:07.630482,bike_23465
2025-12-11T11:01:16.324159,bike_55958
2025-12-11T11:01:07.591419,bike_61412
2025-12-11T11:01:12.890628,bike_44490
2025-12-11T11:01:15.693752,bike_01872
2025-12-11T11:01:15.404234,bike_00572
2025-12-11T11:01:10.790848,bike_50454
2025-12-11T11:01:10.284191,bike_09545
2025-12-11T11:01:09.644190,bike_67404
2025-12-11T11:01:13.572010,bike_24793
2025-12-11T11:01:08.812880,bike_43896
2025-11-29T23:01:14.223478,bike_68558
2025-12-11T11:01:11.613493,bike_69647
2025-12-11T11:01:14.764196,bike_45433
2025-12-11T11:01:15.390290,bike_67417
2025-12-10T11:01:02.318404,bike_74798
2025-12-11T11:01:16.312505,bike_89407
2025-12-11T11:01:14.004240,bike_81889
2025-12-11T11:01:11.984155,bike_72702
2025-12-11T11:01:09.184186,bike_43365
2025-12-11T05:01:02.323613,bike_80170
2025-12-11T11:01:15.010879,bike_61047
2025-12-11T11:01:11.670319,bike_10468
2025-12-11T11:01:12.404164,bike_88970
2025-12-11T11:01:05.914805,bike_15161
2025-12-11T11:01:14.193059,bike_69579
2025-12-11T11:01:10.531051,bike_46938
2025-12-11T11:01:06.650554,bike_75712
2025-12-01T11:01:08.477280,bike_60793
2025-12-11T11:01:16.350875,bike_26384
2025-12-11T11:01:09.444086,bike_88961
2025-12-11T11:01:09.193079,bike_80559
2025-12-11T11:01:11.644180,bike_62388
2025-12-11T11:01:14.409956,bike_77689
2025-12-11T11:01:12.204163,bike_86052
2025-12-11T11:01:08.204346,bike_42786
2025-12-08T17:01:05.725189,bike_09419
2025-12-11T11:01:14.300699,bike_86067
2025-12-11T05:01:03.171046,bike_70155
2025-12-11T11:01:14.264255,bike_03078
2025-12-11T11:01:06.433331,bike_16659
2025-12-11T05:01:08.047046,bike_52954
2025-12-11T11:01:08.164271,bike_24494
2025-12-11T11:01:08.711651,bike_75901
2025-12-11T11:01:08.913064,bike_15248
2025-12-11T11:01:11.630852,bike_44643
2025-12-11T11:01:14.424194,bike_82801
2025-12-11T11:01:06.024194,bike_82208
2025-12-10T17:01:00.891746,bike_23086
2025-12-11T11:01:11.173152,bike_88396
2025-12-10T11:01:06.013522,bike_79837
2025-12-11T11:01:08.791195,bike_61463
2025-12-11T05:01:12.562027,bike_80876
2025-12-11T11:01:08.064208,bike_73945
2025-12-11T11:01:13.724264,bike_21089
2025-12-10T05:01:10.183331,bike_89501
2025-12-11T11:01:14.649873,bike_45144
2025-12-11T11:01:07.833385,bike_20067
2025-12-11T11:01:13.184325,bike_89861
2025-12-11T11:01:15.953187,bike_89984
2025-11-28T17:01:05.326702,bike_03789
2025-12-11T11:01:10.294066,bike_10429
2025-12-11T11:01:15.653296,bike_81882
2025-12-11T11:01:16.704241,bike_16858
2025-12-09T17:01:10.951100,bike_85347
2025-12-11T11:01:08.684223,bike_45560
2025-12-07T17:01:10.575966,bike_46043
2025-12-11T11:01:14.031052,bike_17680
2025-12-11T11:01:12.309994,bike_88774
2025-12-11T11:01:06.477079,bike_78894
2025-12-11T11:01:13.071781,bike_69198
2025-12-11T11:01:07.365390,bike_18048
2025-12-11T11:01:12.333255,bike_80926
2025-12-11T11:01:13.951906,bike_77017
2025-12-11T11:01:07.411152,bike_45581
2025-12-11T11:01:12.073030,bike_81200
2025-12-11T11:01:12.292702,bike_58635
2025-12-11T11:01:08.944105,bike_12092
2025-12-11T11:01:09.073168,bike_70723
2025-12-10T17:01:01.986140,bike_75438
2025-12-11T11:01:12.751721,bike_77751
2025-12-11T11:01:16.272665,bike_63338
2025-12-01T23:01:09.548788,bike_79878
2025-12-11T11:01:12.492708,bike_44006
2025-12-11T11:01:14.409929,bike_89884
2025-12-11T11:01:15.251769,bike_61138
2025-12-11T11:01:11.392909,bike_71501
2025-12-11T11:01:15.490523,bike_80074
2025-12-11T05:01:12.350379,bike_79553
2025-11-29T23:01:12.391888,bike_76617
2025-12-11T11:01:12.364121,bike_44720
2025-12-11T05:01:08.289525,bike_89124
2025-12-11T11:01:11.524215,bike_44930
2025-12-11T11:01:14.070186,bike_77420
2025-12-11T11:01:14.409949,bike_56557
2025-12-03T11:01:12.409160,bike_47437
2025-12-11T05:01:11.888517,bike_68514
2025-12-11T11:01:11.692784,bike_88699
2025-12-11T11:01:06.553054,bike_88956
2025-12-10T11:01:06.626909,bike_56640
2025-12-11T11:01:07.304160,bike_62661
2025-12-11T11:01:08.304278,bike_78322
2025-12-11T11:01:07.533042,bike_89869
2025-12-11T11:01:07.204199,bike_21910
2025-12-11T11:01:15.820025,bike_44552
2025-12-11T11:01:10.844142,bike_67114
2025-12-11T11:01:12.644123,bike_73813
2025-12-11T11:01:08.630095,bike_70581
2025-12-11T11:01:09.414217,bike_43635
2025-12-11T11:01:16.064196,bike_47262
2025-12-11T11:01:11.970360,bike_41790
2025-12-11T11:01:16.964217,bike_63145
2025-12-11T11:01:07.904151,bike_42871
2025-12-11T11:01:13.093575,bike_09321
2025-12-11T11:01:13.170782,bike_69091
2025-12-11T11:01:13.224174,bike_61700
2025-12-11T11:01:07.344181,bike_47908
2025-12-11T11:01:12.773617,bike_73699
2025-12-11T11:01:07.784017,bike_47271
2025-12-02T17:01:07.534774,bike_30260
2025-12-11T11:01:08.844161,bike_61356
2025-12-11T11:01:11.244161,bike_78631
2025-12-11T11:01:16.324197,bike_79015
2025-12-09T17:01:10.712503,bike_85209
2025-12-11T11:01:15.993462,bike_18498
2025-12-11T11:01:14.884291,bike_62665
2025-12-11T11:01:09.993138,bike_51796
2025-12-11T11:01:10.243570,bike_43992
2025-12-08T23:01:15.157713,bike_62695
2025-12-11T11:01:14.624137,bike_03089
2025-12-09T17:01:11.698749,bike_34456
2025-12-11T11:01:07.952859,bike_50267
2025-12-11T05:01:08.489148,bike_73590
2025-12-11T11:01:10.724171,bike_76042
2025-12-11T11:01:13.964196,bike_56267
2025-12-03T23:01:08.531226,bike_43655
2025-11-28T17:01:09.123224,bike_62638
2025-12-11T05:01:06.601880,bike_80323
2025-12-11T11:01:14.432787,bike_20356
2025-12-11T05:01:05.169011,bike_75218
2025-12-11T11:01:07.970161,bike_85206
2025-12-11T11:01:07.984165,bike_44040
2025-12-11T11:01:07.510773,bike_68382
2025-12-11T11:01:15.473192,bike_00266
2025-12-11T05:01:13.670835,bike_68060
2025-12-11T11:01:16.332963,bike_67258
2025-12-11T11:01:11.113321,bike_85193
2025-12-11T05:01:12.562013,bike_68700
2025-12-11T05:01:06.981965,bike_56160
2025-12-11T11:01:05.844050,bike_57284
2025-12-11T11:01:06.329833,bike_23021
2025-12-11T11:01:13.071810,bike_79566
2025-12-11T11:01:06.249238,bike_47584
2025-12-11T11:01:09.010455,bike_63089
2025-12-11T11:01:12.873221,bike_61256
2025-12-11T05:01:09.581933,bike_55746
2025-12-11T11:01:16.433511,bike_79079
2025-12-11T11:01:11.033581,bike_05946
2025-12-11T11:01:10.204087,bike_20422
2025-12-11T11:01:12.764173,bike_52890
2025-12-11T11:01:11.384143,bike_52806
2025-12-11T11:01:09.724114,bike_71776
2025-12-11T11:01:14.044158,bike_50422
2025-12-11T11:01:07.744210,bike_77988
2025-12-11T11:01:06.984191,bike_20507
2025-12-11T11:01:10.513497,bike_51356
2025-12-11T11:01:06.270305,bike_52045
2025-12-11T11:01:15.653345,bike_30274
2025-12-11T11:01:07.312808,bike_82584
2025-12-11T05:01:06.107618,bike_76000
2025-12-05T23:01:09.299830,bike_60401
2025-12-01T05:01:12.593782,bike_81458
2025-12-11T11:01:11.724163,bike_21829
2025-12-11T11:01:10.593114,bike_51256
2025-12-11T11:01:12.971209,bike_58283
2025-12-11T11:01:13.613433,bike_67983
2025-12-11T11:01:15.850397,bike_80751
2025-12-11T11:01:12.573677,bike_46792
2025-12-11T11:01:10.351157,bike_17768
2025-12-11T11:01:10.593090,bike_61811
2025-12-06T11:01:09.197647,bike_75954
2025-12-11T11:01:10.864149,bike_46934
2025-12-11T05:01:12.769891,bike_46942
2025-11-30T11:01:12.148228,bike_88952
2025-12-11T11:01:13.511658,bike_45107
2025-12-11T11:01:09.353493,bike_81032
2025-12-11T11:01:05.933191,bike_78486
2025-12-09T17:01:13.788088,bike_78719
2025-12-11T11:01:17.000072,bike_46825
2025-12-11T11:01:15.944181,bike_80772
2025-12-11T11:01:07.672418,bike_75013
2025-12-09T17:01:07.027815,bike_71876
2025-11-28T11:01:36.963728,bike_55889
2025-12-11T11:01:16.504218,bike_07693
2025-12-11T11:01:12.773583,bike_62915
2025-12-11T05:01:03.896732,bike_79301
2025-12-11T11:01:11.744169,bike_43857
2025-12-09T05:01:08.177627,bike_47954
2025-12-11T11:01:15.872719,bike_89837
2025-12-11T11:01:06.531266,bike_50400
2025-12-11T05:01:04.851867,bike_06682
2025-12-11T11:01:13.693055,bike_45508
2025-12-10T05:01:09.271626,bike_43875
2025-12-11T11:01:10.724111,bike_53028
2025-12-11T11:01:06.393102,bike_50198
2025-12-11T11:01:15.784209,bike_52641
2025-12-11T11:01:13.312228,bike_60152
2025-12-11T11:01:16.424295,bike_69571
2025-12-11T11:01:12.104906,bike_61432
2025-12-11T11:01:09.750278,bike_73114
2025-12-11T11:01:15.644153,bike_89773
2025-12-11T11:01:15.024160,bike_21525
2025-12-11T11:01:07.356444,bike_43898
2025-12-11T11:01:14.070188,bike_68408
2025-12-11T11:01:15.610651,bike_22091
2025-12-03T17:01:12.212222,bike_05397
2025-12-11T11:01:15.104211,bike_69354
2025-12-11T11:01:15.290818,bike_74381
2025-12-11T11:01:07.365461,bike_71102
2025-12-11T11:01:06.873110,bike_47396
2025-12-11T05:01:12.227973,bike_48073
2025-12-11T11:01:08.064213,bike_74992
2025-12-11T11:01:13.011513,bike_25120
2025-11-29T11:01:14.036145,bike_46530
2025-12-11T11:01:16.873253,bike_85154
2025-12-11T11:01:16.290100,bike_07776
2025-12-11T11:01:07.173342,bike_56023
2025-12-11T11:01:06.384156,bike_43622
2025-12-11T11:01:09.544197,bike_52175
2025-12-11T11:01:15.311871,bike_85050
2025-12-11T11:01:09.232423,bike_52256
2025-12-11T11:01:14.744179,bike_16670
2025-12-11T11:01:07.150169,bike_09703
2025-12-11T11:01:14.712918,bike_43953
2025-12-11T11:01:13.071792,bike_82876
2025-12-11T11:01:08.630102,bike_63741
2025-12-07T17:01:08.987452,bike_79234
2025-12-11T11:01:10.212939,bike_56494
2025-12-11T11:01:16.752828,bike_52568
2025-12-11T11:01:15.224221,bike_02194
2025-12-11T11:01:11.190567,bike_69495
2025-12-11T11:01:07.252787,bike_78401
2025-12-11T11:01:11.432904,bike_74302
2025-12-11T11:01:11.573267,bike_57204
2025-12-11T11:01:09.553283,bike_67988
2025-12-11T11:01:11.684161,bike_71387
2025-12-11T11:01:14.013689,bike_56768
2025-12-11T11:01:15.224174,bike_88025
2025-12-11T11:01:13.631219,bike_50902
2025-12-11T11:01:12.993642,bike_60858
2025-12-03T23:01:06.539913,bike_88843
2025-12-11T11:01:12.564214,bike_85043
2025-12-11T11:01:15.944188,bike_16270
2025-12-11T11:01:08.424308,bike_80084
2025-12-11T11:01:08.830055,bike_61748
2025-12-11T11:01:13.544187,bike_24767
2025-12-11T11:01:08.693245,bike_89551
2025-12-11T11:01:10.684149,bike_44258
2025-12-11T11:01:15.473245,bike_80524
2025-12-11T11:01:08.433344,bike_20809
2025-12-11T11:01:10.984826,bike_89653
2025-12-11T11:01:11.769841,bike_53135
2025-12-11T11:01:09.273360,bike_50749
2025-12-11T05:01:09.541925,bike_89416
2025-12-11T11:01:12.524185,bike_81664
2025-12-11T11:01:15.333208,bike_77935
2025-12-11T11:01:06.371599,bike_89994
2025-12-11T11:01:08.464188,bike_77647
2025-12-11T11:01:10.632234,bike_75035
2025-12-11T11:01:16.384269,bike_76447
2025-12-02T05:01:11.039448,bike_62140
2025-12-11T11:01:12.333241,bike_74784
2025-12-11T11:01:16.090142,bike_46991
2025-12-11T05:01:09.631803,bike_68787
2025-12-11T11:01:14.683463,bike_81505
2025-12-11T11:01:16.184179,bike_12002
2025-12-11T11:01:16.713066,bike_22194
2025-12-11T11:01:15.859223,bike_52050
2025-12-08T17:01:05.504934,bike_88534
2025-12-11T11:01:06.944179,bike_63575
2025-11-28T23:01:05.692710,bike_88051
2025-12-11T11:01:13.111300,bike_13826
2025-12-11T11:01:09.764153,bike_89943
2025-12-11T05:01:12.091276,bike_63407
2025-12-11T11:01:10.284238,bike_52979
2025-12-01T23:01:13.251891,bike_19023
2025-12-11T11:01:14.184153,bike_21491
2025-11-27T23:01:30.406839,bike_73732
2025-11-30T17:01:05.644520,bike_17174
2025-12-11T11:01:08.191278,bike_03170
2025-12-11T11:01:15.632143,bike_80433
2025-12-11T11:01:08.891788,bike_89622
2025-12-11T11:01:06.932356,bike_11394
2025-12-11T11:01:08.304273,bike_79830
2025-12-11T11:01:10.571881,bike_09705
2025-12-11T11:01:07.684184,bike_42995
2025-12-11T11:01:06.584178,bike_26906
2025-12-10T23:01:10.856183,bike_71085
2025-12-11T11:01:14.473193,bike_24479
2025-12-11T11:01:11.684146,bike_51816
2025-12-11T11:01:16.211515,bike_72429
2025-12-11T05:01:12.276569,bike_55036
2025-12-11T11:01:07.573539,bike_68198
2025-12-11T05:01:04.473852,bike_79827
2025-12-11T11:01:10.090992,bike_00054
2025-12-11T11:01:12.453778,bike_79413
2025-12-11T11:01:13.271534,bike_80276
2025-12-11T05:01:13.070973,bike_80483
2025-12-11T11:01:07.011093,bike_79763
2025-12-07T17:01:08.116240,bike_14073
2025-12-11T11:01:07.384188,bike_62857
2025-12-11T11:01:11.851816,bike_08804
2025-12-11T11:01:13.153214,bike_67321
2025-12-11T11:01:09.993120,bike_76597
2025-12-11T05:01:13.087993,bike_78933
2025-12-11T11:01:07.904110,bike_42983
2025-12-11T11:01:08.670620,bike_02794
2025-12-11T11:01:15.192933,bike_04957
2025-12-11T11:01:14.424232,bike_74315
2025-12-10T17:01:06.371643,bike_46972
2025-12-11T11:01:11.264253,bike_13888
2025-12-11T11:01:16.104162,bike_67843
2025-12-11T11:01:09.844175,bike_61179
2025-12-11T11:01:16.233664,bike_21016
2025-12-11T11:01:12.593649,bike_70445
2025-12-11T11:01:12.993685,bike_13138
2025-12-11T11:01:14.692346,bike_47567
2025-12-11T11:01:12.984308,bike_06473
2025-12-07T11:01:05.846681,bike_35082
2025-12-11T11:01:14.592650,bike_89232
2025-12-11T11:01:12.064109,bike_78745
2025-12-11T11:01:13.991185,bike_88333
2025-12-11T11:01:11.550919,bike_80790
2025-12-11T11:01:07.424129,bike_07022
2025-12-11T11:01:09.051623,bike_67542
2025-12-11T11:01:14.464133,bike_82522
2025-12-11T11:01:15.451931,bike_61386
2025-12-11T11:01:10.390859,bike_58717
2025-12-11T11:01:10.113577,bike_80508
2025-12-11T11:01:15.820012,bike_30107
2025-12-11T11:01:07.684131,bike_02079
2025-12-11T11:01:09.930874,bike_51858
2025-12-11T05:01:06.051117,bike_55564
2025-12-11T11:01:16.664259,bike_80238
2025-12-11T11:01:09.453175,bike_23856
2025-12-11T11:01:09.791172,bike_50965
2025-12-11T11:01:15.364207,bike_55011
2025-12-11T11:01:09.831178,bike_79789
2025-12-10T05:01:08.703300,bike_71262
2025-12-11T11:01:11.244193,bike_77345
2025-12-11T11:01:14.844171,bike_44897
2025-12-11T11:01:06.731148,bike_63419
2025-12-11T11:01:11.432924,bike_16448
2025-12-11T11:01:09.512847,bike_25582
2025-12-11T11:01:09.613318,bike_88327
2025-12-05T05:01:15.086048,bike_72160
2025-12-11T05:01:03.661885,bike_02991
2025-12-07T05:01:09.373887,bike_88659
2025-12-11T11:01:12.724174,bike_52648
2025-12-11T11:01:14.924177,bike_22699
2025-12-11T11:01:08.232221,bike_81482
2025-12-11T11:01:06.784130,bike_20663
2025-12-11T11:01:11.473221,bike_42784
2025-12-11T11:01:11.984147,bike_85407
2025-12-11T11:01:07.479508,bike_77710
2025-12-11T11:01:07.694448,bike_23150
2025-12-11T11:01:05.950550,bike_45378
2025-12-11T11:01:07.833360,bike_13902
2025-12-11T11:01:16.113557,bike_05446
2025-12-05T23:01:07.091328,bike_15343
2025-12-11T11:01:15.750682,bike_69061
2025-12-11T11:01:10.104212,bike_78886
2025-12-11T11:01:06.292400,bike_86020
2025-12-11T11:01:11.904202,bike_45307
2025-12-11T05:01:02.481999,bike_52866
2025-12-11T11:01:06.904205,bike_88882
2025-12-02T23:01:11.144569,bike_24433
2025-12-11T11:01:07.913175,bike_52399
2025-12-11T11:01:16.673439,bike_68236
2025-12-11T11:01:12.213301,bike_80817
2025-12-11T11:01:10.953301,bike_81103
2025-12-11T11:01:13.373588,bike_55141
2025-11-29T11:01:07.516464,bike_78772
2025-12-11T11:01:16.832788,bike_69161
2025-12-11T11:01:08.913099,bike_85503
2025-12-11T11:01:10.204095,bike_47524
2025-12-08T05:01:07.686358,bike_68491
2025-12-11T11:01:14.933342,bike_78552
2025-12-11T11:01:09.584154,bike_44665
2025-12-11T11:01:09.724140,bike_70804
2025-12-11T11:01:16.193530,bike_73631
2025-12-10T23:01:11.916385,bike_79233
2025-12-11T11:01:16.384264,bike_04823
2025-12-11T11:01:11.173209,bike_50221
2025-12-11T11:01:12.430873,bike_46343
2025-12-11T11:01:11.050832,bike_48001
2025-12-11T11:01:11.644199,bike_53368
2025-12-11T11:01:07.292139,bike_74140
2025-12-11T11:01:16.864315,bike_12489
2025-12-11T11:01:06.329908,bike_67134
2025-12-11T11:01:08.344197,bike_88715
2025-12-11T11:01:12.090325,bike_45520
2025-12-10T23:01:10.458193,bike_52718
2025-12-11T11:01:10.790822,bike_89769
2025-12-11T11:01:12.604077,bike_72863
2025-12-11T11:01:09.711224,bike_75480
2025-12-11T11:01:09.184207,bike_73527
2025-12-11T11:01:09.584101,bike_70628
2025-12-10T17:01:08.496273,bike_44302
2025-12-11T11:01:14.993618,bike_20363
2025-12-10T23:01:12.795822,bike_56753
2025-12-09T05:01:13.277714,bike_08831
2025-12-11T11:01:15.273308,bike_47185
2025-12-11T11:01:16.272681,bike_44406
2025-12-11T11:01:07.470187,bike_77712
2025-12-11T11:01:10.433569,bike_42745
2025-12-11T11:01:09.193144,bike_17279
2025-12-11T11:01:06.283421,bike_73930
2025-12-11T11:01:11.490727,bike_27027
2025-12-11T11:01:07.744176,bike_26480
2025-12-11T11:01:06.485984,bike_61960
2025-12-11T11:01:06.371586,bike_88189
2025-12-11T11:01:13.044310,bike_79249
2025-12-11T11:01:13.354879,bike_74815
2025-12-11T11:01:12.709856,bike_08625
2025-12-11T11:01:12.971199,bike_75765
2025-12-11T11:01:14.424183,bike_71126
2025-12-11T11:01:11.264209,bike_77397
2025-12-11T11:01:15.584181,bike_44659
2025-12-11T11:01:09.404198,bike_47847
2025-12-10T23:01:13.215393,bike_74204
2025-12-11T11:01:15.324235,bike_77319
2025-12-11T11:01:12.131877,bike_45423
2025-12-11T11:01:07.173337,bike_86018
2025-12-11T11:01:14.692354,bike_46383
2025-12-11T11:01:16.551408,bike_51846
2025-12-11T05:01:07.867600,bike_81862
2025-12-11T11:01:13.644226,bike_68740
2025-12-11T11:01:06.890294,bike_74690
2025-12-11T11:01:12.844201,bike_52453
2025-12-10T11:01:04.202381,bike_77108
2025-12-11T11:01:14.790572,bike_51522
2025-12-11T11:01:12.284134,bike_42564
2025-12-11T11:01:15.170378,bike_74726
2025-12-11T11:01:08.670612,bike_24431
2025-12-11T11:01:07.270093,bike_77191
2025-12-11T11:01:13.011505,bike_59091
2025-12-11T11:01:09.492649,bike_50761
2025-12-11T11:01:16.792890,bike_47292
2025-12-11T11:01:16.964233,bike_05409
2025-12-11T11:01:11.273240,bike_14711
2025-12-11T11:01:09.791142,bike_14990
2025-12-11T11:01:13.413547,bike_76793
2025-12-11T11:01:07.850983,bike_04746
2025-12-11T11:01:13.964209,bike_76652
2025-12-11T11:01:13.924225,bike_08628
2025-12-11T11:01:15.373115,bike_51270
2025-12-11T11:01:07.753809,bike_88807
2025-12-11T11:01:06.584160,bike_73341
2025-12-11T05:01:07.387016,bike_78459
2025-12-11T11:01:08.604203,bike_69646
2025-12-11T11:01:09.453194,bike_72537
2025-12-11T11:01:07.011083,bike_23959
2025-12-11T11:01:06.112826,bike_50456
2025-12-11T11:01:08.512920,bike_44428
2025-12-11T11:01:15.904190,bike_53117
2025-12-11T11:01:16.051133,bike_75705
2025-12-11T11:01:07.771101,bike_51016
2025-12-11T11:01:09.384180,bike_21967
2025-12-11T05:01:09.001973,bike_71548
2025-12-11T11:01:15.984196,bike_62909
2025-12-11T11:01:09.024178,bike_20720
2025-12-11T05:01:05.827976,bike_69292
2025-12-11T11:01:08.191319,bike_72531
2025-12-11T11:01:16.730385,bike_53137
2025-12-11T11:01:15.350496,bike_62348
2025-12-11T11:01:07.913155,bike_45155
2025-12-11T11:01:10.024156,bike_68124
2025-12-11T11:01:15.872716,bike_52316
2025-12-11T11:01:13.312235,bike_89593
2025-12-11T11:01:12.504129,bike_44330
2025-12-11T11:01:16.064156,bike_51282
2025-12-11T11:01:13.604209,bike_89784
2025-12-11T11:01:14.964248,bike_21264
2025-12-11T11:01:09.953262,bike_55753
2025-12-11T11:01:14.210097,bike_16813
2025-12-10T05:01:07.820605,bike_72640
2025-11-29T17:01:10.858535,bike_57781
2025-12-11T11:01:07.053483,bike_69530
2025-12-11T05:01:05.961964,bike_58883
2025-12-04T17:01:11.531483,bike_80110
2025-12-11T11:01:11.744185,bike_42911
2025-12-11T11:01:14.504180,bike_68910
2025-11-28T23:01:06.431906,bike_81857
2025-11-29T23:01:11.933046,bike_30153
2025-12-11T11:01:06.279309,bike_88573
2025-12-03T05:01:11.646484,bike_62192
2025-12-11T11:01:13.153212,bike_57241
2025-12-11T11:01:14.424204,bike_42687
2025-12-11T11:01:15.464199,bike_46374
2025-12-11T11:01:11.504209,bike_76486
2025-12-11T11:01:15.333227,bike_42742
2025-12-11T11:01:09.504118,bike_72525
2025-12-11T11:01:16.564184,bike_74529
2025-12-11T11:01:14.790628,bike_62966
2025-12-11T11:01:11.872836,bike_43127
2025-12-11T11:01:06.170092,bike_17823
2025-12-11T05:01:05.921975,bike_79088
2025-12-11T11:01:09.813731,bike_68949
2025-12-11T11:01:10.113568,bike_52123
2025-12-01T17:01:09.687734,bike_77911
2025-12-11T11:01:14.432753,bike_81632
2025-12-11T11:01:09.073145,bike_67636
2025-12-11T11:01:13.071827,bike_85408
2025-12-11T11:01:08.290484,bike_68543
2025-12-11T11:01:16.051130,bike_56030
2025-12-11T11:01:10.930162,bike_50621
2025-12-11T11:01:16.769739,bike_69661
2025-12-11T11:01:11.710034,bike_76882
2025-12-11T11:01:11.744201,bike_04980
2025-12-11T11:01:15.944161,bike_50868
2025-12-11T11:01:11.912973,bike_67131
2025-12-11T11:01:09.024207,bike_81526
2025-12-11T05:01:02.751450,bike_62345
2025-12-11T11:01:10.464196,bike_89711
2025-12-11T11:01:15.333245,bike_74171
2025-12-11T11:01:06.584113,bike_50647
2025-12-11T11:01:10.764097,bike_73193
2025-12-11T11:01:11.432926,bike_44368
2025-12-11T11:01:06.731138,bike_70490
2025-12-11T11:01:09.512784,bike_70889
2025-12-11T11:01:08.891813,bike_51322
2025-12-11T11:01:13.144275,bike_77694
2025-12-11T11:01:09.750272,bike_58520
2025-12-11T11:01:06.890308,bike_78164
2025-12-11T11:01:16.704228,bike_44884
2025-12-11T11:01:15.653293,bike_62919
2025-12-11T05:01:11.330706,bike_62300
2025-12-11T11:01:09.024225,bike_85034
2025-12-11T11:01:13.604230,bike_53366
2025-12-11T11:01:15.311926,bike_46363
2025-12-11T11:01:14.513402,bike_79594
2025-12-11T11:01:09.693463,bike_11128
2025-11-28T17:01:10.595912,bike_63835
2025-12-11T11:01:06.494758,bike_52321
2025-12-11T11:01:09.064171,bike_67628
2025-12-11T11:01:08.010803,bike_63644
2025-12-11T11:01:11.370608,bike_47313
2025-12-11T11:01:09.653309,bike_51595
2025-12-11T11:01:11.613463,bike_76451
2025-12-11T11:01:09.724148,bike_70011
2025-12-11T05:01:12.562000,bike_74799
2025-12-10T23:01:07.528692,bike_75595
2025-12-10T11:01:11.133461,bike_80938
2025-12-11T11:01:10.632252,bike_52874
2025-12-11T11:01:06.072942,bike_70531
2025-12-11T11:01:09.791067,bike_01933
2025-12-11T11:01:16.433505,bike_76396
2025-12-11T11:01:15.733493,bike_23187
2025-12-11T11:01:11.424117,bike_59095
2025-12-11T11:01:11.904199,bike_81204
2025-12-11T11:01:12.073085,bike_67756
2025-12-11T11:01:06.112868,bike_22421
2025-12-11T11:01:15.530800,bike_47023
2025-12-11T11:01:16.481073,bike_55465
2025-12-11T11:01:14.993610,bike_77374
2025-12-02T23:01:09.544525,bike_77518
2025-12-11T05:01:02.508888,bike_19804
2025-12-04T23:01:04.928946,bike_79902
2025-12-05T23:01:04.760439,bike_60140
2025-12-11T11:01:09.032994,bike_89747
2025-12-11T11:01:06.072955,bike_52087
2025-12-11T11:01:16.272639,bike_43926
2025-12-11T11:01:14.153379,bike_89302
2025-12-11T11:01:10.390848,bike_89727
2025-12-11T11:01:16.824115,bike_53355
2025-12-04T11:01:06.971494,bike_80918
2025-12-11T11:01:09.912965,bike_25899
2025-12-11T11:01:15.653339,bike_51285
2025-12-11T11:01:14.184135,bike_47013
2025-12-11T11:01:10.813668,bike_15477
2025-12-11T11:01:13.544189,bike_82238
2025-12-11T11:01:09.970570,bike_73977
2025-12-11T11:01:10.711296,bike_82793
2025-12-11T11:01:16.384266,bike_39184
2025-12-11T05:01:07.230969,bike_79492
2025-12-11T11:01:10.252985,bike_55172
2025-12-11T11:01:16.411249,bike_45659
2025-12-11T11:01:16.424271,bike_63411
2025-11-29T05:01:07.117308,bike_42869
2025-12-11T11:01:13.934222,bike_62939
2025-12-11T11:01:15.033721,bike_42804
2025-12-11T11:01:11.653176,bike_09503
2025-12-11T11:01:07.573541,bike_56377
2025-12-05T11:01:08.183238,bike_67984
2025-12-11T11:01:08.090491,bike_48031
2025-12-11T11:01:09.984148,bike_78973
2025-12-11T11:01:10.998480,bike_67947
2025-12-11T11:01:07.432921,bike_50412
2025-12-11T11:01:17.070154,bike_88914
2025-12-11T11:01:13.693065,bike_50774
2025-12-11T11:01:06.704152,bike_80156
2025-12-11T11:01:13.093547,bike_47747
2025-12-11T11:01:15.724168,bike_21866
2025-12-11T11:01:12.629908,bike_57970
2025-12-11T11:01:14.234010,bike_79804
2025-12-11T11:01:14.300724,bike_45153
2025-12-11T11:01:10.755225,bike_88366
2025-12-11T11:01:08.251511,bike_82870
2025-12-11T11:01:11.769820,bike_56006
2025-12-11T11:01:07.304129,bike_75047
2025-12-11T11:01:09.314435,bike_56070
2025-12-08T23:01:07.917708,bike_89536
2025-12-11T11:01:13.470836,bike_00414
2025-12-11T11:01:15.404221,bike_75543
2025-12-11T05:01:03.288687,bike_44724
2025-12-05T23:01:05.464264,bike_73626
2025-12-11T11:01:09.773269,bike_89008
2025-12-11T11:01:08.353237,bike_16045
2025-12-11T11:01:13.470825,bike_20360
2025-12-11T05:01:03.352145,bike_71198
2025-12-11T11:01:15.984179,bike_24602
2025-12-11T11:01:13.211205,bike_82234
2025-11-30T05:01:13.218033,bike_76264
2025-12-11T11:01:13.744248,bike_45676
2025-12-10T23:01:13.676005,bike_80107
2025-12-11T11:01:09.944195,bike_46224
2025-12-11T11:01:08.304267,bike_70421
2025-11-30T17:01:08.704642,bike_23622
2025-12-11T11:01:15.090074,bike_40269
2025-12-11T11:01:13.875669,bike_44698
2025-12-11T11:01:10.294076,bike_77023
2025-12-11T11:01:11.830420,bike_33061
2025-12-11T11:01:15.653309,bike_77653
2025-12-11T11:01:10.104246,bike_67818
2025-12-11T11:01:15.210181,bike_78953
2025-12-11T11:01:17.044177,bike_23682
2025-12-11T11:01:12.971159,bike_56854
2025-12-11T11:01:06.704158,bike_76894
2025-12-11T11:01:08.191329,bike_52913
2025-12-11T11:01:10.772809,bike_85195
2025-12-11T11:01:09.984135,bike_71345
2025-12-11T11:01:08.711616,bike_56934
2025-12-11T11:01:10.671750,bike_75115
2025-12-11T11:01:13.293271,bike_72751
2025-12-11T11:01:07.470142,bike_67121
2025-12-11T11:01:11.204153,bike_52385
2025-12-11T11:01:14.790633,bike_46808
2025-12-11T11:01:10.755231,bike_24103
2025-12-11T11:01:11.424154,bike_81440
2025-12-11T11:01:10.230074,bike_72572
2025-12-11T11:01:09.453229,bike_57040
2025-12-11T11:01:15.784214,bike_02193
2025-12-11T11:01:16.730372,bike_67260
2025-12-11T11:01:12.773619,bike_51341
2025-12-11T11:01:06.249222,bike_46380
2025-12-11T11:01:08.724201,bike_26455
2025-12-11T11:01:15.632093,bike_51158
2025-12-11T11:01:11.312801,bike_80770
2025-12-11T11:01:11.872816,bike_05395
2025-12-11T11:01:14.670896,bike_68767
2025-12-11T11:01:09.470463,bike_80516
2025-12-11T11:01:10.433538,bike_70494
2025-12-11T11:01:13.964229,bike_80851
2025-12-10T05:01:05.851541,bike_82291
2025-12-11T11:01:13.572020,bike_11292
2025-12-11T11:01:09.613357,bike_79466
2025-11-28T17:01:07.856016,bike_00737
2025-12-11T11:01:15.828861,bike_58075
2025-12-11T11:01:12.324233,bike_43164
2025-12-11T11:01:10.050689,bike_17797
2025-12-11T11:01:08.852965,bike_78445
2025-12-11T11:01:12.670178,bike_89214
2025-12-11T11:01:10.451419,bike_75957
2025-12-11T11:01:13.271546,bike_07646
2025-12-11T11:01:06.170097,bike_25655
2025-12-11T11:01:07.523766,bike_70659
2025-12-11T11:01:06.553034,bike_70365
2025-12-11T11:01:10.010326,bike_02951
2025-12-11T11:01:06.144150,bike_01067
2025-11-29T11:01:11.676349,bike_44220
2025-12-11T11:01:07.213149,bike_52557
2025-12-11T11:01:10.311311,bike_46564
2025-12-11T11:01:11.204132,bike_50753
2025-12-11T11:01:07.744186,bike_45008
2025-12-11T11:01:07.244174,bike_72979
2025-12-11T11:01:06.410677,bike_24131
2025-12-11T11:01:11.692789,bike_58046
2025-12-11T11:01:10.351149,bike_79460
2025-11-27T17:41:42.895058,bike_04843
2025-12-11T11:01:10.644148,bike_78595
2025-12-11T11:01:16.613261,bike_89440
2025-12-06T23:01:08.370965,bike_47305
2025-12-06T17:01:08.926874,bike_44586
2025-12-11T11:01:14.584227,bike_50922
2025-12-11T11:01:09.384148,bike_07773
2025-12-11T05:01:02.782068,bike_75835
2025-12-11T11:01:10.144350,bike_51777
2025-12-11T11:01:09.010401,bike_09364
2025-12-11T11:01:15.264281,bike_46645
2025-12-11T11:01:15.504199,bike_70112
2025-12-11T11:01:10.711289,bike_03457
2025-12-11T11:01:15.170431,bike_23161
2025-12-11T11:01:13.224190,bike_89491
2025-12-11T11:01:12.033497,bike_80696
2025-12-11T11:01:07.133050,bike_80828
2025-12-11T11:01:11.524191,bike_67286
2025-12-11T11:01:06.953083,bike_18615
2025-12-11T05:01:10.691608,bike_79030
2025-12-11T11:01:14.553334,bike_20499
2025-12-11T11:01:06.953057,bike_05935
2025-12-11T11:01:16.051111,bike_23612
2025-12-10T17:01:02.591775,bike_74811
2025-12-11T11:01:10.864144,bike_53385
2025-12-11T11:01:14.592697,bike_52535
2025-12-11T11:01:06.850006,bike_45283
2025-12-11T11:01:09.314419,bike_76462
2025-12-11T11:01:13.884620,bike_43210
2025-12-11T11:01:14.951934,bike_47030
2025-12-10T11:01:08.479803,bike_63213
2025-12-11T11:01:07.470153,bike_00030
2025-12-11T11:01:16.453634,bike_51615
2025-12-11T11:01:12.692988,bike_71110
2025-12-11T11:01:08.504217,bike_74323
2025-12-11T11:01:11.173201,bike_45856
2025-12-11T05:01:09.567962,bike_21637
2025-12-11T11:01:08.241868,bike_42928
2025-12-11T11:01:14.893004,bike_00035
2025-12-11T11:01:13.344189,bike_71446
2025-12-11T11:01:15.944151,bike_50426
2025-12-11T05:01:04.621973,bike_46745
2025-12-11T11:01:08.992881,bike_79275
2025-12-11T11:01:07.124267,bike_88406
2025-12-11T11:01:13.724224,bike_82279
2025-12-05T05:01:11.745578,bike_37350
2025-12-11T11:01:13.404184,bike_81845
2025-12-11T11:01:10.745496,bike_21521
2025-12-09T17:01:05.547871,bike_20941
2025-12-11T11:01:13.170788,bike_15398
2025-12-10T17:01:05.131748,bike_57344
2025-12-04T23:01:05.691619,bike_71910
2025-12-11T11:01:12.550693,bike_82274
2025-12-11T05:01:03.990744,bike_81172
2025-12-11T11:01:10.998404,bike_44499
2025-12-11T11:01:13.244258,bike_61576
2025-12-11T11:01:14.300730,bike_78968
2025-12-11T11:01:15.324214,bike_80820
2025-12-11T11:01:11.992860,bike_47680
2025-12-11T11:01:08.750003,bike_44904
2025-12-11T11:01:11.813287,bike_68389
2025-12-11T05:01:04.168678,bike_85159
2025-12-10T23:01:13.396724,bike_68790
2025-12-11T11:01:13.011532,bike_88369
2025-12-11T11:01:13.744216,bike_50966
2025-12-11T11:01:09.264223,bike_56836
2025-12-11T11:01:09.584164,bike_74298
2025-12-11T11:01:06.033019,bike_52510
2025-11-30T05:01:07.866184,bike_62642
2025-12-11T11:01:08.424324,bike_45685
2025-12-11T11:01:06.104060,bike_56436
2025-12-11T11:01:14.884303,bike_25356
2025-12-11T11:01:07.452506,bike_12367
2025-12-11T11:01:09.414236,bike_88373
2025-12-11T11:01:14.344217,bike_43653
2025-12-11T11:01:13.153206,bike_22090
2025-12-11T11:01:10.755207,bike_70285
2025-12-11T11:01:16.932098,bike_88085
2025-12-03T11:01:05.300114,bike_42959
2025-12-11T11:01:10.644127,bike_62502
2025-12-11T11:01:17.031245,bike_20311
2025-12-11T11:01:10.944146,bike_71606
2025-12-11T05:01:12.149424,bike_82266
2025-12-11T11:01:07.173356,bike_72295
2025-12-06T23:01:06.024987,bike_68731
2025-12-11T11:01:15.473211,bike_67464
2025-12-11T11:01:07.164135,bike_62341
2025-12-11T11:01:14.692375,bike_72505
2025-12-11T11:01:10.024164,bike_86097
2025-12-11T11:01:06.283398,bike_76571
2025-12-11T05:01:11.388309,bike_70000
2025-12-11T11:01:11.504212,bike_69238
2025-12-11T11:01:13.144283,bike_05472
2025-12-11T11:01:12.104888,bike_01377
2025-12-11T11:01:10.984793,bike_08480
2025-12-11T11:01:10.390845,bike_23850
2025-12-11T11:01:05.933229,bike_24773
2025-12-11T11:01:16.573726,bike_08083
2025-12-11T11:01:15.644190,bike_69543
2025-12-11T11:01:15.984204,bike_47008
2025-12-11T11:01:07.084190,bike_11890
2025-12-11T11:01:07.944098,bike_51648
2025-12-11T11:01:15.224179,bike_85526
2025-12-11T11:01:07.044193,bike_69445
2025-12-11T11:01:11.744217,bike_23416
2025-12-11T11:01:07.411193,bike_72923
2025-12-10T17:01:03.051717,bike_77419
2025-12-11T11:01:13.293247,bike_73288
2025-12-11T11:01:06.104088,bike_71715
2025-12-11T11:01:12.733547,bike_17079
2025-12-11T11:01:07.850988,bike_51677
2025-12-11T11:01:08.241838,bike_70897
2025-12-11T11:01:15.570423,bike_05782
2025-12-11T11:01:11.573296,bike_70057
2025-12-11T11:01:14.813170,bike_72557
2025-12-11T11:01:07.270111,bike_47702
2025-12-11T11:01:13.244204,bike_24380
2025-12-09T05:01:11.270026,bike_79390
2025-12-11T11:01:09.870794,bike_81027
2025-12-11T11:01:14.933315,bike_89533
2025-12-11T11:01:16.533608,bike_73791
2025-12-11T11:01:15.530787,bike_80004
2025-12-11T11:01:10.745527,bike_72748
2025-12-11T11:01:09.244161,bike_56428
2025-12-10T23:01:08.015818,bike_42508
2025-12-11T11:01:15.404237,bike_03659
2025-12-07T17:01:04.607637,bike_58343
2025-12-11T11:01:13.024188,bike_47907
2025-12-11T11:01:17.052924,bike_56765
2025-12-11T11:01:15.570431,bike_24098
2025-12-11T11:01:11.164204,bike_24358
2025-12-11T11:01:11.190609,bike_08801
2025-12-08T05:01:08.706209,bike_78311
2025-12-11T11:01:15.632068,bike_02902
2025-12-11T11:01:09.144151,bike_75281
2025-12-11T05:01:02.531115,bike_77968
2025-12-11T11:01:08.371182,bike_74916
2025-12-11T11:01:10.270432,bike_75542
2025-12-11T05:01:07.881936,bike_76505
2025-12-11T11:01:13.430866,bike_45149
2025-12-07T23:01:09.766439,bike_22585
2025-12-11T11:01:08.050861,bike_74238
2025-12-11T11:01:09.750265,bike_85372
2025-12-11T11:01:11.424169,bike_22830
2025-12-11T11:01:15.373074,bike_80557
2025-12-11T11:01:14.813195,bike_42863
2025-12-11T11:01:06.864217,bike_52729
2025-12-11T11:01:09.970587,bike_89012
2025-12-11T05:01:12.756761,bike_72915
2025-12-04T23:01:05.516292,bike_57805
2025-12-11T11:01:07.432967,bike_62773
2025-12-11T11:01:10.610526,bike_67193
2025-12-04T23:01:13.337820,bike_78013
2025-11-29T05:01:06.216700,bike_68851
2025-12-11T11:01:09.024223,bike_24270
2025-12-11T11:01:14.053043,bike_70510
2025-12-11T11:01:14.091670,bike_88430
2025-12-11T11:01:14.584179,bike_72202
2025-12-11T11:01:15.264275,bike_89304
2025-12-11T11:01:12.204166,bike_78237
2025-12-11T11:01:12.864179,bike_67813
2025-12-11T11:01:08.644241,bike_38844
2025-12-11T11:01:15.451887,bike_77868
2025-12-11T11:01:16.914585,bike_03691
2025-12-11T11:01:06.932351,bike_58299
2025-12-11T11:01:07.984203,bike_76881
2025-12-11T11:01:11.778469,bike_77475
2025-12-11T11:01:16.551443,bike_43709
2025-12-11T11:01:08.264207,bike_50165
2025-12-11T11:01:09.764114,bike_80066
2025-12-11T11:01:16.393127,bike_69671
2025-12-11T11:01:13.054155,bike_77628
2025-12-11T11:01:07.533047,bike_67458
2025-12-11T11:01:12.064149,bike_11020
2025-12-11T11:01:11.912904,bike_05927
2025-12-11T11:01:15.993441,bike_80168
2025-12-11T11:01:06.494755,bike_79133
2025-12-11T11:01:09.244193,bike_78755
2025-12-11T05:01:12.541983,bike_21800
2025-12-11T11:01:07.393491,bike_81444
2025-12-11T11:01:08.653137,bike_67112
2025-12-10T05:01:11.352538,bike_76163
2025-12-11T11:01:06.064038,bike_75453
2025-12-10T05:01:05.691659,bike_76333
2025-12-11T11:01:16.113540,bike_08954
2025-12-11T11:01:06.224100,bike_61336
2025-12-11T11:01:06.249256,bike_69677
2025-12-11T11:01:11.791816,bike_88080
2025-11-27T18:03:49.945096,bike_79151
2025-12-11T11:01:14.432778,bike_85262
2025-12-10T17:01:08.411658,bike_78726
2025-12-11T11:01:08.870215,bike_74227
2025-12-11T11:01:07.771062,bike_61177
2025-12-11T11:01:15.192910,bike_88068
2025-12-11T11:01:12.033522,bike_05396
2025-12-11T11:01:11.124120,bike_76960
2025-12-11T11:01:08.491016,bike_77972
2025-12-10T05:01:03.131706,bike_68012
2025-12-11T11:01:08.264183,bike_24094
2025-12-11T11:01:08.852968,bike_46357
2025-12-10T11:01:09.133405,bike_89852
2025-12-11T11:01:09.930915,bike_43549
2025-12-11T11:01:15.644203,bike_80157
2025-12-11T11:01:06.984169,bike_52042
2025-12-11T11:01:09.693397,bike_00018
2025-12-11T11:01:06.592730,bike_74353
2025-12-11T11:01:11.573327,bike_68748
2025-12-11T11:01:10.944154,bike_00334
2025-12-11T11:01:13.544247,bike_19217
2025-12-11T11:01:16.224234,bike_75938
2025-12-11T11:01:05.950595,bike_77538
2025-12-11T11:01:09.993102,bike_88839
2025-12-10T23:01:14.715812,bike_77913
2025-12-11T11:01:07.792827,bike_11412
2025-12-11T11:01:08.232208,bike_88198
2025-12-05T05:01:15.086059,bike_75380
2025-12-04T05:01:05.149629,bike_70339
2025-12-11T11:01:07.645192,bike_45366
2025-12-02T23:01:09.618762,bike_08162
2025-12-11T05:01:06.991033,bike_74265
2025-12-11T11:01:09.584172,bike_80542
2025-12-11T11:01:15.793677,bike_62193
2025-12-11T11:01:10.544238,bike_24171
2025-12-11T11:01:06.104058,bike_47549
2025-12-11T11:01:09.170108,bike_67487
2025-12-11T11:01:09.831220,bike_42648
2025-12-11T11:01:13.893692,bike_85156
2025-12-11T11:01:11.464246,bike_25644
2025-11-30T23:01:08.954803,bike_20731
2025-12-06T17:01:07.906045,bike_74237
2025-12-11T11:01:12.190395,bike_73541
2025-12-11T11:01:12.864220,bike_89145
2025-12-11T11:01:13.511661,bike_48032
2025-12-11T11:01:16.604249,bike_56796
2025-12-11T11:01:14.310037,bike_77004
2025-12-11T11:01:06.329848,bike_52884
2025-12-11T11:01:07.724992,bike_79117
2025-12-11T11:01:11.033597,bike_80945
2025-12-11T11:01:12.593636,bike_78187
2025-12-11T11:01:11.432906,bike_73493
2025-12-11T11:01:13.613479,bike_89111
2025-12-11T11:01:16.064140,bike_09555
2025-12-11T11:01:15.913145,bike_85322
2025-12-11T11:01:08.073285,bike_71731
2025-12-11T11:01:11.113289,bike_79850
2025-12-11T05:01:12.082009,bike_58307
2025-12-11T11:01:12.364088,bike_46849
2025-12-11T11:01:06.744130,bike_89997
2025-12-11T11:01:10.243537,bike_73137
2025-12-11T11:01:11.504196,bike_24907
2025-12-11T11:01:11.813308,bike_00496
2025-12-11T11:01:06.224126,bike_85456
2025-12-11T11:01:11.090220,bike_50979
2025-12-11T11:01:11.213438,bike_48087
2025-12-11T11:01:09.431454,bike_44688
2025-12-11T05:01:11.762018,bike_08359
2025-12-11T11:01:11.830423,bike_08858
2025-12-11T11:01:15.264294,bike_75155
2025-12-11T11:01:11.992835,bike_58166
2025-12-11T11:01:16.481084,bike_61420
2025-12-11T11:01:10.010308,bike_88883
2025-12-11T11:01:07.952869,bike_50672
2025-12-10T17:01:09.720573,bike_63223
2025-12-11T11:01:06.673451,bike_70837
2025-12-11T11:01:14.392702,bike_03848
2025-12-11T11:01:13.224198,bike_78144
2025-12-11T11:01:06.713176,bike_79813
2025-12-11T11:01:15.131081,bike_24085
2025-12-11T11:01:12.324219,bike_80811
2025-12-11T11:01:13.373602,bike_85103
2025-12-11T11:01:09.073192,bike_70215
2025-12-11T11:01:09.332262,bike_80764
2025-12-11T11:01:09.344235,bike_56704
2025-12-11T11:01:11.830402,bike_80750
2025-12-11T11:01:12.230724,bike_52392
2025-12-11T11:01:15.373085,bike_38279
2025-12-11T11:01:09.232407,bike_44180
2025-12-11T11:01:07.109999,bike_76869
2025-12-11T11:01:10.571916,bike_68230
2025-12-11T11:01:15.073131,bike_26179
2025-12-11T11:01:08.653124,bike_78126
2025-12-11T11:01:10.544189,bike_44810
2025-12-11T11:01:06.090384,bike_69728
2025-12-11T11:01:14.184127,bike_70236
2025-12-11T11:01:06.531250,bike_74077
2025-12-11T11:01:06.953090,bike_51450
2025-12-11T05:01:03.547303,bike_89446
2025-12-11T11:01:14.951952,bike_04129
2025-12-10T11:01:03.413345,bike_02858
2025-12-11T11:01:11.830434,bike_81136
2025-12-11T11:01:11.590682,bike_21167
2025-12-06T11:01:06.497487,bike_47012
2025-12-11T11:01:15.451882,bike_44037
2025-12-11T11:01:11.392884,bike_86110
2025-12-11T11:01:16.890670,bike_44101
2025-12-11T11:01:10.351135,bike_50655
2025-12-11T11:01:07.930234,bike_72957
2025-12-11T11:01:09.010399,bike_77043
2025-12-11T11:01:14.964241,bike_75528
2025-12-11T11:01:10.610570,bike_79821
2025-12-07T11:01:04.628424,bike_01664
2025-12-11T11:01:12.213317,bike_46836
2025-12-11T11:01:13.613400,bike_56214
2025-12-01T17:01:08.605900,bike_70462
2025-12-11T11:01:13.284218,bike_33491
2025-12-11T11:01:09.584149,bike_70689
2025-11-29T17:01:09.058587,bike_11964
2025-12-11T11:01:09.570602,bike_88697
2025-12-05T17:01:04.953386,bike_60104
2025-12-11T11:01:09.064123,bike_52889
2025-12-11T11:01:10.311266,bike_47075
2025-12-11T11:01:08.953400,bike_89469
2025-12-11T05:01:07.881959,bike_51106
2025-12-07T17:01:06.687718,bike_79289
2025-12-11T11:01:11.778518,bike_86008
2025-12-11T11:01:12.484182,bike_16517
2025-12-11T11:01:13.324177,bike_10502
2025-12-11T11:01:14.553340,bike_15765
2025-12-11T11:01:12.364124,bike_77212
2025-12-11T11:01:12.550703,bike_45090
2025-12-11T11:01:12.390217,bike_46791
2025-12-09T17:01:13.064280,bike_62613
2025-12-11T11:01:15.811144,bike_69404
2025-12-11T11:01:16.131071,bike_53121
2025-12-11T11:01:06.691040,bike_55810
2025-12-11T11:01:08.150696,bike_56390
2025-12-11T11:01:12.533157,bike_68353
2025-12-11T11:01:08.693257,bike_52522
2025-12-11T11:01:15.033716,bike_73459
2025-12-11T11:01:06.485989,bike_08827
2025-12-11T11:01:08.451013,bike_81673
2025-12-11T11:01:09.670614,bike_73212
2025-12-11T11:01:06.072976,bike_68515
2025-12-11T05:01:07.262002,bike_89806
2025-12-11T11:01:06.544145,bike_76213
2025-12-09T23:01:04.663058,bike_79078
2025-12-11T11:01:07.694453,bike_17320
2025-12-07T17:01:06.893559,bike_78522
2025-12-11T11:01:13.631216,bike_07454
2025-12-11T05:01:07.768282,bike_74074
2025-12-11T11:01:15.811163,bike_42793
2025-12-11T11:01:06.170068,bike_67477
2025-12-11T11:01:10.190666,bike_62272
2025-12-10T23:01:06.456018,bike_60659
2025-12-11T11:01:16.792879,bike_45341
2025-12-11T11:01:14.692343,bike_78172
2025-12-11T11:01:15.364178,bike_79600
2025-12-11T11:01:10.144358,bike_00236
2025-12-11T05:01:02.421719,bike_88460
2025-12-11T11:01:16.064171,bike_17321
2025-12-11T11:01:09.904181,bike_76245
2025-12-11T11:01:09.631214,bike_72872
2025-12-11T11:01:08.332010,bike_88599
2025-12-11T11:01:14.464101,bike_72306
2025-12-11T11:01:07.712127,bike_56877
2025-12-10T23:01:14.078194,bike_70652
2025-12-11T11:01:10.671734,bike_21549
2025-12-04T05:01:03.389660,bike_52424
2025-12-11T11:01:15.684204,bike_75355
2025-12-11T05:01:06.911536,bike_73269
2025-12-11T11:01:13.684184,bike_21755
2025-12-11T11:01:16.613292,bike_45730
2025-12-11T11:01:08.090499,bike_19817
2025-12-11T11:01:08.984213,bike_81789
2025-12-11T11:01:16.072953,bike_76583
2025-12-11T11:01:14.144203,bike_43594
2025-12-06T17:01:14.103326,bike_05289
2025-12-11T05:01:12.988743,bike_43735
2025-12-11T05:01:11.782058,bike_77012
2025-12-11T11:01:11.133279,bike_24670
2025-12-11T05:01:10.611025,bike_53306
2025-11-30T05:01:08.988623,bike_76278
2025-12-11T11:01:09.530323,bike_09229
2025-12-11T11:01:08.732898,bike_43567
2025-12-11T11:01:16.591419,bike_61949
2025-12-08T11:01:09.305281,bike_72959
2025-12-11T11:01:14.432785,bike_88701
2025-12-11T11:01:08.630058,bike_61381
2025-12-11T11:01:09.210577,bike_79617
2025-12-11T11:01:08.953440,bike_88302
2025-12-11T11:01:16.533613,bike_37619
2025-12-11T11:01:16.551399,bike_73829
2025-12-11T11:01:12.364132,bike_80406
2025-12-11T11:01:15.904202,bike_81474
2025-12-11T11:01:06.832937,bike_81035
2025-12-11T05:01:09.661355,bike_88224
2025-12-11T11:01:14.884270,bike_62988
2025-12-03T11:01:09.249174,bike_42714
2025-12-11T11:01:16.224248,bike_47932
2025-12-11T11:01:05.843977,bike_78404
2025-12-11T11:01:10.373282,bike_89032
2025-12-11T11:01:17.009701,bike_25237
2025-12-04T05:01:05.271874,bike_81528
2025-12-11T11:01:05.993386,bike_81875
2025-12-11T11:01:16.604311,bike_80247
2025-12-11T11:01:14.570979,bike_69407
2025-12-11T11:01:11.904210,bike_45577
2025-12-11T11:01:07.164137,bike_55845
2025-12-11T05:01:09.976753,bike_89405
2025-12-11T11:01:10.474942,bike_73943
2025-12-11T11:01:12.444154,bike_15496
2025-12-11T05:01:10.108975,bike_70517
2025-12-11T11:01:16.064188,bike_20138
2025-12-11T11:01:14.870493,bike_47525
2025-12-11T11:01:09.670611,bike_43287
2025-12-11T11:01:10.492432,bike_80535
2025-12-11T11:01:13.893708,bike_85039
2025-12-11T11:01:11.432914,bike_51462
2025-12-11T11:01:11.769817,bike_00115
2025-12-11T11:01:10.513504,bike_45713
2025-12-11T11:01:07.230416,bike_47260
2025-12-11T11:01:11.264223,bike_74276
2025-12-11T11:01:12.104885,bike_61473
2025-12-11T11:01:05.993404,bike_51564
2025-12-11T11:01:15.464179,bike_77434
2025-12-11T11:01:16.393071,bike_79796
2025-11-28T11:01:41.063848,bike_09474
2025-11-27T23:01:43.906797,bike_78128
2025-12-11T11:01:08.684245,bike_22910
2025-12-11T11:01:07.890106,bike_75608
2025-12-11T11:01:14.251488,bike_20094
2025-12-11T11:01:11.424179,bike_76955
2025-12-11T05:01:04.111161,bike_89841
2025-12-11T11:01:13.644203,bike_72343
2025-12-11T11:01:06.104086,bike_79467
2025-12-11T11:01:09.912941,bike_77720
2025-12-11T11:01:11.613483,bike_10926
2025-12-08T23:01:06.923953,bike_42595
2025-12-11T11:01:09.264212,bike_03737
2025-12-11T05:01:13.531326,bike_78232
2025-12-11T11:01:08.504255,bike_24259
2025-12-11T11:01:11.813295,bike_44352
2025-12-11T11:01:09.064149,bike_76912
2025-12-11T11:01:12.284125,bike_58272
2025-12-11T11:01:09.184183,bike_82299
2025-12-11T11:01:10.373277,bike_17882
2025-12-10T23:01:09.797900,bike_60043
2025-12-11T11:01:10.050719,bike_55916
2025-12-11T11:01:11.213422,bike_79290
2025-12-11T11:01:06.270267,bike_70190
2025-12-11T11:01:07.712094,bike_88074
2025-12-11T11:01:15.850427,bike_78816
2025-12-11T11:01:11.864186,bike_51453
2025-12-11T11:01:07.944169,bike_88032
2025-12-11T11:01:10.424235,bike_89760
2025-12-11T11:01:14.730540,bike_44358
2025-11-29T23:01:12.483285,bike_39067
2025-12-09T05:01:12.757731,bike_82811
2025-12-11T11:01:06.304122,bike_67866
2025-12-11T11:01:11.992870,bike_43484
2025-12-11T05:01:10.668971,bike_56073
2025-12-11T11:01:16.010663,bike_43335
2025-12-11T11:01:11.273257,bike_56500
2025-12-11T11:01:08.264194,bike_17356
2025-12-08T23:01:08.186556,bike_74501
2025-12-11T11:01:11.851772,bike_18805
2025-12-11T11:01:10.064144,bike_44725
2025-12-11T11:01:08.450983,bike_89436
2025-12-11T11:01:16.673494,bike_47679
2025-12-11T11:01:15.711673,bike_71312
2025-12-11T11:01:15.953195,bike_89938
2025-12-11T11:01:16.324190,bike_85105
2025-12-11T11:01:12.372921,bike_20075
2025-12-11T11:01:09.314417,bike_50154
2025-12-11T11:01:14.570992,bike_46013
2025-12-11T11:01:13.011492,bike_72113
2025-12-11T11:01:16.090144,bike_23230
2025-12-11T11:01:15.644156,bike_44485
2025-12-11T11:01:12.724195,bike_47381
2025-12-11T11:01:07.913167,bike_58235
2025-12-11T11:01:08.530668,bike_43237
2025-12-11T11:01:10.711307,bike_68255
2025-12-11T11:01:07.613084,bike_16009
2025-12-11T11:01:10.024133,bike_52067
2025-12-11T11:01:08.371174,bike_42874
2025-12-11T11:01:10.844171,bike_52995
2025-12-11T11:01:15.264312,bike_17295
2025-12-11T11:01:10.243553,bike_88148
2025-12-11T11:01:14.853069,bike_55561
2025-12-11T11:01:10.073739,bike_58160
2025-12-11T11:01:08.344215,bike_71376
2025-12-11T11:01:11.353110,bike_16342
2025-12-10T17:01:06.416707,bike_18576
2025-12-11T11:01:06.913389,bike_69334
2025-12-11T11:01:06.971060,bike_09152
2025-12-11T11:01:12.709858,bike_58691
2025-12-11T11:01:10.113525,bike_46635
2025-12-11T11:01:16.364230,bike_71623
2025-12-11T11:01:16.393112,bike_76862
2025-12-11T05:01:03.026920,bike_80980
2025-12-06T23:01:14.284893,bike_13086
2025-12-11T05:01:08.541936,bike_67370
2025-12-11T11:01:08.844146,bike_25738
2025-12-11T11:01:06.384140,bike_74035
2025-12-11T11:01:16.364188,bike_17901
2025-12-11T11:01:06.064066,bike_74345
2025-12-11T11:01:15.530707,bike_41604
2025-12-11T11:01:10.764102,bike_88489
2025-12-11T11:01:12.390238,bike_21912
2025-12-10T17:01:07.471688,bike_45389
2025-12-11T11:01:09.010433,bike_20669
2025-12-11T11:01:12.604059,bike_13148
2025-12-11T11:01:06.731180,bike_85350
2025-12-11T11:01:10.173269,bike_68921
2025-12-11T11:01:15.784196,bike_02933
2025-12-03T05:01:11.439757,bike_81232
2025-12-11T11:01:16.224240,bike_47985
2025-12-11T11:01:15.192895,bike_53272
2025-12-11T11:01:15.828846,bike_05781
2025-12-11T11:01:13.904170,bike_80763
2025-12-11T11:01:10.755234,bike_61599
2025-12-11T11:01:05.933214,bike_77325
2025-12-11T11:01:16.424292,bike_05354
2025-12-11T11:01:15.390327,bike_21971
2025-12-11T11:01:12.131859,bike_43851
2025-12-11T11:01:10.131158,bike_03202
2025-12-11T11:01:16.504188,bike_73422
2025-12-06T17:01:14.437390,bike_73074
2025-12-11T11:01:09.184228,bike_77557
2025-12-11T11:01:14.264262,bike_67879
2025-12-11T05:01:10.148507,bike_78377
2025-12-11T11:01:11.692791,bike_82548
2025-12-11T11:01:13.084342,bike_62544
2025-12-11T11:01:10.351166,bike_42548
2025-12-02T05:01:04.575762,bike_57902
2025-12-11T11:01:16.113517,bike_52681
2025-12-03T05:01:11.548572,bike_47649
2025-12-11T11:01:13.391026,bike_85215
2025-12-11T11:01:08.064179,bike_81820
2025-12-11T11:01:15.544209,bike_70341
2025-12-11T11:01:10.653358,bike_85104
2025-12-11T11:01:12.709821,bike_81033
2025-12-11T11:01:15.451910,bike_08569
2025-12-11T11:01:15.913158,bike_23480
2025-12-11T11:01:11.330522,bike_71180
2025-12-11T11:01:15.811127,bike_33518
2025-12-11T11:01:16.944203,bike_75628
2025-12-07T05:01:04.264291,bike_58391
2025-12-11T11:01:07.753759,bike_22550
2025-12-11T11:01:08.732923,bike_58247
2025-12-05T23:01:04.011278,bike_52022
2025-12-11T11:01:08.573631,bike_76650
2025-12-11T05:01:07.867622,bike_60494
2025-12-11T11:01:10.504197,bike_89450
2025-12-11T11:01:08.073303,bike_78678
2025-12-11T11:01:12.292669,bike_47404
2025-12-11T05:01:08.589193,bike_78075
2025-12-11T11:01:08.090475,bike_72475
2025-11-29T11:01:12.015537,bike_76644
2025-12-11T11:01:14.273006,bike_81069
2025-12-11T11:01:12.064170,bike_43334
2025-12-11T11:01:06.971047,bike_44427
2025-12-11T11:01:12.172972,bike_08622
2025-12-11T11:01:12.484177,bike_74254
2025-12-11T11:01:08.433311,bike_79838
2025-12-11T05:01:10.811368,bike_43920
2025-12-11T11:01:12.144151,bike_26010
2025-12-07T11:01:13.959104,bike_58224
2025-12-11T11:01:16.424289,bike_47475
2025-12-11T11:01:13.284208,bike_42849
2025-12-10T17:01:09.278386,bike_55002
2025-12-11T11:01:16.010710,bike_55897
2025-12-11T11:01:13.904132,bike_43376
2025-12-09T11:01:05.587373,bike_16237
2025-12-11T11:01:14.649851,bike_70286
2025-12-11T11:01:16.905431,bike_62284
2025-12-11T11:01:07.890142,bike_71350
2025-12-11T11:01:08.830063,bike_77824
2025-12-06T17:01:06.825936,bike_78381
2025-12-11T05:01:09.081497,bike_44036
2025-12-11T11:01:14.464172,bike_76460
2025-12-11T11:01:13.452807,bike_73364
2025-12-11T11:01:08.591618,bike_85361
2025-12-11T11:01:10.204092,bike_77994
2025-12-11T11:01:08.530663,bike_51037
2025-12-11T11:01:17.031232,bike_88435
2025-12-11T11:01:08.073280,bike_78682
2025-12-11T11:01:13.693013,bike_76247
2025-12-09T05:01:10.685385,bike_68071
2025-12-11T11:01:06.485994,bike_09640
2025-12-11T11:01:16.591427,bike_43452
2025-12-11T11:01:12.173036,bike_71558
2025-12-11T05:01:02.508853,bike_73015
2025-12-11T11:01:06.292434,bike_76413
2025-12-05T11:01:06.290702,bike_46686
2025-12-11T11:01:10.844158,bike_62274
2025-12-11T11:01:12.804206,bike_71308
2025-12-08T23:01:14.324213,bike_63582
2025-12-11T11:01:14.491367,bike_85340
2025-12-11T11:01:11.264245,bike_79548
2025-12-04T17:01:14.732827,bike_58161
2025-12-07T23:01:06.027449,bike_63303
2025-12-11T11:01:08.984157,bike_79516
2025-12-11T11:01:07.613089,bike_48066
2025-12-08T05:01:04.372074,bike_67648
2025-12-09T05:01:07.797627,bike_67435
2025-12-11T11:01:15.930278,bike_75533
2025-12-11T11:01:08.150654,bike_80598
2025-12-11T11:01:14.409923,bike_76484
2025-12-11T05:01:07.707048,bike_89722
2025-12-11T11:01:16.604287,bike_71347
2025-12-11T11:01:06.249249,bike_78446
2025-12-11T11:01:07.292144,bike_62373
2025-12-11T11:01:14.324189,bike_75963
2025-12-11T11:01:14.924180,bike_04722
2025-12-11T11:01:06.292457,bike_85365
2025-12-11T11:01:10.090994,bike_09264
2025-12-11T11:01:07.712135,bike_57809
2025-12-11T11:01:16.250987,bike_57189
2025-12-11T11:01:13.271560,bike_44181
2025-12-11T11:01:10.764069,bike_77039
2025-12-11T11:01:08.241881,bike_74156
2025-12-11T11:01:07.133026,bike_31241
2025-12-11T11:01:16.072981,bike_20120
2025-12-11T11:01:12.270420,bike_52362
2025-12-11T11:01:10.513507,bike_88560
2025-12-11T11:01:05.959962,bike_47315
2025-12-11T11:01:14.013673,bike_55591
2025-12-11T11:01:10.930138,bike_77530
2025-12-08T05:01:11.666149,bike_43652
2025-12-11T11:01:14.624151,bike_55335
2025-12-11T11:01:08.314095,bike_72121
2025-12-11T11:01:11.012500,bike_77123
2025-12-11T11:01:16.890687,bike_43271
2025-12-11T11:01:08.724163,bike_46050
2025-12-11T11:01:10.531085,bike_70407
2025-12-11T11:01:09.570568,bike_52814
2025-12-11T05:01:10.929483,bike_46078
2025-12-11T11:01:13.373541,bike_71134
2025-12-11T11:01:09.384189,bike_50265
2025-12-11T11:01:14.449844,bike_45733
2025-12-11T11:01:10.243581,bike_44758
2025-12-11T11:01:12.064128,bike_68569
2025-12-11T11:01:12.830039,bike_44961
2025-12-11T11:01:12.984313,bike_74124
2025-12-10T17:01:08.617369,bike_19418
2025-12-11T11:01:12.350688,bike_73479
2025-12-11T11:01:06.152950,bike_26309
2025-12-11T11:01:06.832988,bike_77427
2025-12-10T17:01:06.898885,bike_80958
2025-12-11T11:01:05.914800,bike_46882
2025-12-11T11:01:10.831054,bike_73835
2025-12-11T11:01:16.664243,bike_07340
2025-12-11T11:01:11.164207,bike_72323
2025-12-11T11:01:14.730537,bike_81020
2025-12-11T11:01:11.984165,bike_10431
2025-12-11T11:01:08.033374,bike_58658
2025-12-11T11:01:08.392879,bike_77130
2025-12-11T11:01:07.564046,bike_07749
2025-12-11T11:01:11.490706,bike_19954
2025-12-11T11:01:10.333419,bike_52361
2025-12-11T11:01:10.474979,bike_76879
2025-12-10T17:01:01.606807,bike_89645
2025-12-09T23:01:13.163167,bike_75011
2025-12-11T11:01:09.370877,bike_17395
2025-12-11T11:01:08.204383,bike_43931
2025-12-11T11:01:14.104254,bike_12128
2025-12-11T11:01:06.953088,bike_21160
2025-12-11T11:01:15.904187,bike_12332
2025-12-11T11:01:10.554049,bike_77688
2025-12-05T17:01:06.923581,bike_60103
2025-12-11T11:01:09.024210,bike_68103
2025-12-11T05:01:11.348008,bike_58091
2025-12-06T17:01:10.523879,bike_62546
2025-12-08T23:01:10.346368,bike_55626
2025-12-11T11:01:11.410558,bike_24389
2025-12-11T11:01:09.993099,bike_61757
2025-12-11T11:01:16.433525,bike_75476
2025-12-11T11:01:14.570949,bike_23287
2025-12-10T05:01:05.700491,bike_88629
2025-12-11T11:01:08.073266,bike_38124
2025-12-11T11:01:11.935208,bike_76640
2025-12-11T11:01:15.693701,bike_89180
2025-12-11T11:01:12.629928,bike_52203
2025-12-11T11:01:06.832945,bike_05794
2025-11-28T05:01:37.130208,bike_02148
2025-12-11T11:01:08.724190,bike_89683
2025-12-11T11:01:06.144147,bike_51723
2025-12-10T05:01:07.960289,bike_88254
2025-12-11T11:01:14.031079,bike_62620
2025-12-11T11:01:05.844044,bike_56946
2025-12-06T17:01:05.617457,bike_55482
2025-12-11T11:01:06.352933,bike_72670
2025-12-11T11:01:11.231280,bike_52483
2025-12-11T11:01:15.828822,bike_04435
2025-12-11T11:01:09.051580,bike_21015
2025-12-11T11:01:13.144293,bike_03233
2025-12-11T11:01:06.904166,bike_22241
2025-11-27T23:01:41.746811,bike_44940
2025-12-10T23:01:07.148724,bike_52832
2025-12-11T11:01:09.892561,bike_20239
2025-12-11T11:01:10.010298,bike_67618
2025-12-11T11:01:13.084334,bike_01714
2025-12-11T11:01:11.370577,bike_18206
2025-12-11T11:01:12.873237,bike_85147
2025-12-08T05:01:13.154777,bike_68463
2025-12-11T11:01:10.953258,bike_47611
2025-12-01T23:01:06.873988,bike_55672
2025-12-11T11:01:15.451921,bike_77126
2025-12-11T11:01:10.284173,bike_24159
2025-12-11T11:01:14.649888,bike_61217
2025-12-11T11:01:06.832990,bike_76982
2025-12-11T11:01:10.632261,bike_88892
2025-12-11T11:01:07.810155,bike_46422
2025-12-11T11:01:06.112850,bike_26186
2025-12-11T05:01:05.049261,bike_50747
2025-12-11T11:01:15.210146,bike_76601
2025-12-11T11:01:15.064172,bike_22472
2025-12-11T11:01:07.784071,bike_68757
2025-12-11T11:01:08.630100,bike_88410
2025-12-11T11:01:08.050907,bike_06586
2025-12-11T11:01:16.591455,bike_88680
2025-12-11T11:01:10.243556,bike_44743
2025-12-11T11:01:11.424138,bike_89192
2025-12-05T05:01:14.203195,bike_04058
2025-12-11T11:01:08.033360,bike_63647
2025-12-11T11:01:16.973487,bike_72666
2025-12-11T11:01:06.224142,bike_69205
2025-12-11T11:01:15.233996,bike_89701
2025-12-11T11:01:12.644108,bike_75690
2025-12-11T11:01:08.870208,bike_39978
2025-12-11T11:01:08.724188,bike_43416
2025-12-11T11:01:10.190703,bike_03689
2025-12-11T11:01:14.392691,bike_69434
2025-12-11T11:01:07.452519,bike_45402
2025-12-11T11:01:08.732871,bike_77447
2025-12-11T11:01:11.769825,bike_50999
2025-12-07T05:01:07.634133,bike_39200
2025-12-11T11:01:10.173272,bike_45156
2025-12-11T11:01:06.592727,bike_44054
2025-11-30T11:01:09.564036,bike_62087
2025-12-11T11:01:08.891815,bike_77095
2025-12-11T11:01:14.584211,bike_10979
2025-12-11T11:01:07.630457,bike_61196
2025-12-11T11:01:07.654525,bike_61615
2025-12-11T11:01:08.133255,bike_05309
2025-12-11T11:01:08.830073,bike_57509
2025-12-11T11:01:09.904178,bike_16307
2025-12-11T11:01:10.073765,bike_25653
2025-12-11T11:01:16.664214,bike_67400
2025-12-11T11:01:13.724256,bike_57544
2025-12-11T11:01:11.953246,bike_43766
2025-12-11T11:01:09.764142,bike_46334
2025-12-11T11:01:08.124272,bike_72342
2025-12-11T11:01:11.204178,bike_68505
2025-12-11T11:01:08.670591,bike_72575
2025-12-11T11:01:16.350899,bike_77387
2025-12-11T11:01:14.013684,bike_76627
2025-12-11T11:01:10.364224,bike_67687
2025-12-07T17:01:10.434754,bike_36102
2025-12-10T17:01:09.399409,bike_72243
2025-12-11T11:01:06.433344,bike_55790
2025-12-11T11:01:08.504276,bike_19739
2025-12-11T11:01:06.049751,bike_88763
2025-12-11T11:01:13.452749,bike_57775
2025-12-11T11:01:09.484144,bike_26157
2025-12-11T11:01:12.593600,bike_88813
2025-12-11T11:01:12.864198,bike_88015
2025-11-30T23:01:05.994678,bike_47671
2025-12-11T05:01:02.671269,bike_79587
2025-12-09T17:01:13.778647,bike_79114
2025-12-11T11:01:14.853055,bike_03081
2025-12-11T11:01:09.970582,bike_74590
2025-12-11T11:01:09.305221,bike_69759
2025-12-11T11:01:13.711241,bike_79560
2025-12-11T11:01:08.464234,bike_79568
2025-12-11T11:01:06.477071,bike_80555
2025-12-11T11:01:06.792924,bike_44522
2025-12-11T11:01:11.653158,bike_46590
2025-12-11T11:01:09.724168,bike_80977
2025-12-03T17:01:06.814403,bike_18971
2025-12-03T17:01:11.552455,bike_47560
2025-12-11T11:01:09.404189,bike_17225
2025-12-11T11:01:16.784133,bike_80300
2025-12-11T11:01:12.684175,bike_17176
2025-12-11T11:01:15.350518,bike_80734
2025-12-11T11:01:10.984818,bike_43530
2025-12-11T11:01:07.591462,bike_58555
2025-12-11T11:01:15.131075,bike_71919
2025-12-11T11:01:14.210114,bike_48040
2025-12-11T11:01:12.573682,bike_20390
2025-12-11T11:01:16.704153,bike_52881
2025-12-11T11:01:12.050610,bike_48064
2025-12-11T11:01:08.891826,bike_88745
2025-12-11T11:01:10.693123,bike_23213
2025-12-11T11:01:11.573319,bike_46959
2025-12-11T11:01:13.951917,bike_17351
2025-12-11T11:01:08.150686,bike_74666
2025-12-11T11:01:07.724998,bike_19755
2025-12-11T11:01:09.553280,bike_75550
2025-12-11T11:01:13.211215,bike_22205
2025-12-11T11:01:12.284147,bike_71408
2025-12-11T11:01:06.485987,bike_81811
2025-12-01T05:01:06.483960,bike_47956
2025-12-05T23:01:04.291250,bike_30180
2025-12-11T11:01:12.773607,bike_67377
2025-12-11T11:01:12.253292,bike_69226
2025-12-11T11:01:09.090363,bike_77044
2025-12-11T11:01:16.744184,bike_74043
2025-12-11T11:01:15.051026,bike_88707
2025-12-11T11:01:14.170732,bike_70563
2025-12-11T11:01:14.091713,bike_79232
2025-12-10T23:01:14.416290,bike_73909
2025-12-11T11:01:11.653196,bike_03412
2025-12-11T11:01:09.984172,bike_53013
2025-12-11T11:01:15.064196,bike_43058
2025-12-11T11:01:10.890881,bike_26864
2025-12-11T11:01:08.491036,bike_80919
2025-12-11T11:01:10.324196,bike_20122
2025-12-08T23:01:14.363179,bike_08109
2025-12-11T11:01:06.913397,bike_16200
2025-12-11T11:01:08.332005,bike_50533
2025-12-11T11:01:06.824121,bike_73926
2025-12-11T11:01:12.144203,bike_69105
2025-12-03T23:01:08.458844,bike_89561
2025-12-11T11:01:08.491021,bike_17666
2025-12-11T11:01:07.024215,bike_46578
2025-12-11T11:01:15.530754,bike_62975
2025-12-11T11:01:14.370157,bike_03318
2025-12-11T11:01:06.673421,bike_06380
2025-12-11T11:01:13.470816,bike_77307
2025-12-11T11:01:16.990948,bike_44269
2025-12-11T11:01:09.453188,bike_63728
2025-12-11T11:01:13.893730,bike_45809
2025-12-11T11:01:09.553322,bike_10436
2025-12-11T11:01:11.752883,bike_46372
2025-12-11T11:01:07.694435,bike_80788
2025-12-11T11:01:15.290810,bike_61762
2025-12-11T05:01:12.149414,bike_69156
2025-12-11T11:01:14.449859,bike_74179
2025-12-11T11:01:08.613007,bike_89511
2025-12-11T11:01:16.504183,bike_88851
2025-12-11T11:01:10.010310,bike_80531
2025-12-11T11:01:08.591602,bike_88239
2025-12-11T11:01:14.324219,bike_63009
2025-12-11T11:01:12.773615,bike_43128
2025-12-11T11:01:07.084170,bike_76174
2025-12-11T11:01:06.890315,bike_78079
2025-12-11T11:01:06.953100,bike_51890
2025-12-10T23:01:05.585521,bike_81214
2025-12-11T11:01:05.844032,bike_62677
2025-12-11T11:01:14.104246,bike_89672
2025-12-10T17:01:04.259128,bike_85412
2025-12-11T11:01:08.504225,bike_45168
2025-12-11T11:01:09.051588,bike_52819
2025-12-11T11:01:16.691282,bike_67741
2025-12-11T05:01:05.181903,bike_71424
2025-12-10T05:01:08.451730,bike_42887
2025-12-11T11:01:15.632088,bike_70123
2025-12-11T11:01:15.464168,bike_77702
2025-12-11T11:01:09.631235,bike_17683
2025-12-11T11:01:09.813755,bike_52868
2025-12-10T05:01:08.560481,bike_47589
2025-12-11T11:01:13.653536,bike_79488
2025-12-11T11:01:10.190718,bike_44991
2025-12-11T11:01:13.973651,bike_51446
2025-12-10T23:01:13.995554,bike_71654
2025-12-11T11:01:11.590668,bike_19934
2025-12-11T11:01:15.073121,bike_43375
2025-12-11T11:01:08.944074,bike_72656
2025-12-11T11:01:14.272983,bike_88321
2025-12-07T17:01:03.087595,bike_53112
2025-12-11T11:01:09.224147,bike_46359
2025-12-11T11:01:09.512834,bike_75385
2025-12-11T11:01:07.604264,bike_60609
2025-12-11T11:01:08.264186,bike_42545
2025-12-11T11:01:05.968577,bike_50736
2025-12-11T11:01:13.951895,bike_23339
2025-12-11T11:01:15.828868,bike_81233
2025-12-11T11:01:09.844178,bike_52137
2025-12-11T11:01:12.471150,bike_04529
2025-12-11T11:01:06.673464,bike_44545
2025-12-11T11:01:11.050838,bike_12060
2025-12-11T11:01:14.584182,bike_79345
2025-12-11T11:01:06.904215,bike_61481
2025-12-11T11:01:07.489235,bike_81071
2025-12-11T11:01:14.773096,bike_63166
2025-12-11T11:01:14.353170,bike_19652
2025-12-11T11:01:16.644242,bike_19512
2025-12-11T11:01:05.914750,bike_52276
2025-12-11T11:01:07.124250,bike_56051
2025-12-11T11:01:15.513273,bike_51674
2025-12-11T11:01:06.193103,bike_16991
2025-12-11T11:01:15.850392,bike_42704
2025-12-11T11:01:08.290463,bike_80093
2025-12-11T11:01:07.712106,bike_48033
2025-12-11T11:01:05.914763,bike_59002
2025-12-11T11:01:13.413576,bike_80599
2025-12-01T11:01:05.166045,bike_67082
2025-12-11T11:01:07.053480,bike_43793
2025-12-11T11:01:16.131068,bike_76949
2025-12-11T11:01:09.273382,bike_89517
2025-12-11T11:01:12.350707,bike_45189
2025-12-11T11:01:08.891791,bike_77342
2025-12-11T11:01:16.104167,bike_70140
2025-12-11T11:01:15.513224,bike_50882
2025-12-11T11:01:16.490582,bike_80663
2025-12-11T11:01:06.304089,bike_44994
2025-12-11T05:01:12.670581,bike_43877
2025-12-11T11:01:08.904158,bike_38641
2025-12-11T11:01:08.604172,bike_52432
2025-12-11T11:01:08.944118,bike_44829
2025-12-11T11:01:11.370587,bike_57431
2025-12-11T11:01:13.024241,bike_43091
2025-12-11T11:01:14.234026,bike_24778
2025-12-11T11:01:11.432881,bike_76615
2025-12-11T11:01:09.764175,bike_86088
2025-12-10T11:01:09.819711,bike_06445
2025-12-11T11:01:08.273269,bike_76512
2025-12-04T23:01:08.445399,bike_68540
2025-12-11T11:01:12.864171,bike_09087
2025-12-06T11:01:10.020594,bike_61423
2025-12-11T11:01:14.853040,bike_79119
2025-12-11T11:01:08.331997,bike_69721
2025-12-11T05:01:07.190922,bike_78717
2025-12-11T11:01:14.300770,bike_52530
2025-12-11T11:01:15.064166,bike_13030
2025-12-11T11:01:14.473195,bike_21722
2025-12-11T11:01:14.004288,bike_80271
2025-12-11T11:01:07.533037,bike_53087
2025-12-10T23:01:05.735769,bike_88988
2025-12-05T11:01:05.490427,bike_89604
2025-12-11T11:01:10.632245,bike_44880
2025-11-28T11:01:41.203800,bike_21109
2025-12-11T11:01:12.244170,bike_26184
2025-12-11T11:01:13.293276,bike_85204
2025-12-11T11:01:11.090183,bike_74792
2025-12-11T11:01:07.913197,bike_89929
2025-12-11T11:01:08.930823,bike_44387
2025-12-11T11:01:06.570651,bike_72858
2025-12-11T11:01:09.644232,bike_46917
2025-12-10T23:01:13.078194,bike_79765
2025-12-11T11:01:12.930343,bike_89948
2025-12-11T11:01:13.724235,bike_24002
2025-12-11T11:01:16.490554,bike_89612
2025-12-11T11:01:16.914572,bike_78481
2025-12-11T11:01:06.477031,bike_68723
2025-12-11T11:01:06.410698,bike_23944
2025-12-10T23:01:06.108849,bike_21293
2025-12-11T11:01:15.131027,bike_03005
2025-12-10T23:01:09.298424,bike_04332
2025-12-11T11:01:16.184205,bike_45865
2025-12-11T05:01:07.850678,bike_81080
2025-12-11T11:01:16.033955,bike_23470
2025-12-11T11:01:16.973474,bike_70532
2025-12-11T11:01:08.530675,bike_85093
2025-12-11T05:01:11.609411,bike_55750
2025-12-11T11:01:09.570539,bike_81063
2025-12-11T11:01:16.573712,bike_63862
2025-12-11T11:01:10.324206,bike_46271
2025-12-11T11:01:08.591651,bike_80593
2025-12-11T11:01:15.210161,bike_72576
2025-12-02T11:01:04.475072,bike_69250
2025-12-11T11:01:07.344172,bike_73468
2025-12-11T11:01:10.492476,bike_58344
2025-12-08T17:01:04.316257,bike_72364
2025-12-11T11:01:15.273310,bike_76057
2025-12-11T11:01:15.033708,bike_05240
2025-12-09T17:01:07.806467,bike_53338
2025-12-11T11:01:09.193121,bike_01069
2025-12-11T11:01:09.912962,bike_57976
2025-12-11T11:01:12.844209,bike_16679
2025-12-11T11:01:08.630097,bike_05889
2025-12-11T11:01:13.452779,bike_24352
2025-12-11T11:01:14.544196,bike_52420
2025-12-04T11:01:11.198759,bike_62873
2025-12-11T11:01:12.114157,bike_88868
2025-12-11T05:01:06.303086,bike_75296
2025-12-11T11:01:16.850051,bike_88339
2025-12-11T11:01:09.530331,bike_55544
2025-12-11T11:01:11.724165,bike_15488
2025-12-11T11:01:09.773253,bike_23034
2025-12-11T11:01:08.344173,bike_77835
2025-12-11T11:01:15.184207,bike_79422
2025-12-11T11:01:15.513265,bike_85164
2025-12-11T11:01:05.968612,bike_89413
2025-12-11T11:01:13.111308,bike_82823
2025-12-11T11:01:06.184119,bike_69184
2025-12-11T11:01:12.333268,bike_89557
2025-11-30T11:01:04.788587,bike_62236
2025-12-11T11:01:08.371171,bike_00174
2025-12-11T05:01:08.010404,bike_69218
2025-12-05T17:01:12.401944,bike_58399
2025-12-11T11:01:06.971055,bike_80889
2025-12-11T11:01:07.044214,bike_44035
2025-12-11T11:01:15.430698,bike_51546
2025-12-11T11:01:12.904212,bike_77318
2025-12-11T11:01:11.490753,bike_58035
2025-12-11T11:01:12.504150,bike_38548
2025-12-11T11:01:13.684197,bike_78819
2025-12-11T11:01:06.393107,bike_61043
2025-12-11T11:01:12.453835,bike_80955
2025-12-11T11:01:13.511675,bike_43956
2025-12-11T11:01:07.824130,bike_19728
2025-12-11T11:01:14.170791,bike_82496
2025-12-11T11:01:14.553326,bike_24757
2025-12-11T11:01:07.204225,bike_53291
2025-12-11T11:01:11.450500,bike_46191
2025-12-11T11:01:12.724225,bike_03471
2025-12-11T11:01:13.489473,bike_63360
2025-12-11T11:01:13.193756,bike_47942
2025-12-11T11:01:13.193727,bike_07370
2025-12-11T11:01:09.444054,bike_55006
2025-12-11T11:01:06.971039,bike_44304
2025-12-01T11:01:08.657173,bike_88165
2025-12-11T11:01:12.724176,bike_42624
2025-12-11T11:01:13.354924,bike_42853
2025-12-11T05:01:10.250701,bike_88946
2025-12-11T11:01:10.971243,bike_81096
2025-12-11T11:01:07.984167,bike_20958
2025-12-11T11:01:08.644211,bike_16375
2025-12-11T05:01:11.008027,bike_73802
2025-12-11T11:01:12.104937,bike_67506
2025-12-11T11:01:07.930242,bike_67561
2025-12-11T11:01:14.910421,bike_42587
2025-12-11T11:01:07.613063,bike_81817
2025-12-11T11:01:14.964195,bike_22882
2025-12-11T05:01:12.276542,bike_42677
2025-12-11T11:01:06.744146,bike_52565
2025-12-11T05:01:02.948418,bike_43605
2025-12-10T17:01:09.867237,bike_67573
2025-12-11T11:01:13.875677,bike_89821
2025-12-11T11:01:09.930912,bike_77439
2025-12-11T11:01:12.550683,bike_13527
2025-12-11T11:01:16.090171,bike_79281
2025-12-10T17:01:02.757690,bike_46844
2025-12-11T11:01:15.333243,bike_67174
2025-12-11T11:01:09.113102,bike_68436
2025-12-11T05:01:03.827386,bike_01029
2025-12-10T17:01:08.921054,bike_23462
2025-12-11T11:01:10.531049,bike_20457
2025-12-10T23:01:11.215540,bike_47982
2025-11-29T17:01:03.977077,bike_73581
2025-12-07T17:01:06.793659,bike_79889
2025-12-11T11:01:11.670324,bike_75734
2025-12-11T11:01:06.770264,bike_74134
2025-12-11T11:01:12.310007,bike_70347
2025-12-11T11:01:08.891772,bike_79569
2025-12-04T23:01:08.468659,bike_89702
2025-12-11T11:01:08.992871,bike_46166
2025-12-11T11:01:06.784182,bike_88422
2025-12-11T11:01:07.913186,bike_72476
2025-12-05T11:01:06.752357,bike_60572
2025-12-11T11:01:16.072968,bike_44989
2025-12-11T05:01:06.251123,bike_78766
2025-12-11T11:01:05.959959,bike_67735
2025-12-11T11:01:15.131067,bike_80947
2025-12-11T11:01:07.712133,bike_15383
2025-12-11T05:01:05.367825,bike_68043
2025-12-11T11:01:06.609855,bike_12204
2025-12-09T23:01:12.763184,bike_78068
2025-12-11T11:01:13.430819,bike_44689
2025-11-27T18:03:48.985142,bike_55559
2025-12-11T11:01:10.270374,bike_63117
2025-12-11T11:01:06.904182,bike_62050
2025-12-11T11:01:14.104249,bike_88860
2025-12-11T11:01:13.711257,bike_33052
2025-12-09T05:01:11.407008,bike_70031
2025-12-11T11:01:08.371146,bike_88351
2025-12-11T05:01:10.911546,bike_50461
2025-12-11T11:01:06.993207,bike_73741
2025-12-11T11:01:11.190570,bike_51081
2025-12-11T11:01:09.544200,bike_78498
2025-12-11T11:01:10.451416,bike_75090
2025-12-11T11:01:06.104037,bike_80907
2025-12-11T11:01:09.544214,bike_23578
2025-12-11T11:01:12.904183,bike_63195
2025-12-11T11:01:10.644158,bike_44264
2025-12-11T11:01:08.530642,bike_56211
2025-12-11T11:01:12.692997,bike_52469
2025-12-04T23:01:14.240339,bike_60501
2025-12-11T11:01:11.904229,bike_86065
2025-12-11T11:01:10.790798,bike_80215
2025-12-11T11:01:11.804204,bike_81828
2025-12-11T11:01:08.124275,bike_77073
2025-12-01T17:01:09.184648,bike_48048
2025-12-11T11:01:06.650529,bike_51007
2025-12-11T11:01:11.533504,bike_61956
2025-12-11T11:01:06.584135,bike_58752
2025-12-11T05:01:10.490572,bike_77343
2025-12-11T11:01:13.312198,bike_52181
2025-12-11T11:01:06.010669,bike_00037
2025-12-11T11:01:08.090512,bike_63688
2025-12-11T11:01:11.244158,bike_26189
2025-12-11T11:01:09.953270,bike_44549
2025-12-10T11:01:03.060639,bike_74934
2025-12-09T23:01:05.562939,bike_55673
2025-12-11T11:01:06.072979,bike_80536
2025-12-09T11:01:11.519168,bike_81635
2025-12-11T11:01:11.450502,bike_88639
2025-12-11T11:01:11.151227,bike_44431
2025-12-11T11:01:12.430881,bike_75844
2025-12-11T11:01:08.552130,bike_85360
2025-12-11T11:01:06.279330,bike_57631
2025-12-11T11:01:12.144185,bike_80236
2025-12-11T11:01:12.309996,bike_62051
2025-12-11T11:01:13.404179,bike_35289
2025-12-11T11:01:08.732883,bike_80853
2025-12-11T11:01:16.324192,bike_88180
2025-12-11T11:01:06.184098,bike_60870
2025-12-07T17:01:08.762643,bike_47385
2025-11-29T11:01:08.647311,bike_20920
2025-12-11T11:01:15.944154,bike_62326
2025-12-11T11:01:07.044212,bike_58858
2025-12-10T23:01:11.757785,bike_88874
2025-12-11T11:01:07.604249,bike_68053
2025-12-11T11:01:08.073261,bike_89963
2025-12-11T11:01:16.784143,bike_52180
2025-12-11T11:01:06.810091,bike_53109
2025-12-11T11:01:12.724190,bike_76008
2025-12-11T11:01:07.204206,bike_77771
2025-12-11T11:01:15.153110,bike_37510
2025-12-11T11:01:06.193063,bike_62699
2025-12-11T11:01:06.832965,bike_74301
2025-12-11T11:01:10.930168,bike_72541
2025-12-11T11:01:14.951931,bike_46014
2025-12-11T11:01:11.830439,bike_69140
2025-12-11T11:01:14.831164,bike_55294
2025-12-11T11:01:07.824154,bike_69710
2025-12-11T11:01:13.711228,bike_67307
2025-12-11T11:01:14.531081,bike_02041
2025-12-11T11:01:06.144137,bike_61857
2025-12-11T11:01:07.489238,bike_80837
2025-12-11T11:01:12.114127,bike_88535
2025-12-11T11:01:09.414225,bike_71141
2025-12-11T05:01:11.021910,bike_78197
2025-12-11T11:01:11.912929,bike_57045
2025-12-11T11:01:10.711315,bike_79296
2025-12-11T11:01:08.653081,bike_68029
2025-12-11T11:01:11.231283,bike_75326
2025-12-11T11:01:08.852940,bike_46495
2025-12-11T11:01:12.404128,bike_20848
2025-12-11T05:01:11.490591,bike_78950
2025-12-10T23:01:08.058136,bike_57203
2025-12-11T11:01:09.813739,bike_23738
2025-12-11T11:01:13.344228,bike_51277
2025-12-11T11:01:14.984281,bike_51096
2025-12-11T11:01:14.170746,bike_12308
2025-12-11T11:01:11.953214,bike_01021
2025-12-11T05:01:09.448096,bike_17229
2025-12-11T11:01:09.711248,bike_67568
2025-12-11T11:01:15.090031,bike_58401
2025-12-11T11:01:10.033308,bike_78037
2025-12-11T11:01:16.744176,bike_62126
2025-12-11T05:01:05.210092,bike_82267
2025-12-11T11:01:15.273295,bike_72265
2025-12-11T11:01:12.471155,bike_44605
2025-12-11T11:01:08.241843,bike_24213
2025-12-11T11:01:09.813704,bike_43578
2025-12-11T11:01:09.670565,bike_45686
2025-12-11T11:01:12.244234,bike_17939
2025-12-11T11:01:12.930327,bike_89833
2025-12-11T11:01:14.683484,bike_03644
2025-12-11T11:01:08.844158,bike_62021
2025-12-11T11:01:08.344207,bike_70395
2025-12-11T11:01:12.804221,bike_58416
2025-12-11T11:01:13.604199,bike_50843
2025-12-11T11:01:14.353214,bike_50765
2025-12-11T11:01:07.053488,bike_07416
2025-12-11T11:01:12.573662,bike_67230
2025-12-06T17:01:09.465808,bike_88760
2025-12-11T11:01:12.533202,bike_20953
2025-12-11T11:01:07.864183,bike_43225
2025-12-11T11:01:08.090478,bike_53301
2025-12-11T05:01:12.957987,bike_23452
2025-12-11T11:01:14.984257,bike_42810
2025-12-11T11:01:06.424140,bike_07190
2025-12-11T11:01:06.953103,bike_50783
2025-12-11T11:01:14.893031,bike_07428
2025-12-11T11:01:12.230714,bike_88802
2025-12-11T11:01:07.411172,bike_52088
2025-12-11T05:01:10.469521,bike_75720
2025-12-11T11:01:07.604252,bike_58231
2025-12-11T11:01:08.191369,bike_81864
2025-12-11T11:01:08.491068,bike_00216
2025-12-11T11:01:06.633169,bike_46234
2025-12-09T17:01:11.105622,bike_73984
2025-12-10T17:01:08.658033,bike_86034
2025-12-11T11:01:14.773063,bike_56222
2025-12-11T11:01:10.813627,bike_88543
2025-12-11T11:01:08.791214,bike_10317
2025-12-11T11:01:12.612635,bike_46527
2025-12-11T11:01:10.745530,bike_67690
2025-12-11T11:01:06.744148,bike_68884
2025-12-11T11:01:15.724211,bike_74416
2025-12-11T11:01:06.704182,bike_81849
2025-12-11T11:01:07.630502,bike_62932
2025-12-11T11:01:10.164207,bike_22019
2025-12-11T11:01:09.210554,bike_61713
2025-12-11T11:01:16.713098,bike_79611
2025-12-11T11:01:08.591648,bike_48053
2025-12-09T11:01:11.419135,bike_88755
2025-12-11T11:01:17.031238,bike_76054
2025-12-11T11:01:16.631001,bike_11282
2025-12-11T11:01:10.813617,bike_06412
2025-12-10T23:01:05.876447,bike_80728
2025-12-10T17:01:00.521690,bike_88188
2025-12-11T05:01:06.588743,bike_69248
2025-12-11T11:01:07.944118,bike_50718
2025-12-11T11:01:14.553293,bike_45509
2025-12-11T11:01:13.111260,bike_18994
2025-12-11T05:01:06.941906,bike_62435
2025-12-11T11:01:13.312208,bike_52696
2025-12-11T11:01:10.010313,bike_45125
2025-12-11T11:01:11.312820,bike_44576
2025-12-11T11:01:09.984132,bike_88308
2025-12-11T11:01:06.752959,bike_74321
2025-12-11T11:01:11.889482,bike_18499
2025-12-11T11:01:12.629923,bike_50280
2025-12-11T11:01:14.844130,bike_56899
2025-12-11T11:01:06.344092,bike_72623
2025-12-11T11:01:10.131091,bike_53299
2025-12-11T11:01:10.813630,bike_72321
2025-12-11T05:01:03.121854,bike_78272
2025-12-11T11:01:15.153096,bike_89146
2025-12-11T11:01:08.010859,bike_61042
2025-12-11T11:01:09.892558,bike_72810
2025-12-11T11:01:09.010428,bike_80336
2025-12-05T17:01:10.579832,bike_46913
2025-12-11T11:01:06.144108,bike_77136
2025-12-11T11:01:11.953217,bike_81873
2025-12-11T11:01:10.971278,bike_73414
2025-12-11T11:01:14.670928,bike_78048
2025-12-08T11:01:06.251905,bike_55502
2025-12-11T11:01:13.671231,bike_23007
2025-12-11T05:01:02.741922,bike_47163
2025-12-11T11:01:14.251474,bike_72368
2025-12-11T11:01:09.113059,bike_81003
2025-12-11T11:01:09.153128,bike_79472
2025-12-11T11:01:08.732926,bike_45585
2025-12-11T11:01:10.333432,bike_67909
2025-12-11T11:01:15.584175,bike_19736
2025-12-11T11:01:14.170788,bike_45486
2025-12-11T11:01:16.184226,bike_85179
2025-12-11T11:01:09.813721,bike_76849
2025-12-09T11:01:07.019239,bike_51570
2025-12-11T11:01:15.234057,bike_70609
2025-12-11T11:01:16.393109,bike_25698
2025-12-11T11:01:13.284215,bike_73720
2025-12-11T11:01:09.844195,bike_46671
2025-12-11T11:01:13.884590,bike_51390
2025-12-11T11:01:16.932135,bike_38044
2025-12-11T11:01:08.473452,bike_79770
2025-12-11T05:01:09.361873,bike_44832
2025-12-11T11:01:08.304270,bike_44728
2025-12-11T11:01:16.290077,bike_62928
2025-12-11T11:01:10.900179,bike_45591
2025-12-10T17:01:08.011772,bike_80410
2025-12-11T11:01:16.644237,bike_63211
2025-12-11T11:01:10.890909,bike_74026
2025-12-11T05:01:06.441912,bike_85535
2025-12-11T11:01:13.011463,bike_72829
2025-12-11T11:01:14.184158,bike_60676
2025-12-11T11:01:08.010848,bike_19811
2025-12-11T11:01:11.012457,bike_69137
2025-12-11T11:01:12.764171,bike_07211
2025-12-11T11:01:12.253287,bike_89971
2025-12-11T11:01:06.984171,bike_88472
2025-12-11T11:01:09.144183,bike_85265
2025-12-11T11:01:13.991176,bike_48095
2025-12-09T23:01:11.422911,bike_86073
2025-12-11T11:01:14.070183,bike_69551
2025-12-11T11:01:16.604252,bike_80622
2025-12-11T11:01:15.593318,bike_46770
2025-12-05T11:01:05.761394,bike_68090
2025-12-11T11:01:10.724144,bike_47442
2025-12-11T11:01:11.473211,bike_55440
2025-12-11T11:01:06.673395,bike_82242
2025-12-07T05:01:02.743895,bike_69033
2025-12-11T11:01:11.904197,bike_77083
2025-12-11T11:01:12.213274,bike_53106
2025-12-11T11:01:08.251506,bike_19667
2025-12-11T11:01:14.933345,bike_72719
2025-12-11T11:01:16.890684,bike_44784
2025-12-11T11:01:14.951955,bike_75220
2025-12-11T11:01:15.793653,bike_70576
2025-12-11T11:01:10.091032,bike_74541
2025-12-11T11:01:08.684196,bike_61753
2025-12-08T23:01:05.946083,bike_47586
2025-12-11T11:01:08.050880,bike_45441
2025-12-11T11:01:09.273379,bike_69429
2025-12-11T05:01:08.172203,bike_44651
2025-12-11T11:01:12.913203,bike_88326
2025-12-11T11:01:14.513414,bike_03305
2025-12-11T11:01:09.264199,bike_73965
2025-12-11T11:01:12.724187,bike_82213
2025-12-11T11:01:11.590677,bike_70241
2025-12-11T11:01:12.904166,bike_56157
2025-12-11T05:01:04.390679,bike_89621
2025-12-09T23:01:13.723147,bike_18933
2025-12-11T11:01:16.144237,bike_02486
2025-12-11T11:01:10.351179,bike_51035
2025-12-11T11:01:14.264213,bike_80744
2025-12-11T11:01:14.951965,bike_75195
2025-12-11T11:01:08.644187,bike_77262
2025-12-11T11:01:15.324233,bike_81859
2025-12-11T11:01:08.953435,bike_56151
2025-12-11T05:01:05.801876,bike_04488
2025-12-11T11:01:14.692349,bike_45142
2025-12-11T05:01:09.541955,bike_81838
2025-12-11T11:01:12.773570,bike_78554
2025-12-11T11:01:13.244198,bike_67945
2025-12-11T11:01:15.593344,bike_23216
2025-12-06T17:01:11.317478,bike_60441
2025-12-11T05:01:06.041929,bike_62685
2025-12-11T11:01:07.550536,bike_50572
2025-12-03T23:01:12.311214,bike_76659
2025-12-11T11:01:09.904174,bike_67582
2025-12-11T11:01:08.424351,bike_80164
2025-12-11T11:01:07.613076,bike_34365
2025-12-11T11:01:06.344097,bike_02231
2025-12-11T11:01:15.373093,bike_51943
2025-12-10T05:01:02.146061,bike_78440
2025-12-08T17:01:12.216248,bike_77606
2025-12-02T05:01:09.809678,bike_67387
2025-12-11T11:01:10.364179,bike_09113
2025-12-11T05:01:09.590838,bike_19847
2025-12-11T11:01:08.644200,bike_72756
2025-12-11T11:01:12.653050,bike_67914
2025-12-05T17:01:07.442193,bike_03107
2025-12-11T11:01:15.984210,bike_80822
2025-12-09T17:01:10.344948,bike_62042
2025-12-11T11:01:07.133073,bike_81017
2025-12-11T11:01:07.970116,bike_37836
2025-12-11T11:01:14.251525,bike_56333
2025-12-10T17:01:05.536571,bike_44680
2025-12-11T11:01:10.204108,bike_76387
2025-12-11T11:01:08.750015,bike_75411
2025-12-11T11:01:07.890139,bike_70865
2025-12-09T17:01:09.625481,bike_19560
2025-12-11T11:01:11.133289,bike_24532
2025-12-11T11:01:15.530790,bike_18174
2025-12-11T11:01:15.144172,bike_46570
2025-12-11T11:01:15.373128,bike_61266
2025-12-11T05:01:05.210055,bike_85095
2025-12-11T11:01:08.573636,bike_50995
2025-12-11T11:01:11.953264,bike_82514
2025-12-11T11:01:11.830436,bike_08643
2025-12-11T11:01:15.820070,bike_81834
2025-12-11T11:01:14.392686,bike_68185
2025-12-11T11:01:06.633186,bike_52708
2025-12-11T11:01:09.314472,bike_78196
2025-12-11T11:01:10.593087,bike_78834
2025-12-11T11:01:16.769770,bike_75541
2025-12-11T11:01:14.531113,bike_43342
2025-12-11T05:01:12.391457,bike_81217
2025-12-11T11:01:08.870210,bike_10785
2025-12-11T11:01:13.711238,bike_78936
2025-12-11T11:01:07.984172,bike_58512
2025-12-11T11:01:09.453231,bike_86023
2025-12-10T23:01:14.295438,bike_24625
2025-12-11T11:01:11.684171,bike_43774
2025-12-11T11:01:12.904194,bike_75766
2025-12-11T11:01:16.769781,bike_45326
2025-12-11T11:01:06.584124,bike_56785
2025-12-10T11:01:04.032983,bike_82826
2025-12-11T11:01:16.504197,bike_42905
2025-12-06T11:01:10.204676,bike_47909
2025-12-11T11:01:15.570444,bike_02413
2025-12-11T11:01:07.384238,bike_43560
2025-12-11T11:01:09.144170,bike_73704
2025-12-11T11:01:16.170800,bike_77418
2025-12-11T11:01:15.364205,bike_80216
2025-12-11T05:01:13.070992,bike_14593
2025-12-11T11:01:11.113300,bike_77467
2025-12-01T23:01:05.924621,bike_77598
2025-12-11T11:01:09.153091,bike_70237
2025-12-11T11:01:06.170076,bike_74490
2025-12-11T11:01:06.312978,bike_77772
2025-12-06T23:01:08.852730,bike_55226
2025-12-11T11:01:16.644232,bike_46511
2025-12-11T11:01:06.010675,bike_44762
2025-12-11T11:01:08.711619,bike_88549
2025-12-11T11:01:06.112845,bike_57278
2025-12-11T11:01:05.933186,bike_51885
2025-12-11T11:01:10.464208,bike_47198
2025-12-11T11:01:08.473460,bike_77876
2025-12-11T11:01:09.344212,bike_63313
2025-12-11T11:01:16.364200,bike_42561
2025-12-11T11:01:06.049759,bike_88446
2025-12-11T05:01:13.621899,bike_45807
2025-12-11T11:01:08.953448,bike_89454
2025-12-11T11:01:14.844163,bike_24144
2025-12-11T11:01:12.913164,bike_11168
2025-12-11T11:01:14.893020,bike_46728
2025-12-11T11:01:11.670314,bike_56620
2025-12-11T11:01:11.490732,bike_89225
2025-12-11T11:01:15.872698,bike_19025
2025-12-11T11:01:12.404133,bike_76800
2025-12-11T11:01:14.370188,bike_44310
2025-12-11T11:01:06.993217,bike_67120
2025-12-11T11:01:16.784109,bike_76545
2025-12-11T11:01:14.264265,bike_23695
2025-12-10T17:01:02.706846,bike_74866
2025-12-11T11:01:10.090983,bike_70912
2025-12-11T11:01:11.912919,bike_53007
2025-12-11T11:01:14.553295,bike_88177
2025-12-11T11:01:11.864151,bike_76327
2025-12-05T17:01:09.362368,bike_73958
2025-12-11T11:01:15.010882,bike_51467
2025-12-11T11:01:09.831239,bike_46503
2025-12-11T11:01:14.091697,bike_07131
2025-12-11T11:01:16.691329,bike_89903
2025-12-11T11:01:09.553313,bike_63697
2025-12-11T11:01:10.164192,bike_89350
2025-12-11T11:01:07.344216,bike_07195
2025-12-11T11:01:06.410675,bike_21321
2025-12-10T23:01:06.698542,bike_46935
2025-12-11T11:01:13.044295,bike_25732
2025-12-08T05:01:08.486292,bike_51614
2025-12-11T11:01:08.564414,bike_07013
2025-12-11T11:01:16.752815,bike_86032
2025-12-11T11:01:14.670948,bike_72949
2025-12-11T11:01:10.571905,bike_23158
2025-12-11T11:01:09.644187,bike_79531
2025-12-11T11:01:08.512902,bike_03672
2025-12-10T17:01:07.800477,bike_72370
2025-12-11T11:01:11.830432,bike_73452
2025-12-11T11:01:14.790580,bike_73545
2025-12-11T11:01:15.114015,bike_43306
2025-12-11T11:01:12.010485,bike_72309
2025-12-11T11:01:11.851780,bike_16072
2025-12-07T17:01:04.327470,bike_78119
2025-12-11T11:01:15.953221,bike_61129
2025-12-11T11:01:13.373594,bike_04409
2025-12-11T11:01:07.011114,bike_80347
2025-12-11T11:01:05.959991,bike_50218
2025-12-11T11:01:12.064186,bike_42522
2025-12-11T11:01:16.453637,bike_43564
2025-12-11T11:01:07.230424,bike_74863
2025-12-11T11:01:15.784227,bike_56675
2025-12-11T11:01:08.944085,bike_03806
2025-12-08T17:01:07.605471,bike_16491
2025-12-11T11:01:14.300767,bike_86009
2025-12-11T11:01:06.210088,bike_62779
2025-12-11T11:01:09.184218,bike_63291
2025-12-11T11:01:06.792947,bike_08177
2025-12-10T23:01:08.076064,bike_77532
2025-12-11T11:01:15.051049,bike_76588
2025-12-11T11:01:09.129932,bike_86051
2025-12-11T11:01:09.530339,bike_79778
2025-12-11T11:01:10.684123,bike_42681
2025-12-11T11:01:13.324191,bike_51289
2025-11-30T05:01:14.968625,bike_63653
2025-12-11T11:01:12.213309,bike_50425
2025-12-11T11:01:06.553075,bike_89301
2025-12-11T11:01:12.890609,bike_67752
2025-12-11T11:01:11.133314,bike_44836
2025-12-11T11:01:11.124105,bike_20970
2025-12-11T11:01:06.824134,bike_16687
2025-12-11T11:01:10.252972,bike_70475
2025-12-11T11:01:09.484154,bike_51904
2025-12-11T11:01:12.773567,bike_26933
2025-12-02T17:01:08.829957,bike_21615
2025-12-11T11:01:09.492644,bike_44047
2025-12-11T11:01:15.451889,bike_13763
2025-12-11T11:01:06.494804,bike_63226
2025-12-11T11:01:06.752910,bike_02277
2025-12-11T11:01:12.670199,bike_78019
2025-12-11T05:01:04.367547,bike_88161
2025-12-11T11:01:06.752928,bike_72824
2025-12-11T11:01:12.724184,bike_77892
2025-12-08T23:01:09.526875,bike_51134
2025-12-11T11:01:14.044145,bike_73868
2025-12-11T11:01:15.811160,bike_05912
2025-11-30T05:01:09.289773,bike_81697
2025-12-11T11:01:06.553087,bike_68117
2025-12-11T11:01:13.111303,bike_76467
2025-12-11T11:01:15.464205,bike_68224
2025-12-11T11:01:10.131125,bike_86098
2025-12-11T11:01:14.813146,bike_78109
2025-12-11T11:01:06.024188,bike_73994
2025-12-11T11:01:08.984154,bike_78601
2025-12-11T11:01:07.872913,bike_46337
2025-12-11T11:01:12.324200,bike_78839
2025-12-11T11:01:08.830101,bike_14798
2025-12-11T11:01:11.613468,bike_20102
2025-12-11T11:01:14.704194,bike_45363
2025-12-11T11:01:07.824138,bike_51851
2025-12-08T11:01:04.231673,bike_80934
2025-12-11T11:01:08.552095,bike_81746
2025-12-06T17:01:10.533071,bike_74471
2025-12-11T05:01:11.662004,bike_73651
2025-12-11T11:01:07.890131,bike_53391
2025-12-11T11:01:08.992913,bike_63012
2025-12-11T11:01:15.051018,bike_60145
2025-12-11T11:01:08.164229,bike_81475
2025-12-11T11:01:11.231265,bike_15521
2025-12-11T11:01:12.550680,bike_57930
2025-12-11T11:01:16.299265,bike_57858
2025-12-11T11:01:06.064053,bike_78844
2025-12-11T11:01:08.273251,bike_50797
2025-12-10T11:01:05.438690,bike_39780
2025-12-11T11:01:12.090380,bike_47202
2025-12-11T11:01:09.232441,bike_42912
2025-12-11T11:01:16.211566,bike_15381
2025-12-11T11:01:11.464196,bike_77635
2025-12-11T11:01:08.913077,bike_78058
2025-12-11T11:01:06.384132,bike_16990
2025-12-11T11:01:11.752885,bike_67369
2025-12-11T11:01:07.833363,bike_63563
2025-12-11T11:01:07.092911,bike_78907
2025-12-11T11:01:11.804222,bike_76868
2025-12-11T11:01:13.127037,bike_50931
2025-12-11T11:01:15.350507,bike_56142
2025-12-11T11:01:10.944115,bike_89897
2025-12-11T11:01:07.872928,bike_72447
2025-12-11T11:01:12.644148,bike_46035
2025-12-11T11:01:07.489277,bike_50877
2025-12-11T11:01:11.464219,bike_51228
2025-12-11T11:01:07.930239,bike_56215
2025-12-11T11:01:12.751692,bike_17281
2025-12-02T17:01:04.755034,bike_89631
2025-12-11T11:01:09.970589,bike_68305
2025-12-11T11:01:09.273368,bike_56418
2025-12-11T11:01:16.033950,bike_62977
2025-12-11T11:01:13.404203,bike_24149
2025-12-11T11:01:08.150659,bike_75314
2025-12-11T11:01:12.430859,bike_21536
2025-12-11T11:01:14.504192,bike_74242
2025-12-11T05:01:12.470766,bike_71007
2025-12-11T11:01:15.090016,bike_03253
2025-12-11T11:01:12.604028,bike_21049
2025-12-04T17:01:11.151465,bike_43552
2025-12-11T11:01:08.530611,bike_88348
2025-12-11T11:01:06.232670,bike_67353
2025-12-11T11:01:08.750000,bike_88524
2025-12-10T23:01:05.259528,bike_46894
2025-12-11T11:01:06.210077,bike_44646
2025-12-11T11:01:10.270447,bike_82263
2025-12-11T11:01:09.804076,bike_46701
2025-12-11T11:01:13.344173,bike_69175
2025-12-11T11:01:15.764272,bike_77174
2025-12-11T11:01:15.473187,bike_76021
2025-12-11T11:01:14.831178,bike_44339
2025-12-11T11:01:07.356462,bike_75069
2025-12-11T11:01:12.131884,bike_15960
2025-12-11T11:01:11.724142,bike_09323
2025-12-11T11:01:14.884305,bike_88334
2025-12-09T17:01:09.584553,bike_62506
2025-12-11T11:01:14.773083,bike_48090
2025-12-11T11:01:07.044209,bike_43406
2025-12-11T11:01:12.733557,bike_08188
2025-12-11T11:01:09.384191,bike_77340
2025-12-11T11:01:08.124260,bike_44357
2025-12-11T11:01:06.953115,bike_46060
2025-12-11T11:01:09.791092,bike_58651
2025-12-11T11:01:13.071825,bike_85173
2025-12-11T11:01:09.470500,bike_09084
2025-12-10T17:01:01.023304,bike_20168
2025-12-11T11:01:08.764237,bike_52570
2025-12-11T11:01:12.930330,bike_11579
2025-12-08T17:01:09.296302,bike_68579
2025-12-10T17:01:06.881054,bike_77695
2025-12-11T11:01:15.210141,bike_51543
2025-12-11T11:01:09.290943,bike_03122
2025-12-11T11:01:12.390227,bike_72619
2025-12-11T11:01:11.244190,bike_03023
2025-12-11T11:01:08.124292,bike_77668
2025-12-11T11:01:16.784146,bike_43510
2025-12-11T11:01:11.392896,bike_76782
2025-12-11T11:01:05.933181,bike_89719
2025-12-01T23:01:10.468566,bike_14039
2025-12-11T11:01:09.870813,bike_44648
2025-12-11T11:01:14.584192,bike_69349
2025-12-11T11:01:11.133302,bike_72734
2025-12-11T11:01:08.791202,bike_61235
2025-12-11T11:01:12.173033,bike_24609
2025-12-11T11:01:11.370605,bike_88038
2025-12-11T11:01:11.992845,bike_70954
2025-12-11T11:01:13.631180,bike_46692
2025-12-11T11:01:14.984260,bike_22863
2025-12-09T17:01:13.304649,bike_11200
2025-12-11T05:01:10.920220,bike_47832
2025-11-29T17:01:06.022699,bike_47419
2025-12-11T11:01:10.554073,bike_47240
2025-12-11T11:01:11.709963,bike_82520
2025-12-11T11:01:12.930354,bike_00731
2025-12-11T11:01:08.844156,bike_18334
2025-12-11T11:01:06.049780,bike_58795
2025-12-11T11:01:08.530655,bike_69067
2025-12-11T11:01:08.104220,bike_69133
2025-12-11T11:01:16.033942,bike_74898
2025-12-11T11:01:09.813763,bike_73812
2025-12-11T11:01:08.344189,bike_72817
2025-12-11T11:01:12.830011,bike_20374
2025-12-11T11:01:14.764178,bike_73418
2025-12-11T11:01:07.173317,bike_76084
2025-12-11T11:01:14.251480,bike_79794
2025-12-11T11:01:08.970816,bike_85336
2025-12-11T11:01:10.324204,bike_71914
2025-12-11T11:01:09.184220,bike_62486
2025-12-11T11:01:14.004309,bike_10148
2025-12-11T11:01:13.489427,bike_82825
2025-11-29T17:01:09.217147,bike_57423
2025-12-11T11:01:10.554070,bike_17106
2025-12-11T11:01:08.064162,bike_60634
2025-12-11T11:01:14.344183,bike_46988
2025-12-11T11:01:12.471142,bike_80297
2025-12-11T11:01:10.073715,bike_88670
2025-12-11T11:01:13.364624,bike_44885
2025-12-11T11:01:12.350683,bike_63216
2025-12-11T11:01:06.270282,bike_20264
2025-12-10T17:01:02.698172,bike_89850
2025-12-11T11:01:07.133078,bike_80686
2025-12-11T11:01:15.764225,bike_88309
2025-12-11T11:01:12.764181,bike_04100
2025-12-11T11:01:13.875659,bike_76190
2025-12-11T11:01:10.544227,bike_78130
2025-12-11T11:01:11.630908,bike_69037
2025-11-30T05:01:12.248602,bike_44736
2025-12-11T11:01:06.193095,bike_80774
2025-12-11T11:01:15.733457,bike_56015
2025-12-11T11:01:12.612579,bike_23051
2025-12-11T11:01:13.193759,bike_76548
2025-12-11T11:01:08.613017,bike_50563
2025-12-11T05:01:06.029004,bike_47296
2025-12-09T17:01:06.778775,bike_16314
2025-12-10T17:01:07.865721,bike_73785
2025-12-11T11:01:15.311899,bike_52310
2025-12-11T11:01:14.344175,bike_78629
2025-12-11T11:01:11.190578,bike_75183
2025-12-11T11:01:06.384168,bike_55824
2025-12-11T11:01:05.924288,bike_15830
2025-12-11T11:01:13.511616,bike_11038
2025-12-09T17:01:11.998639,bike_46963
2025-12-08T23:01:07.803290,bike_55818
2025-12-11T11:01:10.492491,bike_50628
2025-12-11T11:01:14.144236,bike_74986
2025-12-08T05:01:10.246335,bike_21583
2025-12-11T11:01:14.592675,bike_50675
2025-12-11T11:01:11.684222,bike_21669
2025-12-11T11:01:17.000105,bike_46621
2025-12-11T11:01:08.090485,bike_70824
2025-12-10T23:01:09.288723,bike_67047
2025-12-11T11:01:10.311277,bike_78464
2025-12-11T11:01:10.804159,bike_52764
2025-12-11T11:01:11.504206,bike_00346
2025-12-11T11:01:13.271584,bike_00888
2025-12-10T23:01:13.328700,bike_71442
2025-12-11T11:01:16.104131,bike_81906
2025-12-04T05:01:06.248777,bike_88794
2025-12-11T11:01:16.932109,bike_00488
2025-12-11T11:01:11.410505,bike_11431
2025-12-11T11:01:15.904200,bike_45339
2025-12-11T11:01:11.970370,bike_70488
2025-12-11T11:01:07.124295,bike_52301
2025-12-11T11:01:09.684193,bike_86268
2025-12-11T05:01:04.881876,bike_88950
2025-12-11T11:01:06.792940,bike_76735
2025-12-11T11:01:09.404235,bike_82537
2025-12-10T05:01:11.343477,bike_88402
2025-12-11T11:01:15.170407,bike_50193
2025-12-11T11:01:06.691078,bike_67182
2025-12-11T11:01:15.144154,bike_05875
2025-12-11T11:01:12.090335,bike_58121
2025-11-28T17:01:07.077895,bike_47101
2025-12-11T11:01:15.073113,bike_05944
2025-12-11T11:01:06.864198,bike_45015
2025-12-11T11:01:06.570620,bike_24355
2025-12-11T11:01:15.904197,bike_78134
2025-12-11T11:01:09.431509,bike_53139
2025-12-11T11:01:15.593324,bike_47675
2025-11-30T11:01:05.585792,bike_73950
2025-12-11T11:01:09.232397,bike_68755
2025-12-11T11:01:16.533626,bike_55132
2025-12-11T11:01:12.764147,bike_67705
2025-12-11T11:01:12.213325,bike_45105
2025-12-11T11:01:13.284186,bike_44512
2025-12-11T05:01:05.776285,bike_79028
2025-12-11T11:01:16.604260,bike_67473
2025-12-01T23:01:10.055201,bike_42945
2025-12-11T11:01:14.853038,bike_50458
2025-12-11T05:01:07.850604,bike_86015
2025-12-11T11:01:14.091686,bike_89732
2025-12-11T05:01:09.010796,bike_46000
2025-12-11T11:01:09.693433,bike_44294
2025-12-11T11:01:16.481052,bike_45672
2025-12-09T11:01:05.287423,bike_26405
2025-12-11T11:01:06.090333,bike_56140
2025-12-11T11:01:07.150138,bike_10056
2025-12-11T05:01:08.381954,bike_78691
2025-12-11T05:01:06.241967,bike_62214
2025-12-07T23:01:09.611277,bike_22682
2025-12-11T11:01:06.152906,bike_77762
2025-12-11T11:01:14.993583,bike_74450
2025-12-11T11:01:14.383641,bike_72145
2025-12-11T11:01:11.670369,bike_76626
2025-12-11T11:01:06.494769,bike_80982
2025-12-11T11:01:06.112878,bike_56342
2025-12-11T11:01:15.264265,bike_44929
2025-12-11T11:01:16.411304,bike_76320
2025-12-11T11:01:11.524212,bike_02329
2025-12-11T11:01:06.384153,bike_43513
2025-12-11T11:01:08.273259,bike_85063
2025-12-11T11:01:15.404278,bike_07488
2025-12-11T05:01:11.570910,bike_56648
2025-12-11T11:01:09.353517,bike_05478
2025-12-11T11:01:15.064182,bike_43463
2025-12-11T11:01:07.344206,bike_45141
2025-12-11T11:01:09.193123,bike_51336
2025-12-11T11:01:14.831169,bike_88027
2025-12-11T11:01:15.251766,bike_88850
2025-12-11T11:01:10.104225,bike_51338
2025-12-11T11:01:16.914593,bike_51050
2025-12-11T05:01:09.381885,bike_89019
2025-12-11T11:01:09.984184,bike_45419
2025-12-11T11:01:13.111268,bike_62856
2025-12-07T11:01:05.159136,bike_69097
2025-12-11T11:01:14.844174,bike_16497
2025-12-11T11:01:06.049764,bike_44513
2025-12-11T11:01:09.104183,bike_51642
2025-12-11T11:01:10.584169,bike_80143
2025-12-11T11:01:07.913164,bike_00019
2025-12-11T11:01:14.449826,bike_55531
2025-12-10T23:01:14.516113,bike_80135
2025-12-11T11:01:13.571991,bike_45724
2025-12-11T11:01:07.304144,bike_58896
2025-12-11T11:01:07.890104,bike_80891
2025-12-11T11:01:12.090345,bike_08101
2025-12-11T11:01:14.424229,bike_62121
2025-12-11T11:01:12.492722,bike_02780
2025-12-11T11:01:15.890007,bike_89478
2025-12-11T11:01:11.813298,bike_89500
2025-12-11T11:01:14.224189,bike_45374
2025-12-11T11:01:07.270066,bike_22483
2025-12-11T11:01:13.753400,bike_86041
2025-12-11T11:01:07.712146,bike_62191
2025-12-11T11:01:12.364100,bike_72444
2025-12-11T11:01:16.713108,bike_46248
2025-12-11T11:01:13.430883,bike_21664
2025-12-11T11:01:05.968622,bike_63083
2025-12-11T11:01:14.649818,bike_43295
2025-12-11T05:01:06.441941,bike_56324
2025-11-28T23:01:09.220311,bike_46949
2025-12-11T05:01:11.902047,bike_71505
2025-12-11T11:01:11.424143,bike_81015
2025-12-11T11:01:13.753375,bike_21721
2025-11-30T17:01:10.173758,bike_79555
2025-12-11T11:01:07.204196,bike_44553
2025-12-11T11:01:16.564195,bike_12482
2025-12-11T11:01:07.872905,bike_85177
2025-12-11T11:01:08.090462,bike_44881
2025-12-11T05:01:10.428339,bike_47019
2025-12-11T11:01:11.264243,bike_77838
2025-12-11T11:01:09.711221,bike_77377
2025-12-11T11:01:13.964190,bike_80756
2025-12-10T17:01:05.491727,bike_74379
2025-12-11T11:01:11.710023,bike_81468
2025-12-11T11:01:11.303673,bike_89456
2025-12-11T11:01:13.312230,bike_75107
2025-12-11T11:01:14.251522,bike_20633
2025-12-11T11:01:07.645126,bike_73998
2025-12-10T17:01:04.151569,bike_21555
2025-12-05T23:01:13.411284,bike_47820
2025-12-11T11:01:10.513520,bike_77901
2025-12-11T11:01:08.353221,bike_42577
2025-12-11T11:01:06.313005,bike_20404
2025-12-11T11:01:06.090364,bike_73852
2025-12-11T11:01:07.970156,bike_80969
2025-12-11T11:01:12.244214,bike_18130
2025-12-02T17:01:12.220595,bike_53323
2025-12-11T11:01:07.654519,bike_10515
2025-12-11T11:01:15.024179,bike_72402
2025-12-03T05:01:09.739843,bike_50471
2025-12-11T05:01:11.822023,bike_77301
2025-12-11T11:01:09.813749,bike_86101
2025-12-11T11:01:11.752914,bike_46845
2025-12-11T11:01:05.968567,bike_74702
2025-12-11T11:01:12.913213,bike_80077
2025-12-11T11:01:12.504168,bike_37123
2025-12-11T11:01:10.190711,bike_45271
2025-12-11T11:01:12.573708,bike_47609
2025-12-11T11:01:06.993225,bike_69733
2025-12-11T11:01:06.752913,bike_44373
2025-12-11T05:01:05.433921,bike_70050
2025-12-11T11:01:12.144176,bike_01930
2025-12-11T11:01:13.653558,bike_57187
2025-12-11T11:01:12.971191,bike_20207
2025-12-11T11:01:08.644233,bike_51323
2025-12-11T11:01:11.984117,bike_73186
2025-12-11T11:01:06.744098,bike_39937
2025-12-11T11:01:17.070162,bike_43546
2025-12-11T11:01:12.064184,bike_67308
2025-12-10T17:01:07.031714,bike_72689
2025-12-11T11:01:09.764117,bike_60115
2025-12-11T11:01:07.523772,bike_69306
2025-12-11T11:01:10.064194,bike_17905
2025-12-11T11:01:15.670829,bike_75187
2025-12-11T11:01:13.951847,bike_44080
2025-12-11T11:01:12.830031,bike_62883
2025-12-11T05:01:11.281960,bike_58173
2025-12-05T17:01:06.754081,bike_59046
2025-12-11T11:01:10.671695,bike_81221
2025-12-11T11:01:09.584146,bike_71658
2025-12-09T05:01:06.250221,bike_47170
2025-12-11T11:01:08.173769,bike_71394
2025-12-02T17:01:08.034904,bike_08995
2025-12-11T11:01:09.032992,bike_81509
2025-12-11T11:01:10.324222,bike_62354
2025-12-11T11:01:13.875647,bike_79848
2025-12-11T11:01:16.193494,bike_77384
2025-12-10T17:01:08.487472,bike_71087
2025-12-10T17:01:05.600645,bike_47573
2025-12-11T11:01:08.830097,bike_79374
2025-12-11T11:01:07.564059,bike_78830
2025-12-10T17:01:03.538215,bike_47927
2025-12-11T11:01:16.613263,bike_20916
2025-12-10T23:01:11.274769,bike_74058
2025-12-11T05:01:09.150879,bike_76225
2025-12-11T11:01:07.190870,bike_78264
2025-12-11T11:01:13.452776,bike_57070
2025-12-11T11:01:06.184145,bike_75387
2025-12-11T11:01:08.930756,bike_52028
2025-12-11T11:01:12.204184,bike_88248
2025-12-11T11:01:12.813055,bike_42547
2025-12-11T11:01:16.033924,bike_77533
2025-12-11T11:01:15.984213,bike_60023
2025-12-11T05:01:08.086300,bike_57128
2025-12-11T05:01:08.390952,bike_77488
2025-12-11T11:01:07.011138,bike_71125
2025-12-11T11:01:13.024214,bike_89901
2025-12-11T11:01:15.632100,bike_18509
2025-12-11T11:01:12.873216,bike_45781
2025-12-11T11:01:14.692370,bike_89800
2025-12-11T11:01:09.953249,bike_44178
2025-12-11T05:01:05.608182,bike_81519
2025-12-11T11:01:08.433371,bike_77282
2025-12-11T11:01:12.164150,bike_09425
2025-12-11T11:01:14.144217,bike_16476
2025-12-11T11:01:15.553151,bike_89618
2025-12-11T11:01:14.310034,bike_53282
2025-12-05T11:01:13.024797,bike_76275
2025-12-11T11:01:06.584098,bike_55360
2025-12-11T11:01:13.244255,bike_23802
2025-12-11T11:01:10.944169,bike_18017
2025-12-11T11:01:08.552098,bike_76335
2025-12-11T11:01:08.591628,bike_75581
2025-12-11T11:01:15.811125,bike_00549
2025-12-11T11:01:16.990910,bike_82527
2025-12-11T11:01:16.010681,bike_69186
2025-12-11T11:01:07.204175,bike_52596
2025-12-11T11:01:10.010270,bike_21799
2025-12-11T11:01:08.830071,bike_09221
2025-12-11T11:01:11.050846,bike_68013
2025-12-11T11:01:12.024189,bike_77360
2025-12-11T11:01:08.124297,bike_16468
2025-12-11T11:01:06.664178,bike_50705
2025-12-11T11:01:05.968587,bike_80186
2025-12-11T11:01:07.133028,bike_03329
2025-12-05T11:01:11.432916,bike_61062
2025-12-03T11:01:05.421684,bike_71523
2025-12-11T05:01:02.701925,bike_79418
2025-12-11T11:01:09.264207,bike_51745
2025-12-11T11:01:07.173298,bike_88359
2025-12-11T11:01:13.211212,bike_60456
2025-12-11T11:01:07.024191,bike_88612
2025-12-11T11:01:10.571930,bike_67541
2025-12-11T11:01:12.033511,bike_19625
2025-12-11T11:01:13.875599,bike_81891
2025-12-11T11:01:12.653062,bike_71301
2025-12-11T11:01:11.791872,bike_52642
2025-12-11T11:01:10.091019,bike_74973
2025-12-11T11:01:15.251814,bike_76039
2025-12-02T05:01:11.939310,bike_44574
2025-12-11T11:01:10.492460,bike_51227
2025-12-09T23:01:08.491561,bike_75174
2025-12-11T11:01:12.944240,bike_76978
2025-12-11T11:01:08.930813,bike_46606
2025-12-11T11:01:06.072989,bike_05004
2025-12-06T23:01:10.230440,bike_79903
2025-12-11T11:01:08.693213,bike_50981
2025-12-11T11:01:10.711299,bike_52511
2025-12-11T11:01:15.090053,bike_88831
2025-12-11T11:01:15.504194,bike_10886
2025-12-11T11:01:11.613488,bike_68015
2025-12-11T11:01:15.653342,bike_39807
2025-12-11T11:01:06.232702,bike_43418
2025-12-11T11:01:06.104055,bike_61208
2025-12-11T11:01:12.524175,bike_76495
2025-12-11T11:01:15.131083,bike_55040
2025-12-11T11:01:11.303683,bike_43292
2025-12-11T11:01:16.453655,bike_10009
2025-12-11T11:01:11.769846,bike_42828
2025-12-11T11:01:09.314427,bike_89712
2025-12-11T11:01:06.553061,bike_74563
2025-12-11T05:01:12.170880,bike_89568
2025-12-11T11:01:10.873383,bike_47546
2025-12-11T05:01:02.490889,bike_60810
2025-12-11T05:01:06.348382,bike_67749
2025-12-11T11:01:12.372936,bike_89865
2025-12-11T11:01:08.930808,bike_89230
2025-12-10T17:01:01.459054,bike_46501
2025-12-11T11:01:07.851015,bike_33433
2025-12-11T11:01:06.570657,bike_72779
2025-12-11T11:01:12.573679,bike_78500
2025-12-11T11:01:11.124137,bike_50585
2025-12-11T05:01:03.990767,bike_72302
2025-12-10T23:01:06.658402,bike_88196
2025-12-11T11:01:16.299275,bike_49791
2025-12-11T11:01:12.050618,bike_78390
2025-12-11T11:01:14.104264,bike_70447
2025-12-11T11:01:09.732742,bike_60842
2025-12-11T11:01:06.704155,bike_10300
2025-12-11T11:01:12.033529,bike_67987
2025-12-11T11:01:08.711641,bike_61972
2025-12-11T11:01:08.232180,bike_43764
2025-12-11T11:01:14.993599,bike_10554
2025-12-11T05:01:08.790720,bike_68810
2025-12-11T05:01:04.492513,bike_58669
2025-12-11T11:01:06.873120,bike_62308
2025-12-11T11:01:07.252876,bike_19740
2025-12-11T11:01:12.310001,bike_75558
2025-12-11T11:01:16.471383,bike_17339
2025-12-11T11:01:14.031072,bike_20409
2025-12-11T05:01:11.428165,bike_81759
2025-12-10T17:01:07.080571,bike_88862
2025-12-11T05:01:12.922050,bike_51940
2025-12-11T11:01:10.745517,bike_78555
2025-12-11T11:01:10.091003,bike_07583
2025-12-11T11:01:08.241848,bike_71139
2025-12-11T11:01:13.093601,bike_25627
2025-12-01T05:01:03.985593,bike_77078
2025-12-11T11:01:13.604241,bike_82578
2025-12-11T11:01:14.764143,bike_19814
2025-12-11T11:01:09.431525,bike_78227
2025-12-11T11:01:14.609864,bike_03754
2025-12-11T11:01:13.711223,bike_46268
2025-12-11T11:01:10.413545,bike_46574
2025-12-11T11:01:13.184296,bike_16785
2025-12-11T11:01:09.773206,bike_17978
2025-12-11T11:01:06.371561,bike_70432
2025-12-11T05:01:07.310894,bike_89305
2025-12-11T11:01:14.624156,bike_45723
2025-12-11T11:01:07.904159,bike_56401
2025-12-11T11:01:10.998439,bike_09072
2025-12-11T11:01:14.544225,bike_88134
2025-12-11T11:01:09.414230,bike_74638
2025-12-11T11:01:06.633183,bike_88702
2025-12-11T11:01:10.864136,bike_74231
2025-12-11T11:01:07.771098,bike_58620
2025-12-11T11:01:06.544116,bike_89890
2025-12-11T11:01:06.553048,bike_17009
2025-12-09T05:01:07.297766,bike_63193
2025-12-11T11:01:10.413561,bike_62111
2025-12-11T11:01:16.184169,bike_81670
2025-12-11T11:01:15.251789,bike_73610
2025-12-11T11:01:11.573317,bike_81191
2025-12-11T11:01:07.810185,bike_56052
2025-12-11T11:01:08.613022,bike_79142
2025-12-11T11:01:16.193496,bike_52598
2025-12-11T11:01:14.184124,bike_57244
2025-12-11T11:01:10.373294,bike_86060
2025-12-03T17:01:07.152173,bike_34884
2025-12-11T11:01:16.890711,bike_67876
2025-12-01T23:01:10.950365,bike_09224
2025-12-11T11:01:11.012478,bike_52221
2025-12-11T11:01:15.724222,bike_68191
2025-12-11T11:01:10.671737,bike_77213
2025-12-09T17:01:11.765237,bike_51284
2025-12-11T11:01:10.050684,bike_57882
2025-12-11T11:01:06.129960,bike_76843
2025-12-11T11:01:15.872714,bike_78268
2025-12-11T11:01:09.244157,bike_80715
2025-12-11T11:01:08.573608,bike_77534
2025-12-11T11:01:16.364235,bike_67123
2025-12-11T11:01:08.913093,bike_67657
2025-12-11T11:01:11.573284,bike_56124
2025-12-11T11:01:06.944227,bike_81085
2025-12-11T11:01:12.430840,bike_67405
2025-12-11T11:01:05.950588,bike_75832
2025-12-11T05:01:07.261952,bike_82239
2025-12-10T11:01:10.202145,bike_22233
2025-12-11T11:01:15.820049,bike_73185
2025-12-11T11:01:08.573667,bike_58946
2025-12-11T11:01:10.464135,bike_73867
2025-12-11T11:01:11.190607,bike_76878
2025-12-11T05:01:03.921850,bike_51366
2025-12-11T11:01:11.464233,bike_46236
2025-12-11T11:01:08.164251,bike_86273
2025-12-11T11:01:08.904139,bike_74515
2025-12-11T11:01:07.070513,bike_77975
2025-12-11T11:01:10.844147,bike_16527
2025-12-11T11:01:14.984247,bike_67939
2025-12-11T11:01:13.224157,bike_77960
2025-12-11T11:01:10.024130,bike_70598
2025-12-11T11:01:08.304229,bike_88765
2025-12-11T11:01:16.250997,bike_67994
2025-12-11T11:01:11.392902,bike_76129
2025-12-11T05:01:08.721886,bike_78189
2025-12-11T11:01:12.733517,bike_55508
2025-11-29T05:01:06.137288,bike_68280
2025-12-11T11:01:14.730522,bike_71952
2025-12-11T11:01:06.433329,bike_46034
2025-12-11T11:01:13.127074,bike_20339
2025-12-11T11:01:07.270098,bike_73100
2025-12-11T11:01:11.151225,bike_89908
2025-12-11T11:01:08.504258,bike_44858
2025-12-11T11:01:09.024175,bike_47523
2025-12-10T11:01:08.701904,bike_78783
2025-12-06T05:01:05.924841,bike_80618
2025-12-11T11:01:06.673462,bike_80710
2025-12-11T11:01:13.753403,bike_82250
2025-12-11T11:01:06.184081,bike_44042
2025-12-11T11:01:07.479540,bike_17505
2025-12-11T05:01:05.128069,bike_72556
2025-12-11T11:01:09.370852,bike_17971
2025-12-11T11:01:07.489255,bike_20403
2025-12-11T11:01:09.153083,bike_51501
2025-12-11T11:01:10.050707,bike_45608
2025-12-11T11:01:09.930877,bike_04242
2025-12-11T11:01:13.631225,bike_80845
2025-12-11T11:01:15.953205,bike_16892
2025-12-11T11:01:07.330178,bike_71591
2025-12-11T11:01:13.391004,bike_86063
2025-12-11T11:01:10.984824,bike_74211
2025-12-11T11:01:12.292684,bike_42816
2025-12-11T11:01:10.671703,bike_46070
2025-12-11T11:01:08.173762,bike_18235
2025-12-11T11:01:07.725000,bike_51894
2025-12-11T05:01:09.001975,bike_35374
2025-12-11T11:01:13.153220,bike_47767
2025-12-10T11:01:10.448094,bike_62312
2025-12-11T11:01:07.564043,bike_70111
2025-12-07T17:01:05.207142,bike_57089
2025-12-11T11:01:16.613256,bike_74625
2025-12-11T11:01:14.773086,bike_46577
2025-12-11T11:01:12.430816,bike_85113
2025-12-11T11:01:14.251491,bike_74862
2025-12-11T11:01:08.552127,bike_74659
2025-12-11T11:01:06.112829,bike_61189
2025-12-11T11:01:07.356475,bike_43780
2025-12-06T17:01:14.243415,bike_48101
2025-12-11T11:01:12.644105,bike_43844
2025-12-11T11:01:13.904175,bike_69570
2025-12-11T11:01:14.892980,bike_61741
2025-12-11T11:01:15.724219,bike_44313
2025-12-11T11:01:14.153450,bike_48102
2025-12-11T11:01:08.164222,bike_76490
2025-12-11T11:01:14.251520,bike_88846
2025-12-11T11:01:09.431520,bike_68652
2025-12-11T11:01:16.551410,bike_73433
2025-11-29T17:01:08.851999,bike_35378
2025-12-10T11:01:07.353428,bike_21826
2025-12-11T11:01:13.653577,bike_81166
2025-12-11T11:01:06.713182,bike_69014
2025-12-11T11:01:16.272642,bike_82562
2025-12-11T11:01:06.553056,bike_08182
2025-12-11T11:01:13.211202,bike_02934
2025-12-11T11:01:16.744190,bike_17080
2025-11-29T23:01:09.483322,bike_20572
2025-12-09T17:01:08.038769,bike_46961
2025-12-11T11:01:15.430703,bike_81048
2025-11-29T05:01:07.130749,bike_53195
2025-12-06T17:01:06.984430,bike_56246
2025-12-11T11:01:09.512836,bike_08064
2025-12-11T11:01:14.272958,bike_19343
2025-12-11T11:01:16.224197,bike_46096
2025-12-11T11:01:06.731159,bike_79230
2025-12-11T11:01:11.524159,bike_80207
2025-12-11T11:01:16.964241,bike_73558
2025-12-11T11:01:16.144192,bike_79761
2025-12-11T11:01:07.833344,bike_72248
2025-12-01T17:01:11.707707,bike_77718
2025-12-11T11:01:10.164171,bike_47063
2025-12-11T11:01:07.810176,bike_01906
2025-12-11T11:01:15.430685,bike_61968
2025-12-11T11:01:07.270063,bike_47936
2025-11-27T18:03:52.905188,bike_76116
2025-12-11T11:01:12.953272,bike_45824
2025-12-11T11:01:08.090438,bike_52237
2025-12-11T11:01:11.684179,bike_70720
2025-12-11T05:01:10.602005,bike_82269
2025-12-11T11:01:06.944217,bike_72414
2025-12-11T11:01:09.384145,bike_74583
2025-11-28T11:01:28.743690,bike_72589
2025-12-11T11:01:16.024202,bike_88982
2025-12-11T11:01:13.153227,bike_76165
2025-12-11T11:01:12.244227,bike_62933
2025-12-11T11:01:08.750010,bike_11741
2025-12-10T23:01:15.128540,bike_63281
2025-12-11T11:01:11.550946,bike_68596
2025-12-11T11:01:06.553072,bike_48094
2025-12-11T11:01:06.664140,bike_62503
2025-12-11T11:01:13.344170,bike_53339
2025-12-10T17:01:00.762252,bike_22561
2025-12-11T11:01:10.864142,bike_74519
2025-12-11T11:01:13.084292,bike_50921
2025-12-11T11:01:06.531263,bike_55448
2025-12-11T11:01:09.953252,bike_43794
2025-12-11T11:01:10.513518,bike_81021
2025-12-11T11:01:12.791159,bike_67510
2025-11-27T23:01:26.526802,bike_69617
2025-12-11T11:01:13.184259,bike_79542
2025-12-11T11:01:11.303678,bike_56789
2025-12-11T11:01:06.584119,bike_56284
2025-12-01T23:01:09.681766,bike_68640
2025-12-11T11:01:08.984169,bike_89891
2025-12-11T11:01:16.250977,bike_16263
2025-12-11T11:01:13.530620,bike_76080
2025-12-11T11:01:15.010896,bike_43070
2025-12-11T11:01:16.730398,bike_10698
2025-12-11T11:01:14.383589,bike_73619
2025-12-10T17:01:01.947704,bike_22166
2025-12-11T11:01:13.244209,bike_26217
2025-12-11T11:01:12.164189,bike_21760
2025-12-11T11:01:10.644135,bike_52261
2025-12-11T11:01:09.764122,bike_61641
2025-12-11T11:01:15.184177,bike_48029
2025-12-10T17:01:02.098237,bike_57587
2025-12-11T11:01:08.332030,bike_42857
2025-12-11T11:01:07.024177,bike_22844
2025-12-11T11:01:09.314443,bike_43460
2025-12-11T11:01:09.724173,bike_63831
2025-12-11T11:01:10.451421,bike_18144
2025-12-11T11:01:13.084344,bike_70320
2025-12-11T11:01:16.832769,bike_44950
2025-12-11T11:01:07.684139,bike_68689
2025-12-11T11:01:09.264257,bike_55680
2025-12-11T11:01:11.872813,bike_53370
2025-12-11T11:01:16.411283,bike_80816
2025-12-11T11:01:10.212925,bike_43472
2025-12-09T05:01:05.924119,bike_71337
2025-12-11T11:01:09.544161,bike_72353
2025-12-11T11:01:16.072983,bike_50666
2025-12-11T11:01:09.431527,bike_50559
2025-12-11T11:01:06.144135,bike_67142
2025-12-11T05:01:03.909929,bike_71133
2025-12-11T11:01:15.311895,bike_44763
2025-12-11T11:01:08.204388,bike_44515
2025-12-11T05:01:07.341933,bike_56720
2025-12-11T11:01:09.273363,bike_57263
2025-12-11T11:01:16.944222,bike_23880
2025-12-11T05:01:12.082011,bike_62035
2025-12-11T11:01:11.384160,bike_88281
2025-12-11T11:01:13.470874,bike_22535
2025-12-11T11:01:16.033979,bike_88462
2025-12-10T17:01:03.389183,bike_23160
2025-12-11T11:01:17.000113,bike_85115
2025-12-11T11:01:15.090037,bike_21273
2025-12-11T11:01:08.010821,bike_07260
2025-12-11T11:01:09.153106,bike_52654
2025-12-11T11:01:11.113291,bike_61141
2025-12-11T11:01:10.610549,bike_50957
2025-12-11T11:01:10.554085,bike_68623
2025-12-11T11:01:10.243551,bike_70885
2025-12-11T11:01:07.344208,bike_67880
2025-12-11T11:01:14.130677,bike_67850
2025-12-08T23:01:08.157586,bike_46073
2025-12-10T17:01:00.659682,bike_67168
2025-12-11T11:01:06.112822,bike_76783
2025-12-05T23:01:09.911310,bike_16493
2025-12-11T11:01:16.024172,bike_74701
2025-12-11T11:01:09.144135,bike_62398
2025-12-11T11:01:06.249208,bike_18115
2025-12-11T11:01:14.432768,bike_68866
2025-12-11T11:01:14.704204,bike_22007
2025-12-11T11:01:14.070150,bike_50743
2025-12-11T11:01:14.924162,bike_19326
2025-12-11T11:01:12.213327,bike_80102
2025-12-11T05:01:03.441904,bike_16824
2025-12-11T11:01:15.311884,bike_52286
2025-12-11T11:01:16.224224,bike_85530
2025-12-11T11:01:10.844136,bike_55642
2025-12-11T11:01:13.613430,bike_16019
2025-12-11T11:01:07.672438,bike_51572
2025-12-11T05:01:08.172239,bike_85324
2025-12-11T11:01:12.804175,bike_60995
2025-12-11T05:01:02.808592,bike_43445
2025-12-11T11:01:11.073395,bike_79150
2025-12-11T11:01:13.671199,bike_85161
2025-12-06T11:01:11.060747,bike_79146
2025-12-11T11:01:10.909059,bike_45064
2025-12-11T11:01:15.584209,bike_75626
2025-12-11T11:01:11.264191,bike_79011
2025-12-11T11:01:11.264235,bike_68155
2025-12-11T11:01:12.709864,bike_55031
2025-12-11T11:01:13.684244,bike_46810
2025-12-11T11:01:13.284244,bike_88976
2025-12-11T11:01:12.644143,bike_00904
2025-12-11T11:01:11.791875,bike_89703
2025-12-11T11:01:16.490575,bike_25460
2025-12-11T11:01:07.771090,bike_55381
2025-12-11T05:01:05.688356,bike_63191
2025-12-11T11:01:13.934208,bike_69724
2025-12-11T11:01:09.104207,bike_43757
2025-12-11T11:01:15.333215,bike_16513
2025-12-11T11:01:12.733531,bike_70590
2025-12-11T11:01:15.192943,bike_47992
2025-12-11T11:01:07.684129,bike_77001
2025-12-11T05:01:07.611418,bike_09362
2025-12-11T11:01:12.114135,bike_80409
2025-12-11T11:01:11.244135,bike_09579
2025-12-11T11:01:08.232239,bike_60713
2025-12-11T11:01:14.831172,bike_51726
2025-12-11T11:01:11.889471,bike_80538
2025-12-11T11:01:14.170740,bike_36277
2025-12-11T11:01:06.913371,bike_42689
2025-12-11T11:01:09.504079,bike_47578
2025-12-11T11:01:06.873145,bike_79485
2025-12-11T11:01:06.913345,bike_85418
2025-12-11T11:01:10.653331,bike_78705
2025-12-11T11:01:08.164213,bike_67496
2025-12-11T11:01:07.411144,bike_05194
2025-12-11T11:01:14.670930,bike_69503
2025-12-11T05:01:03.710772,bike_72355
2025-12-11T11:01:09.844183,bike_78293
2025-12-11T11:01:07.070547,bike_51169
2025-12-11T11:01:13.553625,bike_88923
2025-12-11T11:01:11.504193,bike_70538
2025-12-11T11:01:12.873258,bike_52445
2025-12-11T11:01:11.504204,bike_47173
2025-12-11T11:01:08.930759,bike_52112
2025-12-11T11:01:09.813726,bike_19640
2025-12-11T11:01:09.273337,bike_70569
2025-12-09T17:01:08.067128,bike_62458
2025-12-11T11:01:14.609888,bike_51591
2025-12-11T11:01:13.934249,bike_80330
2025-12-10T17:01:04.787735,bike_73919
2025-12-11T11:01:12.944261,bike_02605
2025-12-11T11:01:15.793664,bike_47629
2025-12-11T11:01:07.384233,bike_46566
2025-12-11T11:01:15.224213,bike_71044
2025-12-11T11:01:07.550512,bike_45669
2025-12-11T11:01:16.664230,bike_77403
2025-12-10T17:01:07.057980,bike_75065
2025-12-11T11:01:06.691037,bike_58312
2025-12-11T11:01:15.473242,bike_51789
2025-12-11T11:01:10.311309,bike_61791
2025-12-11T11:01:15.033703,bike_71248
2025-12-11T11:01:13.044313,bike_81783
2025-12-11T11:01:14.679330,bike_62166
2025-12-11T11:01:12.733539,bike_70605
2025-12-11T11:01:14.053053,bike_45323
2025-12-11T11:01:11.550973,bike_44800
2025-12-04T17:01:08.930378,bike_25403
2025-12-11T05:01:02.808606,bike_61725
2025-12-11T11:01:08.984202,bike_78392
2025-12-11T11:01:15.364200,bike_79598
2025-12-10T23:01:11.317907,bike_78899
2025-12-11T11:01:16.573729,bike_44385
2025-12-11T11:01:08.344159,bike_74882
2025-12-11T11:01:06.224162,bike_70774
2025-12-11T11:01:14.712902,bike_20023
2025-12-08T23:01:12.585976,bike_47405
2025-12-06T17:01:10.186685,bike_75152
2025-12-11T11:01:08.670568,bike_10505
2025-12-11T11:01:11.090215,bike_45782
2025-12-11T05:01:02.508908,bike_47387
2025-12-06T17:01:09.287068,bike_02857
2025-12-08T05:01:04.714957,bike_75815
2025-12-11T11:01:13.904195,bike_67316
2025-12-11T11:01:16.873248,bike_58219
2025-12-11T05:01:02.562012,bike_58680
2025-12-11T11:01:08.984175,bike_10795
2025-12-10T05:01:10.891585,bike_11437
2025-12-11T11:01:06.024154,bike_62152
2025-12-11T11:01:10.413587,bike_44524
2025-12-11T05:01:05.789290,bike_21447
2025-12-11T05:01:11.862008,bike_67594
2025-12-11T11:01:11.330509,bike_52859
2025-12-11T11:01:06.744119,bike_71511
2025-12-11T11:01:07.771038,bike_55664
2025-12-10T17:01:05.527801,bike_72180
2025-12-11T11:01:07.384228,bike_15773
2025-12-11T11:01:15.684192,bike_47205
2025-12-06T11:01:04.671087,bike_72733
2025-12-11T11:01:12.033556,bike_21640
2025-12-11T11:01:16.290082,bike_89734
2025-12-10T17:01:04.597701,bike_81666
2025-12-11T11:01:08.512938,bike_74788
2025-12-08T23:01:11.586210,bike_51236
2025-12-11T11:01:06.024183,bike_11137
2025-12-11T11:01:08.251493,bike_14748
2025-12-11T05:01:08.576713,bike_44620
2025-12-11T11:01:10.584193,bike_24175
2025-12-09T17:01:05.869531,bike_44163
2025-12-09T17:01:11.466498,bike_17217
2025-12-11T05:01:08.849771,bike_56705
2025-12-11T11:01:10.584206,bike_58234
2025-12-11T11:01:06.713166,bike_81719
2025-12-11T11:01:06.584151,bike_55820
2025-12-11T11:01:08.992883,bike_77893
2025-12-03T11:01:06.401648,bike_61041
2025-12-11T11:01:06.704149,bike_01390
2025-12-11T11:01:06.292455,bike_88601
2025-12-11T11:01:17.031248,bike_52710
2025-12-11T11:01:15.828843,bike_00658
2025-12-11T11:01:08.033365,bike_44906
2025-12-11T11:01:14.233977,bike_53201
2025-12-11T11:01:13.644152,bike_70332
2025-12-11T11:01:10.584188,bike_81473
2025-12-11T11:01:12.653067,bike_44144
2025-12-11T11:01:06.486027,bike_40614
2025-12-11T11:01:12.984339,bike_89025
2025-12-11T05:01:07.408323,bike_11273
2025-12-11T11:01:15.859201,bike_19767
2025-12-03T11:01:07.892322,bike_10425
2025-12-09T17:01:11.838763,bike_88357
2025-12-11T11:01:07.084180,bike_46004
2025-12-11T11:01:12.114142,bike_73600
2025-12-11T11:01:16.033976,bike_80357
2025-12-11T11:01:12.904160,bike_46630
2025-12-11T11:01:09.144186,bike_52810
2025-12-11T11:01:12.930377,bike_68919
2025-12-11T11:01:08.191314,bike_52820
2025-12-11T11:01:15.153061,bike_61907
2025-12-11T11:01:08.433322,bike_46258
2025-12-11T11:01:15.764247,bike_89412
2025-12-06T17:01:05.717577,bike_70917
2025-12-11T11:01:12.804218,bike_51556
2025-12-11T11:01:14.153418,bike_77358
2025-12-11T11:01:12.670175,bike_17706
2025-12-11T11:01:10.050686,bike_69084
2025-12-11T11:01:07.724990,bike_58157
2025-12-11T11:01:15.593333,bike_08750
2025-12-11T11:01:10.804141,bike_73850
2025-12-11T11:01:16.944214,bike_76481
2025-12-11T11:01:13.875622,bike_79581
2025-12-11T11:01:10.571955,bike_44780
2025-12-11T11:01:08.024183,bike_78082
2025-12-11T11:01:11.344169,bike_79235
2025-12-11T11:01:11.504202,bike_78903
2025-12-11T11:01:11.164212,bike_44200
2025-12-11T11:01:06.731127,bike_74789
2025-12-11T11:01:16.332947,bike_80823
2025-12-11T11:01:12.830042,bike_69510
2025-12-02T05:01:04.016076,bike_70833
2025-12-11T11:01:11.490758,bike_69578
2025-12-11T11:01:13.044279,bike_08452
2025-12-11T11:01:16.411257,bike_62580
2025-12-11T11:01:08.073288,bike_43573
2025-12-06T23:01:09.019317,bike_81703
2025-12-11T11:01:07.213104,bike_72899
2025-12-11T11:01:07.890085,bike_70711
2025-12-11T11:01:15.953224,bike_78015
2025-12-09T17:01:12.228426,bike_88232
2025-12-11T11:01:09.224153,bike_00290
2025-12-11T11:01:14.370202,bike_25110
2025-12-11T05:01:05.948616,bike_20875
2025-12-11T11:01:13.293268,bike_01427
2025-12-11T11:01:11.344194,bike_51105
2025-12-11T11:01:10.909064,bike_71165
2025-12-11T11:01:09.244191,bike_08775
2025-12-11T11:01:09.553297,bike_73152
2025-12-11T11:01:12.270423,bike_78634
2025-12-11T11:01:07.550577,bike_44936
2025-12-11T11:01:12.930367,bike_77041
2025-12-11T11:01:13.973661,bike_43330
2025-12-11T11:01:08.604175,bike_80200
2025-12-11T11:01:15.859182,bike_23863
2025-12-09T11:01:04.727477,bike_73039
2025-12-10T17:01:04.245999,bike_78981
2025-12-11T11:01:09.232445,bike_44716
2025-12-11T11:01:15.632095,bike_51653
2025-12-01T17:01:11.565599,bike_76803
2025-12-11T11:01:14.144247,bike_67839
2025-12-11T11:01:14.730545,bike_74826
2025-12-11T11:01:10.504200,bike_82316
2025-12-11T11:01:15.644180,bike_57677
2025-12-11T11:01:11.330503,bike_76705
2025-12-11T11:01:13.924213,bike_63148
2025-12-11T11:01:11.653179,bike_16284
2025-12-11T11:01:13.644169,bike_77440
2025-12-01T05:01:11.320604,bike_24451
2025-12-10T23:01:05.157768,bike_16099
2025-12-11T11:01:07.173339,bike_76619
2025-12-11T11:01:14.704165,bike_70867
2025-12-11T11:01:09.831212,bike_79312
2025-12-11T11:01:16.744206,bike_39054
2025-12-11T11:01:07.452530,bike_79215
2025-12-11T11:01:15.090066,bike_88220
2025-12-10T05:01:09.131693,bike_47753
2025-12-02T17:01:08.683397,bike_79222
2025-12-11T11:01:12.144131,bike_09960
2025-12-09T05:01:08.584599,bike_48076
2025-12-11T05:01:04.407935,bike_88263
2025-12-11T11:01:13.211194,bike_47486
2025-12-11T05:01:12.010892,bike_70724
2025-12-11T11:01:12.024162,bike_89634
2025-12-11T11:01:09.484102,bike_34651
2025-12-11T11:01:08.241831,bike_57681
2025-12-11T11:01:16.691316,bike_62406
2025-12-11T11:01:13.744203,bike_12539
2025-12-11T11:01:08.891834,bike_13460
2025-12-11T11:01:12.629931,bike_45651
2025-12-11T11:01:07.930204,bike_46669
2025-12-11T11:01:13.364611,bike_76872
2025-12-10T11:01:05.070320,bike_45322
2025-12-11T11:01:15.113972,bike_45367
2025-12-11T11:01:16.524482,bike_79174
2025-12-09T17:01:13.825525,bike_46010
2025-12-11T05:01:09.928524,bike_70612
2025-12-11T11:01:14.570965,bike_57324
2025-12-09T05:01:13.206798,bike_51415
2025-12-01T17:01:12.278376,bike_76037
2025-12-11T11:01:07.810190,bike_78871
2025-12-11T11:01:07.070524,bike_52334
2025-12-11T11:01:13.711220,bike_04817
2025-12-08T17:01:03.722818,bike_19194
2025-12-11T11:01:13.390993,bike_67364
2025-12-11T11:01:15.104180,bike_89731
2025-12-11T11:01:08.670586,bike_80429
2025-12-11T11:01:16.332952,bike_52497
2025-12-11T11:01:07.712119,bike_73667
2025-12-10T23:01:06.078014,bike_74566
2025-12-11T11:01:09.032950,bike_13263
2025-12-11T11:01:08.050847,bike_44938
2025-12-11T11:01:09.010414,bike_08941
2025-12-06T17:01:07.905987,bike_81441
2025-12-11T11:01:09.244199,bike_68713
2025-12-11T11:01:16.832799,bike_24411
2025-12-11T11:01:09.773256,bike_77033
2025-12-11T11:01:10.073732,bike_18686
2025-12-11T11:01:08.371209,bike_60399
2025-12-11T11:01:12.372907,bike_78368
2025-12-11T05:01:09.911199,bike_74721
2025-12-11T05:01:13.711079,bike_85124
2025-12-11T11:01:10.433588,bike_89496
2025-12-11T05:01:05.550916,bike_79104
2025-12-11T11:01:07.133005,bike_80299
2025-12-11T11:01:12.709826,bike_70350
2025-12-09T05:01:04.766430,bike_89863
2025-12-10T05:01:11.144637,bike_78725
2025-12-11T11:01:14.964200,bike_80604
2025-12-11T11:01:16.064158,bike_81876
2025-12-11T11:01:11.213418,bike_13799
2025-12-11T11:01:06.890305,bike_20609
2025-12-08T23:01:05.157672,bike_67789
2025-12-03T05:01:07.168518,bike_69777
2025-12-11T11:01:06.312970,bike_55636
2025-12-11T11:01:13.253694,bike_42580
2025-12-11T11:01:08.124306,bike_56453
2025-12-11T11:01:12.844220,bike_16766
2025-12-11T11:01:08.191361,bike_78174
2025-12-11T11:01:06.433350,bike_80181
2025-12-10T11:01:10.740092,bike_47362
2025-12-11T11:01:06.944193,bike_67832
2025-12-11T11:01:06.592700,bike_79435
2025-12-11T05:01:04.102021,bike_02793
2025-12-11T11:01:06.993215,bike_05062
2025-11-28T11:01:35.263672,bike_71576
2025-12-11T11:01:08.630113,bike_57026
2025-12-11T11:01:14.324229,bike_07951
2025-12-11T11:01:06.824126,bike_52871
2025-12-11T11:01:16.964267,bike_15394
2025-12-11T11:01:16.850061,bike_43639
2025-11-30T17:01:10.244604,bike_60224
2025-12-11T11:01:09.912949,bike_44561
2025-12-11T11:01:14.704148,bike_07587
2025-12-11T11:01:15.104217,bike_77104
2025-12-11T11:01:15.051024,bike_61515
2025-12-11T11:01:14.544217,bike_43218
2025-12-11T11:01:10.243575,bike_16603
2025-12-11T11:01:13.373609,bike_47714
2025-12-11T11:01:16.024155,bike_09723
2025-12-11T11:01:09.290964,bike_77375
2025-12-11T11:01:15.464207,bike_80381
2025-12-11T11:01:07.604204,bike_78361
2025-12-10T23:01:09.464849,bike_73735
2025-12-11T11:01:11.290402,bike_76232
2025-12-11T11:01:10.364211,bike_73344
2025-12-11T11:01:15.544182,bike_76412
2025-12-11T11:01:13.753367,bike_73613
2025-12-11T11:01:12.993655,bike_88827
2025-12-07T17:01:06.967612,bike_85033
2025-12-11T11:01:11.613499,bike_07472
2025-12-11T11:01:15.784225,bike_22888
2025-12-11T11:01:14.951929,bike_56969
2025-12-11T11:01:13.271551,bike_80504
2025-12-11T11:01:16.564226,bike_06011
2025-12-11T11:01:14.130683,bike_26165
2025-12-11T11:01:13.044321,bike_56084
2025-12-03T23:01:05.711264,bike_23133
2025-12-04T23:01:05.571692,bike_50651
2025-12-11T11:01:15.404229,bike_68601
2025-12-11T11:01:13.084315,bike_68066
2025-12-11T11:01:07.810168,bike_20249
2025-12-11T11:01:08.173746,bike_77877
2025-12-11T11:01:15.859206,bike_43006
2025-12-11T11:01:08.604215,bike_56857
2025-12-11T11:01:10.653324,bike_80984
2025-12-11T11:01:06.410659,bike_78297
2025-12-11T11:01:10.073718,bike_76987
2025-12-11T11:01:08.530673,bike_19474
2025-12-11T11:01:09.750282,bike_45693
2025-12-11T11:01:12.090343,bike_44547
2025-12-11T11:01:16.224203,bike_55419
2025-12-11T11:01:06.770228,bike_50494
2025-12-09T17:01:07.208666,bike_20702
2025-12-11T11:01:07.712103,bike_77954
2025-12-10T23:01:10.308706,bike_51694
2025-12-11T11:01:06.433324,bike_07147
2025-12-11T11:01:07.564012,bike_88162
2025-12-11T11:01:06.849978,bike_69504
2025-12-11T11:01:13.170799,bike_46892
2025-12-11T11:01:10.984863,bike_79408
2025-12-11T11:01:11.992824,bike_74611
2025-11-30T11:01:06.908330,bike_82836
2025-12-09T11:01:06.899145,bike_47341
2025-12-11T11:01:07.970150,bike_00993
2025-12-11T11:01:14.130697,bike_61854
2025-12-01T23:01:12.964748,bike_18366
2025-12-11T11:01:08.984191,bike_53077
2025-12-05T23:01:13.117630,bike_47369
2025-12-11T11:01:10.364154,bike_58781
2025-12-11T11:01:16.272676,bike_47922
2025-12-11T11:01:08.304205,bike_69642
2025-12-11T11:01:08.273194,bike_89186
2025-12-11T11:01:14.013713,bike_82284
2025-12-11T11:01:12.830083,bike_20127
2025-12-11T11:01:07.725012,bike_00360
2025-12-11T11:01:06.424185,bike_24517
2025-12-11T11:01:14.790594,bike_15824
2025-12-11T11:01:10.790806,bike_85111
2025-12-11T11:01:10.693053,bike_85114
2025-12-11T11:01:13.684241,bike_21869
2025-12-11T05:01:04.608310,bike_47681
2025-12-11T11:01:13.293242,bike_08061
2025-12-11T11:01:09.804105,bike_50861
2025-12-11T11:01:09.732764,bike_77220
2025-12-11T11:01:12.533200,bike_20563
2025-12-11T11:01:11.410516,bike_74346
2025-12-11T11:01:07.053485,bike_07935
2025-12-11T11:01:11.944447,bike_33155
2025-12-11T05:01:07.208217,bike_79533
2025-12-10T11:01:10.413458,bike_73584
2025-12-01T05:01:06.023033,bike_80451
2025-12-11T05:01:09.928546,bike_62664
2025-12-11T11:01:14.744203,bike_50842
2025-12-11T11:01:16.832786,bike_47060
2025-12-11T11:01:09.584109,bike_16973
2025-12-11T11:01:11.033568,bike_67985
2025-12-11T11:01:07.244161,bike_82245
2025-11-30T17:01:11.964660,bike_46535
2025-12-11T11:01:14.951896,bike_86265
2025-12-11T11:01:06.371602,bike_44868
2025-12-11T11:01:16.591422,bike_21044
2025-12-11T11:01:09.993089,bike_43219
2025-12-11T11:01:13.054142,bike_67306
2025-12-11T11:01:11.164215,bike_10496
2025-12-11T11:01:13.644172,bike_44774
2025-12-11T11:01:12.253271,bike_80248
2025-12-11T11:01:12.492711,bike_72961
2025-12-11T11:01:11.464171,bike_47391
2025-12-11T05:01:13.061993,bike_44098
2025-12-11T11:01:15.404258,bike_50305
2025-12-11T05:01:12.967119,bike_80692
2025-12-11T11:01:12.953258,bike_77113
2025-12-11T11:01:15.251739,bike_63675
2025-12-11T11:01:08.392854,bike_75507
2025-12-11T11:01:11.464239,bike_50470
2025-12-11T11:01:11.064198,bike_00106
2025-12-11T11:01:15.464194,bike_52199
2025-12-11T11:01:06.713189,bike_89287
2025-12-11T11:01:15.610640,bike_88924
2025-12-11T11:01:15.711652,bike_77536
2025-12-05T11:01:06.391279,bike_74523
2025-12-09T23:01:10.403239,bike_68154
2025-12-11T11:01:14.491393,bike_44615
2025-12-11T05:01:03.301942,bike_00358
2025-12-11T11:01:14.513388,bike_78889
2025-12-11T11:01:07.432934,bike_43827
2025-12-11T11:01:11.970375,bike_86245
2025-12-11T11:01:06.312980,bike_43022
2025-12-11T11:01:07.489263,bike_51095
2025-12-09T17:01:10.308400,bike_17696
2025-12-11T11:01:09.024204,bike_50864
2025-12-11T11:01:08.290456,bike_23385
2025-12-11T11:01:12.813035,bike_89280
2025-12-11T11:01:08.104231,bike_21245
2025-12-11T11:01:13.312163,bike_45831
2025-12-11T11:01:15.584215,bike_68593
2025-12-11T05:01:05.661921,bike_82814
2025-12-11T11:01:11.344188,bike_62737
2025-12-11T11:01:11.204135,bike_88979
2025-12-09T17:01:12.645876,bike_71709
2025-12-11T11:01:16.591458,bike_42682
2025-12-11T11:01:16.713073,bike_52961
2025-12-11T11:01:15.153085,bike_69028
2025-12-11T11:01:11.992862,bike_50269
2025-12-11T11:01:16.424281,bike_77965
2025-12-11T05:01:09.470930,bike_43159
2025-12-11T11:01:15.971204,bike_89776
2025-12-11T11:01:07.684142,bike_69387
2025-12-11T11:01:07.613071,bike_85192
2025-12-11T11:01:13.293236,bike_75037
2025-12-11T11:01:14.844185,bike_44041
2025-12-11T11:01:10.451464,bike_20387
2025-12-11T11:01:12.533192,bike_24928
2025-12-11T11:01:06.393128,bike_00317
2025-12-11T11:01:08.191366,bike_51544
2025-12-11T11:01:08.090494,bike_78243
2025-12-10T11:01:06.433335,bike_60548
2025-12-11T05:01:02.741975,bike_88814
2025-12-11T11:01:16.533600,bike_88469
2025-12-11T11:01:14.144214,bike_56021
2025-12-11T11:01:11.073410,bike_79190
2025-12-11T11:01:14.984231,bike_52352
2025-12-11T11:01:12.813043,bike_79832
2025-12-11T11:01:07.744213,bike_80510
2025-12-11T11:01:06.944168,bike_80514
2025-12-11T11:01:06.624146,bike_76850
2025-12-11T11:01:14.704129,bike_70751
2025-12-11T11:01:08.732907,bike_50158
2025-12-11T11:01:08.164232,bike_42907
2025-12-11T11:01:08.073254,bike_62276
2025-12-11T11:01:09.732744,bike_16194
2025-12-11T11:01:09.384156,bike_63710
2025-12-11T11:01:12.604069,bike_16731
2025-12-11T11:01:16.010690,bike_12573
2025-12-11T11:01:14.910389,bike_01385
2025-12-11T11:01:14.170759,bike_25428
2025-12-11T11:01:06.344078,bike_76132
2025-12-11T11:01:13.480014,bike_05832
2025-12-11T11:01:10.413582,bike_52527
2025-12-11T11:01:07.930231,bike_19695
2025-12-10T17:01:03.088231,bike_81186
2025-12-11T11:01:13.584219,bike_45627
2025-12-11T11:01:07.744137,bike_76551
2025-12-11T11:01:14.964243,bike_80651
2025-12-11T11:01:07.024217,bike_33256
2025-12-11T11:01:06.864222,bike_72354
2025-12-11T11:01:13.452757,bike_82259
2025-12-11T11:01:13.521056,bike_71259
2025-12-11T11:01:14.432782,bike_80313
2025-12-11T11:01:06.770294,bike_57704
2025-12-01T23:01:03.971098,bike_62902
2025-12-11T11:01:13.153246,bike_60557
2025-12-11T11:01:09.791083,bike_11441
2025-12-11T11:01:06.633146,bike_50475
2025-12-11T11:01:12.173002,bike_56663
2025-12-11T11:01:16.090182,bike_07656
2025-12-11T05:01:13.521985,bike_89010
2025-12-11T11:01:16.290119,bike_50467
2025-12-11T11:01:16.024129,bike_42621
2025-12-11T11:01:13.344200,bike_51063
2025-12-11T11:01:15.544187,bike_75268
2025-12-10T11:01:10.193387,bike_68461
2025-12-09T17:01:04.967266,bike_58055
2025-12-08T17:01:10.456264,bike_25406
2025-12-11T11:01:09.644179,bike_50447
2025-12-11T11:01:16.170756,bike_80111
2025-12-11T11:01:13.693032,bike_55654
2025-12-11T11:01:10.584225,bike_45196
2025-12-11T11:01:12.830086,bike_79758
2025-12-11T11:01:16.964239,bike_57490
2025-12-11T11:01:10.790811,bike_00920
2025-12-11T11:01:08.913088,bike_80569
2025-12-11T11:01:16.905455,bike_61224
2025-12-11T11:01:16.533595,bike_45348
2025-12-11T11:01:09.264220,bike_81530
2025-12-11T11:01:07.011064,bike_47342
2025-12-11T11:01:13.071779,bike_50867
2025-12-11T11:01:08.251477,bike_75742
2025-12-11T11:01:09.570585,bike_76612
2025-12-11T11:01:08.392877,bike_79622
2025-12-11T11:01:13.354884,bike_47555
2025-12-03T23:01:13.640830,bike_68022
2025-12-11T11:01:06.129945,bike_44592
2025-12-09T17:01:07.848355,bike_88096
2025-12-11T11:01:13.144272,bike_76667
2025-12-11T11:01:14.844157,bike_70962
2025-12-11T05:01:09.753402,bike_62447
2025-12-11T11:01:10.474960,bike_16805
2025-12-11T11:01:10.474997,bike_56890
2025-12-11T11:01:14.993586,bike_26288
2025-12-11T11:01:10.953276,bike_88133
2025-12-11T11:01:09.129972,bike_58720
2025-12-11T11:01:07.356449,bike_60357
2025-12-11T11:01:06.232685,bike_77428
2025-12-11T11:01:15.170402,bike_24524
2025-12-11T11:01:08.290428,bike_81644
2025-12-11T11:01:07.952867,bike_55467
2025-12-11T11:01:16.333002,bike_73738
2025-12-11T11:01:06.792897,bike_71010
2025-12-11T11:01:11.204158,bike_73674
2025-12-11T11:01:08.304235,bike_46505
2025-12-11T11:01:07.044217,bike_00524
2025-12-11T11:01:12.773578,bike_72958
2025-12-11T11:01:10.091030,bike_77276
2025-12-11T11:01:11.684201,bike_17584
2025-12-11T11:01:11.033605,bike_07673
2025-12-11T11:01:15.192915,bike_81108
2025-12-11T11:01:12.550696,bike_71668
2025-12-11T11:01:09.470455,bike_72759
2025-12-09T23:01:05.703079,bike_80632
2025-12-11T11:01:09.970538,bike_17162
2025-12-11T11:01:08.264224,bike_69448
2025-12-11T11:01:10.831062,bike_18288
2025-12-11T05:01:08.550849,bike_74235
2025-12-11T11:01:10.373327,bike_24437
2025-12-11T05:01:03.049148,bike_70741
2025-12-11T11:01:06.752920,bike_70544
2025-12-11T11:01:09.870792,bike_88810
2025-12-11T11:01:16.184187,bike_52829
2025-12-11T11:01:15.390301,bike_72257
2025-12-11T11:01:06.049794,bike_47293
2025-12-11T11:01:07.312827,bike_77239
2025-12-11T11:01:07.304118,bike_76120
2025-12-11T11:01:10.104236,bike_88812
2025-12-11T11:01:10.230110,bike_39371
2025-12-11T11:01:07.133058,bike_69442
2025-12-11T11:01:12.324206,bike_13336
2025-12-11T11:01:12.114152,bike_46976
2025-12-11T11:01:14.704167,bike_48051
2025-12-11T11:01:06.624114,bike_51638
2025-12-11T11:01:14.491388,bike_47167
2025-12-11T11:01:15.251809,bike_85032
2025-12-11T05:01:12.131657,bike_57307
2025-12-11T11:01:16.424287,bike_12719
2025-12-11T11:01:07.984211,bike_71130
2025-12-11T11:01:09.444119,bike_57403
2025-12-11T11:01:15.593350,bike_60753
2025-12-11T11:01:13.093583,bike_07984
2025-12-11T11:01:07.150195,bike_60670
2025-12-11T05:01:13.036491,bike_07594
2025-12-10T23:01:09.538199,bike_74461
2025-12-02T11:01:12.451530,bike_67824
2025-12-11T11:01:11.804181,bike_68333
2025-12-11T11:01:12.114184,bike_61745
2025-12-11T05:01:07.470588,bike_61314
2025-12-11T05:01:12.791075,bike_58030
2025-12-11T11:01:09.953280,bike_88571
2025-12-11T11:01:16.564223,bike_45682
2025-12-11T11:01:16.433553,bike_46878
2025-12-11T11:01:08.232226,bike_07531
2025-12-11T11:01:10.451429,bike_17619
2025-12-11T11:01:16.744171,bike_77424
2025-12-11T11:01:11.073400,bike_51499
2025-12-06T17:01:13.026059,bike_85023
2025-12-11T11:01:08.411022,bike_33170
2025-12-11T11:01:06.184132,bike_68101
2025-12-11T11:01:07.084197,bike_12415
2025-12-11T11:01:12.350675,bike_69220
2025-12-02T11:01:07.010773,bike_89190
2025-12-11T11:01:16.490540,bike_80499
2025-12-11T11:01:13.184294,bike_23469
2025-12-09T17:01:11.948050,bike_58865
2025-12-11T11:01:12.504135,bike_81725
2025-12-11T11:01:06.352894,bike_52023
2025-12-11T11:01:10.998458,bike_89556
2025-12-11T11:01:12.253294,bike_51148
2025-12-11T11:01:13.684189,bike_88767
2025-12-11T11:01:07.613078,bike_61044
2025-12-11T11:01:06.210067,bike_89160
2025-12-10T17:01:04.519888,bike_70019
2025-12-11T11:01:10.252953,bike_52807
2025-12-11T11:01:15.544179,bike_76279
2025-12-11T11:01:11.151254,bike_47279
2025-12-11T11:01:10.464191,bike_50751
2025-12-11T11:01:08.353242,bike_19558
2025-12-11T11:01:07.330144,bike_73927
2025-12-11T11:01:12.692980,bike_71646
2025-12-11T11:01:09.104225,bike_78647
2025-12-11T11:01:14.300754,bike_17592
2025-12-11T11:01:11.830393,bike_71751
2025-12-06T11:01:09.704980,bike_16681
2025-12-11T11:01:10.390891,bike_62601
2025-12-11T11:01:13.572017,bike_57736
2025-12-11T11:01:16.973454,bike_67863
2025-12-11T11:01:14.584190,bike_78514
2025-12-11T11:01:12.751729,bike_74530
2025-12-11T11:01:06.932338,bike_50275
2025-12-11T11:01:08.630081,bike_07130
2025-12-11T11:01:11.864166,bike_20580
2025-12-11T11:01:06.129925,bike_88806
2025-12-11T11:01:09.530345,bike_67150
2025-12-11T11:01:16.752795,bike_45145
2025-12-11T11:01:14.392666,bike_78226
2025-12-11T11:01:06.971067,bike_24272
2025-12-11T11:01:07.864169,bike_76537
2025-11-30T05:01:07.508570,bike_76532
2025-12-04T05:01:04.476635,bike_60295
2025-12-11T11:01:11.904231,bike_07563
2025-12-11T11:01:09.431512,bike_16416
2025-12-11T11:01:16.033934,bike_80826
2025-12-11T11:01:14.130670,bike_78896
2025-12-11T11:01:07.792847,bike_26410
2025-12-11T11:01:13.744245,bike_71024
2025-12-11T11:01:13.724278,bike_52783
2025-12-11T11:01:07.784049,bike_56607
2025-12-11T11:01:06.129947,bike_67725
2025-12-11T11:01:10.504216,bike_70133
2025-12-11T11:01:11.344185,bike_03530
2025-12-11T11:01:15.784233,bike_74290
2025-12-11T11:01:15.373082,bike_52222
2025-12-11T05:01:12.510910,bike_16551
2025-12-11T11:01:15.264286,bike_85374
2025-12-11T11:01:12.533171,bike_61255
2025-12-11T11:01:15.632122,bike_43272
2025-12-11T11:01:16.144231,bike_74956
2025-12-11T11:01:10.351125,bike_03730
2025-12-09T17:01:14.078666,bike_78752
2025-12-11T11:01:11.851775,bike_45162
2025-12-03T23:01:14.657244,bike_71373
2025-12-11T11:01:14.893010,bike_82547
2025-12-11T05:01:12.808740,bike_73363
2025-12-11T11:01:15.350485,bike_12401
2025-12-11T11:01:07.011130,bike_81101
2025-12-11T11:01:16.914553,bike_85080
2025-12-11T11:01:08.073256,bike_21194
2025-12-11T11:01:15.544133,bike_52560
2025-12-11T11:01:14.744198,bike_70668
2025-12-11T11:01:09.129946,bike_70546
2025-12-11T11:01:05.914761,bike_44773
2025-12-11T11:01:15.210179,bike_88176
2025-12-11T11:01:16.184221,bike_80674
2025-12-11T11:01:14.392697,bike_50377
2025-12-11T11:01:07.784019,bike_46254
2025-12-11T11:01:06.624128,bike_45884
2025-12-11T05:01:13.591115,bike_57582
2025-12-11T11:01:10.252930,bike_51491
2025-12-02T17:01:11.409384,bike_46529
2025-12-11T11:01:12.913167,bike_75636
2025-12-11T11:01:16.064164,bike_62832
2025-12-11T11:01:08.241825,bike_53240
2025-12-11T11:01:10.584212,bike_61377
2025-12-11T11:01:10.333404,bike_70708
2025-12-11T11:01:10.164202,bike_20818
2025-12-11T11:01:10.571946,bike_46220
2025-12-11T11:01:07.344203,bike_63756
2025-12-11T11:01:10.724134,bike_46151
2025-12-11T11:01:14.272994,bike_77228
2025-12-11T11:01:09.404215,bike_67147
2025-12-11T05:01:11.750359,bike_71920
2025-12-11T11:01:14.070155,bike_48059
2025-12-11T11:01:09.153086,bike_24362
2025-12-11T11:01:06.513950,bike_56637
2025-12-11T11:01:06.329851,bike_78057
2025-12-11T11:01:12.350691,bike_77195
2025-12-11T11:01:16.932158,bike_69487
2025-12-11T11:01:11.504158,bike_67218
2025-12-10T11:01:07.282589,bike_16449
2025-12-11T11:01:09.370868,bike_08275
2025-12-11T11:01:12.444192,bike_76624
2025-12-11T11:01:13.470861,bike_19565
2025-12-11T11:01:16.990920,bike_67126
2025-12-11T11:01:11.410524,bike_69267
2025-12-11T05:01:07.111144,bike_55084
2025-12-11T11:01:08.573616,bike_67190
2025-12-11T11:01:08.904169,bike_80552
2025-12-11T11:01:07.604239,bike_02856
2025-12-11T11:01:09.653364,bike_19961
2025-12-11T11:01:16.604266,bike_07469
2025-12-11T11:01:08.830094,bike_82220
2025-12-11T11:01:08.332032,bike_55942
2025-12-11T11:01:14.513386,bike_16515
2025-12-09T17:01:07.711651,bike_62331
2025-12-11T11:01:14.649839,bike_85349
2025-12-11T11:01:12.173007,bike_77155
2025-12-11T11:01:07.356480,bike_89117
2025-12-11T11:01:16.090175,bike_61148
2025-12-11T11:01:16.905460,bike_07705
2025-12-11T11:01:13.224234,bike_18374
2025-12-11T11:01:06.953105,bike_07605
2025-12-11T11:01:11.231232,bike_89110
2025-12-11T11:01:11.804199,bike_52086
2025-11-30T17:01:11.341336,bike_88346
2025-12-11T11:01:14.870448,bike_80318
2025-12-11T11:01:16.691334,bike_44608
2025-12-11T11:01:11.710026,bike_50232
2025-12-11T11:01:11.264248,bike_50600
2025-12-11T11:01:08.812925,bike_03821
2025-12-11T11:01:12.593623,bike_61478
2025-12-11T11:01:09.470507,bike_19433
2025-12-11T11:01:06.494772,bike_88166
2025-12-01T17:01:10.249260,bike_58082
2025-12-11T11:01:14.310026,bike_24086
2025-12-05T23:01:10.979344,bike_03222
2025-12-11T11:01:14.044155,bike_05720
2025-12-10T23:01:14.688789,bike_81237
2025-12-11T05:01:12.488611,bike_47592
2025-12-11T11:01:15.859203,bike_46721
2025-12-11T05:01:02.622018,bike_88319
2025-12-07T17:01:05.096100,bike_69625
2025-12-11T11:01:06.810065,bike_55201
2025-12-11T11:01:17.031221,bike_58473
2025-12-11T11:01:15.404281,bike_80796
2025-12-11T11:01:16.332971,bike_52550
2025-12-11T11:01:08.930815,bike_85140
2025-12-11T11:01:15.544184,bike_71291
2025-12-11T05:01:06.781942,bike_78664
2025-12-11T11:01:06.592738,bike_51903
2025-12-09T05:01:09.726903,bike_73966
2025-12-11T11:01:08.970844,bike_61661
2025-12-11T11:01:11.151241,bike_52987
2025-12-11T11:01:10.571927,bike_43190
2025-12-11T11:01:16.251026,bike_47187
2025-12-11T11:01:15.764197,bike_77658
2025-12-11T11:01:16.051157,bike_74883
2025-12-10T23:01:10.938247,bike_39814
2025-12-11T11:01:12.564149,bike_77524
2025-12-11T11:01:11.524199,bike_89947
2025-12-10T23:01:13.816679,bike_88537
2025-12-11T05:01:02.782046,bike_43574
2025-12-11T11:01:10.513546,bike_47370
2025-12-11T11:01:10.270445,bike_72222
2025-12-11T11:01:12.309959,bike_67054
2025-12-11T11:01:16.364214,bike_51581
2025-12-11T11:01:15.090071,bike_22748
2025-12-11T11:01:08.353207,bike_44567
2025-11-27T23:01:25.287484,bike_80597
2025-12-11T11:01:09.444069,bike_77923
2025-12-11T11:01:10.364197,bike_88841
2025-12-11T11:01:11.330487,bike_56820
2025-12-11T11:01:10.351151,bike_50892
2025-12-11T11:01:13.430858,bike_70950
2025-12-11T11:01:12.090364,bike_22299
2025-12-11T11:01:13.584194,bike_53396
2025-12-10T05:01:08.279056,bike_62464
2025-12-11T11:01:06.810086,bike_63912
2025-12-11T11:01:10.504190,bike_51965
2025-12-11T11:01:06.810078,bike_38222
2025-12-11T11:01:15.593336,bike_75368
2025-12-11T05:01:05.750827,bike_46206
2025-12-11T11:01:08.331957,bike_77465
2025-12-11T11:01:07.230421,bike_56937
2025-12-11T11:01:07.393448,bike_85010
2025-12-11T11:01:06.304131,bike_23857
2025-12-11T11:01:16.873246,bike_72864
2025-12-11T11:01:10.204075,bike_45082
2025-12-11T11:01:07.304124,bike_81067
2025-12-11T11:01:10.364182,bike_04154
2025-12-11T11:01:09.104201,bike_89792
2025-12-11T11:01:10.311274,bike_51949
2025-12-11T11:01:12.404141,bike_82528
2025-12-11T05:01:09.090581,bike_75747
2025-12-11T11:01:12.564219,bike_19540
2025-12-11T11:01:08.944093,bike_76906
2025-12-11T11:01:08.953458,bike_74547
2025-12-11T11:01:08.504250,bike_47516
2025-12-11T05:01:10.201931,bike_88397
2025-12-11T11:01:11.464191,bike_24071
2025-12-11T11:01:08.033410,bike_16877
2025-12-11T11:01:15.993446,bike_70161
2025-12-11T11:01:14.712910,bike_73373
2025-12-11T11:01:16.504239,bike_18481
2025-12-11T11:01:09.210612,bike_58995
2025-12-11T11:01:14.104261,bike_81765
2025-12-11T11:01:11.133317,bike_62340
2025-11-29T23:01:05.370938,bike_45386
2025-12-11T11:01:10.433557,bike_68594
2025-12-11T11:01:11.490722,bike_62401
2025-12-11T11:01:13.170794,bike_17798
2025-12-11T11:01:15.811111,bike_47134
2025-12-11T11:01:09.032966,bike_45251
2025-12-11T11:01:13.293239,bike_88214
2025-12-11T11:01:13.544232,bike_72425
2025-12-11T11:01:13.024180,bike_68905
2025-11-30T11:01:05.157193,bike_46554
2025-12-11T11:01:06.784170,bike_00440
2025-12-11T11:01:09.170111,bike_45580
2025-12-11T11:01:15.430654,bike_74466
2025-12-11T11:01:09.732749,bike_61508
2025-12-11T11:01:06.344113,bike_25427
2025-12-11T11:01:07.164146,bike_45443
2025-12-11T11:01:11.533524,bike_63196
2025-12-11T11:01:10.593099,bike_75823
2025-12-11T11:01:06.849980,bike_02307
2025-12-11T11:01:12.930362,bike_62478
2025-12-11T11:01:14.544201,bike_14099
2025-12-11T11:01:14.924172,bike_44825
2025-12-11T11:01:08.173741,bike_00330
2025-12-11T11:01:14.831156,bike_50991
2025-12-11T11:01:10.413593,bike_20243
2025-12-11T11:01:15.144182,bike_24075
2025-12-11T11:01:12.372923,bike_88731
2025-11-30T05:01:14.806005,bike_75487
2025-12-11T11:01:14.300775,bike_10513
2025-12-11T11:01:14.764181,bike_44888
2025-12-03T11:01:03.886053,bike_67282
2025-12-11T05:01:08.907745,bike_52655
2025-12-11T11:01:16.713093,bike_43589
2025-12-11T11:01:08.830078,bike_09328
2025-11-30T11:01:12.230948,bike_72174
2025-12-11T05:01:07.641904,bike_88532
2025-12-11T05:01:09.670090,bike_73198
2025-12-11T11:01:16.211540,bike_78820
2025-12-11T11:01:07.573547,bike_73900
2025-12-11T11:01:11.872848,bike_80974
2025-12-10T17:01:01.121425,bike_72213
2025-12-11T11:01:09.344222,bike_51511
2025-12-11T11:01:16.914602,bike_43404
2025-12-11T11:01:12.372915,bike_16786
2025-12-11T11:01:12.913159,bike_55251
2025-12-11T11:01:13.293286,bike_45272
2025-12-11T11:01:15.733462,bike_21329
2025-12-11T11:01:08.331994,bike_04018
2025-12-11T11:01:09.332259,bike_63739
2025-12-11T11:01:10.190689,bike_42908
2025-12-11T11:01:16.233625,bike_42769
2025-12-11T11:01:12.310004,bike_60985
2025-12-11T11:01:14.884283,bike_67480
2025-12-11T11:01:12.904197,bike_18346
2025-12-08T05:01:05.634619,bike_09097
2025-12-11T11:01:11.613491,bike_89988
2025-12-11T11:01:12.604036,bike_50228
2025-12-11T11:01:13.044346,bike_03939
2025-11-30T11:01:05.875736,bike_70374
2025-12-11T11:01:10.944191,bike_57188
2025-12-11T11:01:12.131889,bike_44100
2025-12-11T11:01:10.243512,bike_46321
2025-12-11T11:01:09.993107,bike_80401
2025-12-11T11:01:10.064192,bike_70706
2025-12-11T11:01:08.953402,bike_69078
2025-12-08T05:01:10.794413,bike_70156
2025-12-11T11:01:05.844000,bike_76582
2025-12-11T11:01:15.364202,bike_23363
2025-12-11T11:01:06.424187,bike_72653
2025-12-11T11:01:16.224232,bike_43403
2025-12-11T11:01:07.833396,bike_70303
2025-12-11T11:01:12.430893,bike_20393
2025-12-11T11:01:07.984216,bike_45003
2025-12-11T11:01:16.332955,bike_68626
2025-12-11T11:01:16.471321,bike_19784
2025-12-11T11:01:09.653322,bike_68772
2025-12-11T11:01:07.479562,bike_52419
2025-12-11T11:01:14.464166,bike_74449
2025-12-11T11:01:14.104238,bike_68981
2025-12-11T11:01:06.752948,bike_81496
2025-12-05T17:01:06.678975,bike_46131
2025-12-08T17:01:03.736268,bike_71096
2025-12-05T23:01:10.054566,bike_58011
2025-12-08T05:01:09.186332,bike_46279
2025-12-11T11:01:16.350847,bike_47576
2025-12-11T11:01:07.792866,bike_69651
2025-12-11T11:01:06.784136,bike_74448
2025-12-11T11:01:10.693126,bike_19046
2025-12-11T11:01:10.464182,bike_43097
2025-12-11T11:01:08.870217,bike_78208
2025-12-11T11:01:12.033532,bike_81029
2025-12-11T11:01:05.984181,bike_50186
2025-12-11T11:01:08.724153,bike_43205
2025-12-11T11:01:08.464241,bike_78328
2025-12-11T11:01:15.373131,bike_89005
2025-12-11T11:01:17.031251,bike_81154
2025-12-11T11:01:09.570561,bike_00409
2025-12-11T11:01:06.433372,bike_25348
2025-12-11T11:01:15.311893,bike_50300
2025-12-11T11:01:09.930919,bike_60107
2025-12-11T11:01:07.011096,bike_88980
2025-12-11T11:01:12.033516,bike_02479
2025-12-11T11:01:08.750013,bike_67083
2025-12-11T11:01:07.304116,bike_69449
2025-12-11T11:01:10.593129,bike_80875
2025-12-11T11:01:15.593368,bike_51619
2025-12-11T11:01:14.264219,bike_44973
2025-12-11T11:01:09.684148,bike_68291
2025-12-11T11:01:10.764053,bike_42512
2025-11-27T17:41:43.194972,bike_47367
2025-12-11T11:01:15.913109,bike_62273
2025-12-11T11:01:14.984255,bike_08663
2025-12-11T11:01:06.224160,bike_46633
2025-12-11T11:01:07.053466,bike_42818
2025-12-11T11:01:06.477081,bike_71833
2025-12-03T17:01:06.233868,bike_60650
2025-12-11T11:01:10.064179,bike_72743
2025-12-11T11:01:15.073108,bike_51165
2025-12-11T11:01:10.230058,bike_63775
2025-12-11T11:01:08.644244,bike_77430
2025-12-11T11:01:13.324164,bike_62133
2025-12-11T11:01:09.530320,bike_00220
2025-12-11T11:01:10.724157,bike_60477
2025-12-11T11:01:08.392852,bike_79339
2025-12-11T11:01:15.711650,bike_88041
2025-12-06T23:01:09.765039,bike_51438
2025-12-11T11:01:14.773055,bike_58515
2025-12-11T11:01:14.153395,bike_00466
2025-12-11T11:01:08.264221,bike_19294
2025-12-11T11:01:11.752872,bike_50704
2025-12-11T11:01:07.270044,bike_78179
2025-12-11T11:01:11.064213,bike_60197
2025-12-11T11:01:15.234014,bike_71036
2025-12-11T11:01:14.324205,bike_52358
2025-12-11T11:01:11.644188,bike_43608
2025-12-11T11:01:13.354918,bike_79203
2025-12-11T11:01:06.313014,bike_21031
2025-12-11T11:01:14.933305,bike_74778
2025-12-11T11:01:11.264193,bike_02756
2025-12-11T11:01:16.769744,bike_78858
2025-12-11T11:01:08.264189,bike_89638
2025-12-11T11:01:13.054165,bike_53210
2025-12-11T11:01:13.553622,bike_19826
2025-12-11T11:01:15.971191,bike_72219
2025-12-11T11:01:06.193112,bike_62247
2025-12-11T11:01:09.305165,bike_23902
2025-12-11T11:01:16.104139,bike_67408
2025-12-11T11:01:13.390995,bike_78517
2025-12-11T11:01:06.633193,bike_23319
2025-12-10T17:01:01.557896,bike_69008
2025-12-11T11:01:13.489438,bike_08361
2025-12-11T11:01:06.393118,bike_07335
2025-12-11T11:01:13.951936,bike_20202
2025-12-11T11:01:15.324217,bike_51947
2025-12-11T11:01:08.173722,bike_72855
2025-12-11T11:01:11.173177,bike_78342
2025-12-05T17:01:12.519112,bike_71391
2025-12-09T23:01:10.803001,bike_89138
2025-12-11T11:01:06.531216,bike_26791
2025-12-11T11:01:06.112805,bike_77030
2025-12-11T11:01:10.270429,bike_78636
2025-12-11T11:01:07.694404,bike_24678
2025-12-05T17:01:08.482314,bike_85406
2025-12-11T05:01:03.221958,bike_73055
2025-12-11T11:01:14.070131,bike_61219
2025-12-11T11:01:08.852970,bike_73394
2025-12-10T17:01:05.991662,bike_62938
2025-12-11T05:01:10.789666,bike_46818
2025-12-11T11:01:15.530731,bike_41925
2025-12-10T11:01:06.380468,bike_11217
2025-12-11T11:01:16.631009,bike_78375
2025-12-11T11:01:06.864207,bike_44393
2025-12-11T05:01:06.561877,bike_46939
2025-12-11T05:01:10.681899,bike_76235
2025-12-11T11:01:12.484174,bike_77922
2025-12-11T11:01:06.971070,bike_46696
2025-12-11T11:01:15.913153,bike_22303
2025-12-05T17:01:05.159276,bike_72986
2025-12-11T11:01:10.900219,bike_77828
2025-12-11T11:01:07.432897,bike_44718
2025-12-11T11:01:08.764209,bike_52593
2025-12-11T11:01:06.010671,bike_70033
2025-12-11T11:01:06.570662,bike_45837
2025-12-11T11:01:15.153042,bike_45684
2025-12-11T11:01:08.944103,bike_73353
2025-12-11T11:01:07.913192,bike_43795
2025-12-11T11:01:11.710039,bike_68298
2025-12-11T11:01:12.471114,bike_01763
2025-12-11T11:01:12.953320,bike_85219
2025-12-11T11:01:07.573509,bike_89950
2025-12-11T11:01:09.193111,bike_44517
2025-12-11T11:01:15.464186,bike_61339
2025-12-11T11:01:14.392710,bike_44587
2025-12-11T11:01:10.364205,bike_03846
2025-12-11T11:01:17.044224,bike_11140
2025-12-11T11:01:10.764085,bike_72970
2025-12-11T11:01:07.365430,bike_44837
2025-12-11T11:01:06.770276,bike_67040
2025-12-11T11:01:10.373332,bike_50852
2025-12-11T11:01:11.872801,bike_44990
2025-11-29T17:01:06.111857,bike_88305
2025-12-11T05:01:07.461880,bike_78810
2025-12-11T05:01:08.448517,bike_55086
2025-12-11T11:01:08.504239,bike_42586
2025-12-11T11:01:07.833412,bike_07084
2025-12-11T11:01:07.851007,bike_70005
2025-11-30T11:01:11.108005,bike_20672
2025-12-08T23:01:07.084752,bike_75087
2025-12-11T11:01:13.054124,bike_50601
2025-12-11T11:01:07.890136,bike_50659
2025-11-28T11:01:40.446195,bike_05015
2025-12-11T11:01:16.324148,bike_79036
2025-12-11T11:01:17.052941,bike_76638
2025-12-11T11:01:15.750728,bike_42507
2025-12-11T11:01:06.849998,bike_21098
2025-12-11T11:01:14.130705,bike_11739
2025-12-11T11:01:12.629900,bike_52714
2025-12-11T11:01:14.813172,bike_89354
2025-12-11T11:01:16.224205,bike_60265
2025-12-11T11:01:07.904113,bike_33335
2025-12-11T11:01:11.744190,bike_70175
2025-12-11T11:01:14.464117,bike_79342
2025-12-11T11:01:15.890016,bike_58096
2025-12-11T11:01:10.050692,bike_70859
2025-12-11T11:01:14.553317,bike_60588
2025-12-11T11:01:07.672427,bike_43099
2025-12-11T11:01:11.791877,bike_42940
2025-12-11T11:01:16.792910,bike_46627
2025-12-11T11:01:12.873219,bike_80217
2025-12-06T17:01:13.082829,bike_56146
2025-12-10T23:01:11.775483,bike_03124
2025-12-11T11:01:09.264205,bike_77590
2025-12-11T11:01:12.504152,bike_69203
2025-12-11T11:01:07.150177,bike_45628
2025-12-07T17:01:05.787663,bike_51637
2025-12-11T11:01:08.264173,bike_25940
2025-12-11T11:01:13.572045,bike_38492
2025-12-05T17:01:05.839319,bike_47277
2025-12-11T11:01:07.204209,bike_78846
2025-12-11T11:01:16.350880,bike_81182
2025-12-11T11:01:12.813073,bike_12492
2025-12-11T11:01:16.104159,bike_02124
2025-12-11T11:01:15.644205,bike_46667
2025-12-11T05:01:04.062011,bike_79242
2025-12-11T11:01:15.820010,bike_16101
2025-12-11T11:01:16.144228,bike_36663
2025-12-10T23:01:06.676047,bike_73065
2025-12-11T11:01:07.510741,bike_78386
2025-12-11T11:01:11.533534,bike_16559
2025-12-11T11:01:12.593666,bike_47325
2025-12-11T11:01:12.253277,bike_56465
2025-12-11T11:01:11.533509,bike_73698
2025-12-11T11:01:11.424192,bike_08892
2025-12-11T11:01:10.243588,bike_45089
2025-12-11T11:01:15.553141,bike_68471
2025-12-09T17:01:07.246200,bike_52001
2025-12-11T11:01:16.131041,bike_58902
2025-12-11T05:01:05.948621,bike_81485
2025-12-11T11:01:10.984813,bike_09237
2025-12-11T11:01:08.564401,bike_72215
2025-11-29T17:01:10.241145,bike_78926
2025-12-11T11:01:07.654482,bike_69680
2025-12-11T11:01:10.204085,bike_21704
2025-12-11T05:01:06.791089,bike_51209
2025-12-11T11:01:15.859167,bike_85263
2025-12-11T11:01:09.144191,bike_56516
2025-12-11T11:01:12.064156,bike_76599
2025-12-11T11:01:07.630490,bike_05265
2025-12-11T11:01:07.864194,bike_70353
2025-12-11T11:01:06.410654,bike_77056
2025-12-10T17:01:07.180649,bike_40515
2025-12-11T11:01:08.232231,bike_52168
2025-12-11T11:01:13.093589,bike_67051
2025-12-11T11:01:16.591435,bike_44024
2025-12-11T11:01:11.864192,bike_81093
2025-12-11T11:01:13.684191,bike_69433
2025-12-11T11:01:10.294058,bike_85000
2025-12-11T11:01:13.544209,bike_24029
2025-12-03T23:01:13.320682,bike_06622
2025-12-07T17:01:08.478117,bike_20208
2025-12-11T11:01:08.124300,bike_46787
2025-12-11T11:01:13.391020,bike_76781
2025-12-11T11:01:12.504145,bike_72747
2025-12-11T11:01:07.890152,bike_07405
2025-12-11T05:01:06.951533,bike_88477
2025-12-11T11:01:16.250982,bike_80296
2025-12-11T11:01:08.314101,bike_76554
2025-12-11T11:01:15.464161,bike_62102
2025-12-11T05:01:09.621943,bike_89964
2025-12-11T11:01:08.870200,bike_00979
2025-12-11T11:01:09.791169,bike_47365
2025-12-11T11:01:08.090467,bike_73694
2025-12-08T11:01:06.274877,bike_79019
2025-12-11T11:01:10.474957,bike_00823
2025-12-11T11:01:15.131035,bike_23657
2025-12-09T23:01:14.103194,bike_44652
2025-12-11T11:01:06.592713,bike_51274
2025-12-11T11:01:14.632753,bike_04822
2025-12-11T11:01:14.104256,bike_81001
2025-12-11T11:01:06.984194,bike_82312
2025-12-11T11:01:15.890030,bike_76183
2025-12-11T11:01:15.153066,bike_55503
2025-12-11T11:01:14.844146,bike_75715
2025-12-11T11:01:15.273242,bike_61740
2025-12-11T05:01:09.330636,bike_73719
2025-12-05T05:01:05.946584,bike_69366
2025-12-11T11:01:12.864209,bike_81659
2025-12-11T11:01:16.890706,bike_05457
2025-12-11T11:01:10.113574,bike_75624
2025-12-11T11:01:09.404203,bike_21381
2025-12-11T11:01:11.778484,bike_45700
2025-12-11T05:01:13.362009,bike_47620
2025-12-11T11:01:14.353221,bike_46201
2025-12-11T11:01:09.844208,bike_46328
2025-12-11T11:01:13.153191,bike_74027
2025-12-11T11:01:15.490542,bike_21419
2025-12-11T11:01:12.764144,bike_78708
2025-12-11T11:01:07.024188,bike_89768
2025-12-11T11:01:06.531240,bike_80463
2025-12-11T11:01:10.064199,bike_88065
2025-12-11T11:01:07.591411,bike_88160
2025-12-11T11:01:10.464174,bike_80937
2025-12-11T11:01:15.311901,bike_80954
2025-12-11T11:01:06.731113,bike_04101
2025-12-10T17:01:01.231724,bike_45764
2025-12-11T11:01:15.828805,bike_73680
2025-11-29T17:01:11.161572,bike_19436
2025-12-10T05:01:09.257579,bike_44753
2025-12-02T11:01:10.071597,bike_75518
2025-12-11T11:01:07.393494,bike_46394
2025-12-11T11:01:12.864227,bike_43980
2025-12-11T05:01:05.424576,bike_61145
2025-12-11T11:01:11.450462,bike_70373
2025-12-11T11:01:08.371187,bike_85510
2025-12-11T11:01:06.312975,bike_68959
2025-12-11T11:01:08.010832,bike_23222
2025-12-10T17:01:00.919211,bike_69534
2025-12-11T11:01:06.890342,bike_85097
2025-12-11T11:01:06.033063,bike_77106
2025-12-11T11:01:09.930858,bike_52211
2025-12-11T05:01:04.768736,bike_62792
2025-12-11T11:01:15.464176,bike_02740
2025-12-11T11:01:16.193471,bike_78181
2025-12-11T11:01:12.904168,bike_18169
2025-12-11T11:01:10.653360,bike_75521
2025-12-11T11:01:10.311292,bike_47850
2025-12-11T11:01:07.792834,bike_56556
2025-12-11T11:01:08.150691,bike_47746
2025-12-11T11:01:12.604031,bike_20133
2025-12-11T11:01:14.383575,bike_62112
2025-12-11T11:01:13.284199,bike_63044
2025-12-03T23:01:06.482920,bike_85138
2025-12-11T05:01:13.531344,bike_74914
2025-12-11T11:01:05.950603,bike_80046
2025-12-11T11:01:11.744192,bike_73523
2025-12-05T23:01:14.661489,bike_24698
2025-12-11T11:01:11.504161,bike_77102
2025-12-11T11:01:10.755197,bike_46628
2025-12-11T11:01:10.113546,bike_51001
2025-12-02T11:01:10.152910,bike_52021
2025-12-11T11:01:15.670801,bike_10780
2025-12-11T11:01:15.104203,bike_04721
2025-12-11T11:01:15.024155,bike_81058
2025-12-02T05:01:07.489682,bike_68836
2025-12-10T05:01:10.520559,bike_89781
2025-12-11T11:01:15.872687,bike_82866
2025-12-11T11:01:13.111263,bike_79507
2025-12-11T11:01:14.592673,bike_06937
2025-12-11T11:01:10.064162,bike_78327
2025-12-03T05:01:12.334482,bike_82863
2025-12-11T11:01:07.411160,bike_52331
2025-12-11T11:01:07.292131,bike_77985
2025-12-11T11:01:09.912982,bike_50256
2025-12-11T11:01:13.364635,bike_77176
2025-12-11T11:01:16.850031,bike_76379
2025-12-11T11:01:07.993161,bike_77369
2025-12-10T11:01:09.581532,bike_88052
2025-12-11T05:01:06.862006,bike_23248
2025-12-11T11:01:05.914771,bike_68837
2025-12-10T17:01:01.897654,bike_77450
2025-12-11T11:01:14.184109,bike_60028
2025-12-09T11:01:06.719117,bike_52501
2025-12-11T11:01:14.053073,bike_88172
2025-12-11T11:01:06.850011,bike_46285
2025-12-11T11:01:06.232655,bike_82286
2025-12-11T11:01:07.550558,bike_14818
2025-12-11T11:01:10.684152,bike_76677
2025-12-11T11:01:07.356490,bike_05981
2025-12-05T11:01:11.852323,bike_75982
2025-12-11T05:01:13.141856,bike_81488
2025-12-11T11:01:08.791222,bike_55057
2025-12-11T11:01:07.092884,bike_81819
2025-12-11T11:01:12.504105,bike_78497
2025-12-11T11:01:07.173322,bike_88208
2025-12-11T11:01:06.270311,bike_24204
2025-12-11T11:01:08.732876,bike_20883
2025-12-11T11:01:13.452804,bike_58167
2025-12-11T11:01:06.752907,bike_46661
2025-12-11T11:01:15.311890,bike_42966
2025-12-11T05:01:11.109852,bike_52685
2025-12-11T11:01:06.584154,bike_71295
2025-12-05T17:01:10.702498,bike_57829
2025-12-11T11:01:11.613476,bike_47529
2025-12-11T11:01:10.584171,bike_60313
2025-12-11T11:01:12.984319,bike_72502
2025-12-11T11:01:14.624105,bike_88931
2025-12-11T11:01:07.952826,bike_44383
2025-12-11T11:01:08.913101,bike_24068
2025-12-11T11:01:13.211235,bike_77902
2025-12-11T11:01:12.413486,bike_88463
2025-12-11T11:01:07.312844,bike_74136
2025-12-11T11:01:11.684182,bike_52052
2025-12-10T23:01:12.699090,bike_56964
2025-12-11T11:01:07.613092,bike_52926
2025-12-11T11:01:11.670371,bike_37415
2025-12-11T05:01:10.290844,bike_76584
2025-12-11T11:01:11.264199,bike_11768
2025-12-11T11:01:09.732757,bike_56554
2025-12-11T11:01:06.824172,bike_43839
2025-12-11T11:01:06.810096,bike_61749
2025-12-11T11:01:12.773573,bike_70327
2025-12-11T11:01:10.724176,bike_00312
2025-12-11T11:01:06.770289,bike_61342
2025-12-11T11:01:15.192945,bike_05908
2025-12-11T11:01:06.824142,bike_50365
2025-12-11T11:01:06.633206,bike_21507
2025-12-01T17:01:15.063942,bike_50657
2025-12-11T11:01:11.473219,bike_61057
2025-12-11T11:01:12.953280,bike_45656
2025-12-11T11:01:15.273312,bike_14263
2025-12-07T11:01:05.738972,bike_26754
2025-12-11T11:01:12.033553,bike_81758
2025-12-11T05:01:09.887932,bike_46140
2025-12-11T11:01:16.064186,bike_74214
2025-12-11T11:01:10.464166,bike_75837
2025-12-11T05:01:05.381952,bike_73529
2025-12-11T11:01:07.489279,bike_43303
2025-12-09T05:01:04.837648,bike_62730
2025-12-11T11:01:06.890286,bike_72982
2025-12-11T11:01:12.524195,bike_70632
2025-12-11T11:01:10.064201,bike_55920
2025-12-11T11:01:13.044343,bike_05581
2025-12-10T23:01:06.468737,bike_72208
2025-12-05T17:01:14.382293,bike_70755
2025-12-11T11:01:11.724170,bike_51699
2025-12-11T11:01:10.653316,bike_89385
2025-12-11T11:01:15.711655,bike_18929
2025-12-11T11:01:17.070127,bike_51423
2025-12-11T11:01:07.913145,bike_43373
2025-12-11T11:01:07.684168,bike_72625
2025-12-11T11:01:12.324225,bike_50616
2025-11-28T23:01:04.674681,bike_79346
2025-12-11T11:01:10.554059,bike_73314
2025-12-11T11:01:10.504195,bike_50983
2025-12-11T11:01:09.404205,bike_47297
2025-12-11T11:01:16.932125,bike_62239
2025-12-11T11:01:06.486021,bike_89061
2025-12-06T17:01:06.097433,bike_44031
2025-12-11T11:01:16.113555,bike_43562
2025-12-11T11:01:08.191327,bike_76581
2025-12-09T17:01:09.727692,bike_56037
2025-12-11T11:01:07.864175,bike_74752
2025-12-11T11:01:08.133286,bike_51974
2025-12-11T11:01:12.644089,bike_63014
2025-12-11T11:01:06.072969,bike_19907
2025-12-11T11:01:07.533055,bike_52377
2025-12-11T11:01:14.570984,bike_50000
2025-12-11T05:01:04.675012,bike_88676
2025-12-09T17:01:09.534470,bike_50253
2025-12-11T11:01:10.693115,bike_78200
2025-12-11T11:01:14.592670,bike_44723
2025-12-11T11:01:11.804175,bike_79562
2025-12-11T11:01:06.064079,bike_57087
2025-12-11T11:01:07.110047,bike_45614
2025-12-11T11:01:12.430864,bike_05934
2025-12-11T11:01:10.790855,bike_24024
2025-12-11T11:01:10.064187,bike_58237
2025-12-11T11:01:12.204174,bike_47199
2025-12-11T11:01:13.875645,bike_71890
2025-12-11T11:01:06.352941,bike_82318
2025-12-11T11:01:10.230099,bike_77519
2025-12-10T17:01:07.238175,bike_00389
2025-12-11T11:01:06.410694,bike_75320
2025-12-11T11:01:16.824097,bike_74393
2025-12-11T11:01:10.284193,bike_12606
2025-12-11T11:01:13.604235,bike_10503
2025-12-11T11:01:13.904177,bike_00362
2025-12-11T11:01:11.550976,bike_74287
2025-12-11T11:01:11.190624,bike_69034
2025-12-11T11:01:10.413556,bike_35786
2025-12-11T11:01:09.414214,bike_09568
2025-12-11T11:01:11.303696,bike_19643
2025-12-08T05:01:08.386333,bike_74711
2025-12-11T11:01:15.684156,bike_75315
2025-12-10T23:01:08.308686,bike_04218
2025-12-05T05:01:08.217261,bike_77991
2025-11-30T05:01:05.658295,bike_79757
2025-12-11T11:01:09.693460,bike_44711
2025-12-11T11:01:15.224184,bike_57926
2025-12-11T11:01:15.993476,bike_57336
2025-12-11T11:01:07.864191,bike_74008
2025-12-11T11:01:13.904203,bike_88568
2025-12-11T11:01:13.391023,bike_45151
2025-12-09T17:01:06.171256,bike_43069
2025-12-11T11:01:16.393120,bike_82575
2025-12-11T11:01:09.570592,bike_45687
2025-12-11T11:01:14.744201,bike_31613
2025-12-11T11:01:08.573595,bike_18539
2025-12-11T11:01:13.724227,bike_47439
2025-12-11T11:01:07.550580,bike_25452
2025-12-11T11:01:10.351128,bike_74655
2025-12-11T11:01:08.670576,bike_70381
2025-12-11T11:01:09.384196,bike_88786
2025-12-11T11:01:08.591575,bike_69574
2025-12-11T11:01:15.413271,bike_57896
2025-12-02T23:01:06.384173,bike_43814
2025-12-03T17:01:10.804352,bike_71657
2025-12-11T11:01:09.970592,bike_89215
2025-12-11T11:01:06.609839,bike_44341
2025-12-11T11:01:07.630471,bike_45772
2025-12-11T11:01:13.170796,bike_20189
2025-12-11T11:01:09.993115,bike_42929
2025-12-11T11:01:15.233999,bike_68775
2025-12-11T11:01:10.610528,bike_70457
2025-12-11T11:01:16.332978,bike_24386
2025-12-11T11:01:16.704172,bike_81077
2025-12-11T11:01:05.950565,bike_71892
2025-11-27T18:03:40.425235,bike_71224
2025-12-11T11:01:12.430884,bike_85315
2025-12-11T11:01:16.104136,bike_16612
2025-12-11T11:01:09.314462,bike_44988
2025-12-11T11:01:08.724186,bike_76546
2025-12-11T11:01:14.449815,bike_80587
2025-12-11T11:01:06.184155,bike_25451
2025-12-11T11:01:05.968606,bike_79172
2025-12-11T11:01:11.684185,bike_43641
2025-12-11T11:01:14.449821,bike_11630
2025-12-11T11:01:09.750267,bike_69497
2025-12-11T11:01:14.544199,bike_82305
2025-12-11T11:01:15.090050,bike_44262
2025-12-11T11:01:13.153230,bike_76277
2025-12-11T11:01:11.912960,bike_88965
2025-12-11T11:01:11.303717,bike_63127
2025-12-11T11:01:06.064094,bike_69146
2025-12-11T11:01:16.424276,bike_24340
2025-12-11T11:01:14.592660,bike_20856
2025-12-11T11:01:07.432911,bike_21440
2025-12-11T11:01:16.424240,bike_22399
2025-12-11T11:01:09.353535,bike_67788
2025-12-11T11:01:14.993576,bike_89560
2025-12-11T11:01:13.530633,bike_23615
2025-12-11T11:01:09.104172,bike_47384
2025-12-11T11:01:09.732719,bike_55058
2025-12-11T11:01:07.244195,bike_60982
2025-12-11T11:01:16.144215,bike_89619
2025-12-11T11:01:12.024156,bike_22144
2025-12-11T11:01:16.973477,bike_76478
2025-12-11T11:01:14.170796,bike_58950
2025-11-29T23:01:05.643316,bike_51287
2025-12-11T05:01:03.661918,bike_76902
2025-12-11T11:01:14.910384,bike_71164
2025-12-11T11:01:15.504165,bike_50436
2025-12-11T11:01:06.553084,bike_76718
2025-12-11T11:01:09.912925,bike_70283
2025-12-11T11:01:06.944212,bike_20574
2025-12-11T11:01:13.312225,bike_73780
2025-11-28T23:01:11.452813,bike_68575
2025-12-11T11:01:07.913128,bike_72090
2025-12-11T11:01:09.984137,bike_80725
2025-12-11T11:01:09.244145,bike_09014
2025-12-11T05:01:07.470561,bike_89184
2025-12-11T11:01:16.471373,bike_43215
2025-12-11T11:01:12.629946,bike_26468
2025-12-11T11:01:11.012498,bike_13772
2025-12-11T11:01:14.624158,bike_50369
2025-12-11T11:01:15.711660,bike_21499
2025-12-11T11:01:16.752822,bike_50679
2025-12-11T11:01:08.852932,bike_42759
2025-12-11T11:01:14.344228,bike_53151
2025-12-11T11:01:07.452509,bike_03584
2025-12-11T11:01:10.890951,bike_04045
2025-12-11T11:01:07.984175,bike_55589
2025-12-09T05:01:05.097734,bike_71472
2025-12-11T11:01:13.054111,bike_82229
2025-12-11T11:01:10.544204,bike_80171
2025-12-11T11:01:15.210159,bike_62725
2025-12-11T11:01:09.073187,bike_67330
2025-12-11T11:01:07.952901,bike_88095
2025-12-11T05:01:03.352151,bike_23867
2025-12-11T11:01:08.473430,bike_68665
2025-12-11T11:01:12.830036,bike_43307
2025-12-11T11:01:15.890053,bike_69396
2025-12-11T11:01:08.630068,bike_71450
2025-12-11T11:01:07.150183,bike_51521
2025-12-11T11:01:13.253721,bike_89856
2025-12-11T11:01:07.523731,bike_71029
2025-12-11T11:01:06.129965,bike_24015
2025-12-11T11:01:08.613019,bike_81499
2025-12-11T11:01:07.365413,bike_19835
2025-12-11T11:01:07.312829,bike_85175
2025-12-11T11:01:09.032948,bike_78095
2025-12-04T17:01:07.113947,bike_47716
2025-12-11T11:01:07.952886,bike_44572
2025-12-11T11:01:16.384223,bike_02831
2025-12-10T11:01:07.422250,bike_89830
2025-12-11T11:01:09.370817,bike_81189
2025-12-11T11:01:12.372944,bike_71466
2025-12-09T23:01:04.848902,bike_58147
2025-12-11T11:01:12.873232,bike_77417
2025-12-11T11:01:12.844186,bike_71859
2025-12-09T11:01:10.719100,bike_62881
2025-12-11T11:01:14.044171,bike_12182
2025-12-11T11:01:15.290851,bike_51519
2025-12-11T11:01:16.591416,bike_86237
2025-12-11T11:01:08.953463,bike_71105
2025-12-11T11:01:06.193068,bike_47092
2025-12-11T11:01:15.930267,bike_14696
2025-12-11T11:01:09.184223,bike_52039
2025-12-11T11:01:05.984162,bike_68814
2025-12-11T11:01:07.672415,bike_89471
2025-12-11T11:01:15.144193,bike_51397
2025-12-09T05:01:06.437719,bike_62390
2025-12-11T11:01:11.590644,bike_20415
2025-12-07T17:01:03.567490,bike_47896
2025-12-11T11:01:15.784185,bike_04713
2025-12-11T11:01:15.224187,bike_60798
2025-12-11T11:01:13.284192,bike_80578
2025-12-11T11:01:07.564076,bike_77438
2025-12-11T11:01:13.391018,bike_68525
2025-12-11T11:01:13.354890,bike_12041
2025-12-11T11:01:09.144144,bike_76291
2025-12-11T11:01:11.564062,bike_81091
2025-12-11T11:01:10.531078,bike_42901
2025-12-11T11:01:10.284230,bike_62787
2025-12-11T11:01:06.673473,bike_52760
2025-12-11T11:01:09.953265,bike_79771
2025-12-11T11:01:14.070181,bike_09114
2025-12-11T11:01:10.173301,bike_62103
2025-12-02T23:01:09.037805,bike_77448
2025-12-11T11:01:11.213464,bike_75435
2025-12-11T11:01:08.953433,bike_88506
2025-12-11T05:01:09.296446,bike_88030
2025-12-11T11:01:12.309988,bike_76892
2025-12-11T11:01:12.944285,bike_88278
2025-12-11T11:01:06.292442,bike_47328
2025-12-11T11:01:13.724259,bike_55887
2025-12-09T05:01:05.677662,bike_45515
2025-12-11T11:01:06.792935,bike_61275
2025-12-11T05:01:13.301936,bike_73367
2025-12-11T11:01:14.553320,bike_73798
2025-12-11T11:01:07.393466,bike_01514
2025-12-11T11:01:08.852950,bike_89860
2025-12-11T11:01:11.204163,bike_52894
2025-12-11T11:01:14.273002,bike_44256
2025-12-11T11:01:11.190617,bike_17900
2025-12-11T11:01:07.424147,bike_89092
2025-12-11T11:01:13.924265,bike_16554
2025-12-11T11:01:06.486042,bike_00808
2025-12-11T11:01:16.704192,bike_76337
2025-12-11T11:01:12.653073,bike_76594
2025-12-11T11:01:09.492610,bike_47552
2025-12-11T11:01:09.073156,bike_45352
2025-12-11T11:01:07.872937,bike_77959
2025-12-11T11:01:07.904167,bike_88724
2025-12-11T11:01:14.153405,bike_80520
2025-12-11T11:01:14.300759,bike_77840
2025-12-11T11:01:07.654527,bike_46697
2025-12-11T11:01:06.424167,bike_20353
2025-12-11T11:01:15.724184,bike_74137
2025-12-11T11:01:14.831189,bike_43212
2025-12-11T11:01:14.910413,bike_46612
2025-12-11T11:01:14.704190,bike_24182
2025-12-11T11:01:11.912970,bike_79606
2025-12-11T11:01:10.724179,bike_58951
2025-12-11T11:01:10.724162,bike_56182
2025-12-08T17:01:11.824240,bike_79808
2025-12-08T05:01:10.466354,bike_47154
2025-12-11T11:01:09.032989,bike_56644
2025-12-11T11:01:07.573520,bike_85319
2025-12-11T11:01:09.104209,bike_47364
2025-12-11T11:01:06.352923,bike_00140
2025-12-11T11:01:15.073078,bike_74888
2025-12-11T11:01:13.054158,bike_89737
2025-12-11T11:01:12.453786,bike_53312
2025-12-11T11:01:13.964193,bike_05606
2025-12-11T11:01:06.064092,bike_82850
2025-12-11T11:01:15.811088,bike_47831
2025-12-11T11:01:11.073437,bike_52588
2025-12-11T11:01:06.744090,bike_47098
2025-12-11T11:01:15.010874,bike_46483
2025-12-11T11:01:07.393446,bike_05465
2025-12-11T11:01:08.564398,bike_89265
2025-12-07T11:01:05.646608,bike_74633
2025-12-03T05:01:12.106703,bike_58337
2025-12-11T11:01:10.364219,bike_89815
2025-12-11T11:01:09.944192,bike_46362
2025-12-06T17:01:08.706742,bike_76025
2025-12-11T11:01:10.024143,bike_01430
2025-12-11T11:01:13.671244,bike_26446
2025-12-11T11:01:15.890022,bike_73804
2025-12-11T11:01:13.544198,bike_79886
2025-12-11T11:01:11.613473,bike_44668
2025-12-11T11:01:12.953294,bike_09103
2025-12-11T11:01:10.451469,bike_44710
2025-12-11T11:01:09.831218,bike_42680
2025-12-07T17:01:08.207594,bike_60316
2025-12-11T11:01:12.033506,bike_43732
2025-12-11T11:01:10.091016,bike_76566
2025-12-11T11:01:10.131163,bike_08965
2025-12-11T11:01:07.833357,bike_10947
2025-12-11T11:01:16.481105,bike_76112
2025-12-11T11:01:06.193100,bike_59085
2025-12-11T11:01:16.673421,bike_75360
2025-12-11T11:01:12.324187,bike_74089
2025-12-11T11:01:12.733590,bike_62918
2025-12-11T11:01:12.612574,bike_89106
2025-12-11T11:01:12.733574,bike_44365
2025-12-11T11:01:10.390851,bike_51879
2025-12-11T11:01:06.072964,bike_85261
2025-12-11T11:01:06.072966,bike_78007
2025-12-11T11:01:09.492636,bike_69192
2025-12-11T11:01:13.071776,bike_61446
2025-12-11T11:01:10.333452,bike_50001
2025-12-11T11:01:08.164266,bike_80040
2025-12-11T11:01:16.170744,bike_21631
2025-12-11T11:01:07.684157,bike_80747
2025-12-07T17:01:07.959690,bike_73355
2025-12-11T11:01:13.644209,bike_76328
2025-12-11T11:01:08.104204,bike_51074
2025-12-11T11:01:10.971226,bike_09176
2025-12-11T11:01:12.404139,bike_44159
2025-12-11T11:01:14.504209,bike_45066
2025-11-28T11:01:40.783778,bike_57993
2025-12-11T11:01:09.129977,bike_43462
2025-12-11T11:01:12.190405,bike_50942
2025-12-11T11:01:15.033697,bike_70177
2025-12-11T11:01:16.713111,bike_53230
2025-12-11T11:01:13.964222,bike_17764
2025-12-11T05:01:13.128459,bike_50286
2025-12-11T11:01:10.294038,bike_67427
2025-12-11T11:01:16.051168,bike_71471
2025-12-10T17:01:07.980608,bike_50687
2025-12-11T11:01:10.390877,bike_72977
2025-12-11T11:01:15.010926,bike_68269
2025-12-10T23:01:12.818463,bike_47417
2025-12-11T11:01:10.711294,bike_23667
2025-12-11T11:01:06.913391,bike_74844
2025-12-11T11:01:09.970554,bike_81464
2025-12-11T11:01:07.824162,bike_08964
2025-12-11T11:01:11.604203,bike_47053
2025-12-11T11:01:05.933236,bike_73031
2025-12-11T11:01:07.792822,bike_80844
2025-12-11T11:01:09.944167,bike_47790
2025-12-11T11:01:07.292110,bike_68968
2025-12-11T11:01:15.930306,bike_68854
2025-12-10T17:01:05.631665,bike_53076
2025-12-11T11:01:11.064226,bike_50814
2025-12-11T11:01:11.889518,bike_50644
2025-12-11T11:01:10.711302,bike_23367
2025-12-11T11:01:13.693044,bike_74556
2025-12-11T11:01:06.609870,bike_47372
2025-12-11T11:01:07.489290,bike_17608
2025-12-10T17:01:08.037790,bike_05362
2025-12-11T11:01:16.153426,bike_51887
2025-12-11T11:01:07.204220,bike_10903
2025-12-11T05:01:13.248701,bike_85540
2025-12-11T11:01:13.153233,bike_69064
2025-12-11T11:01:09.032986,bike_79074
2025-12-11T11:01:06.072992,bike_00864
2025-12-11T11:01:11.573276,bike_53349
2025-12-11T11:01:08.613037,bike_47300
2025-12-11T11:01:06.104078,bike_89424
2025-12-11T11:01:06.890329,bike_23506
2025-12-11T11:01:09.604225,bike_51489
2025-12-11T11:01:10.294048,bike_58396
2025-12-11T11:01:14.013715,bike_53277
2025-12-11T11:01:09.853187,bike_58024
2025-12-11T05:01:03.241955,bike_46794
2025-12-11T11:01:12.230675,bike_74456
2025-12-11T11:01:12.971148,bike_17807
2025-12-11T11:01:12.524198,bike_08373
2025-12-11T11:01:11.024112,bike_76710
2025-12-11T11:01:07.654457,bike_80202
2025-12-09T17:01:12.343764,bike_72768
2025-12-11T11:01:11.213412,bike_07942
2025-11-30T17:01:12.144636,bike_25881
2025-12-11T11:01:11.303699,bike_53433
2025-12-11T11:01:15.784194,bike_88241
2025-12-11T11:01:15.544169,bike_43670
2025-12-10T17:01:09.318336,bike_45187
2025-12-11T11:01:12.309986,bike_79358
2025-12-11T11:01:12.131891,bike_89167
2025-12-11T05:01:10.571054,bike_77335
2025-12-11T11:01:07.110029,bike_85529
2025-12-10T17:01:07.971723,bike_68872
2025-12-11T11:01:06.090361,bike_17597
2025-12-11T11:01:13.631183,bike_24837
2025-12-11T11:01:15.251764,bike_21346
2025-12-11T11:01:14.300773,bike_13824
2025-12-10T23:01:13.658014,bike_69692
2025-12-11T11:01:05.933221,bike_71203
2025-12-11T11:01:12.612640,bike_47159
2025-12-11T11:01:15.930309,bike_73145
2025-12-08T11:01:12.033904,bike_07137
2025-12-11T11:01:14.804200,bike_09230
2025-12-11T11:01:13.044302,bike_67811
2025-12-11T11:01:12.993669,bike_55109
2025-12-11T11:01:06.770286,bike_81110
2025-12-11T11:01:12.413470,bike_16734
2025-12-11T11:01:11.644209,bike_48012
2025-12-11T11:01:10.610536,bike_22522
2025-12-11T11:01:08.552140,bike_79465
2025-12-11T11:01:10.230068,bike_55220
2025-12-11T11:01:06.064056,bike_51470
2025-12-11T11:01:09.470503,bike_74999
2025-11-28T11:01:26.083811,bike_20414
2025-12-11T11:01:08.904155,bike_46751
2025-12-11T11:01:08.670597,bike_88380
2025-12-11T11:01:09.853218,bike_31109
2025-12-11T11:01:15.104187,bike_23304
2025-12-11T11:01:11.384140,bike_81492
2025-12-11T11:01:14.893007,bike_05125
2025-12-11T11:01:16.704220,bike_45007
2025-12-11T11:01:06.993194,bike_43778
2025-12-11T11:01:13.211191,bike_71149
2025-12-11T11:01:11.473175,bike_77368
2025-12-11T11:01:07.833418,bike_31571
2025-12-11T11:01:07.564062,bike_42758
2025-12-11T11:01:16.850053,bike_73324
2025-12-11T11:01:08.970834,bike_01589
2025-12-11T05:01:11.388327,bike_16256
2025-12-11T11:01:11.813289,bike_79109
2025-12-11T11:01:10.252982,bike_53447
2025-12-11T11:01:14.344193,bike_22055
2025-12-11T11:01:13.284241,bike_46351
2025-12-07T17:01:06.353899,bike_51288
2025-12-11T11:01:08.711629,bike_61521
2025-12-11T11:01:11.290399,bike_42994
2025-12-11T11:01:10.804147,bike_21834
2025-12-11T11:01:13.572002,bike_85370
2025-12-11T11:01:10.693118,bike_44520
2025-12-11T11:01:07.784030,bike_43804
2025-12-11T11:01:06.477049,bike_17461
2025-12-11T11:01:08.670599,bike_81203
2025-12-11T11:01:06.312968,bike_50690
2025-12-11T11:01:13.631210,bike_88674
2025-12-11T11:01:10.593079,bike_44778
2025-12-11T11:01:09.184167,bike_73234
2025-12-06T17:01:14.541245,bike_72706
2025-12-05T05:01:05.853265,bike_47195
2025-12-11T11:01:08.984205,bike_44985
2025-12-11T11:01:14.764202,bike_12054
2025-12-11T11:01:10.492458,bike_68937
2025-12-11T11:01:14.704185,bike_79034
2025-12-11T11:01:06.193056,bike_47857
2025-12-11T11:01:08.913069,bike_79324
2025-12-11T11:01:05.950572,bike_55689
2025-12-06T11:01:07.719372,bike_80131
2025-12-11T11:01:15.090089,bike_75539
2025-12-11T11:01:14.592642,bike_42823
2025-12-11T11:01:17.044188,bike_45336
2025-12-11T11:01:12.204150,bike_24522
2025-12-10T05:01:10.726528,bike_73142
2025-12-11T11:01:13.571973,bike_51332
2025-12-11T11:01:11.953276,bike_89473
2025-12-11T11:01:14.344211,bike_78504
2025-12-11T11:01:17.009690,bike_21591
2025-12-11T11:01:14.933299,bike_85416
2025-12-11T05:01:04.590998,bike_85458
2025-12-11T11:01:13.644216,bike_51054
2025-12-11T11:01:08.164258,bike_69469
2025-12-11T11:01:08.773995,bike_77121
2025-12-11T11:01:06.112873,bike_89187
2025-12-11T11:01:16.792873,bike_76431
2025-12-11T11:01:11.573322,bike_73559
2025-12-11T11:01:15.251791,bike_78993
2025-12-11T11:01:15.584217,bike_45215
2025-12-11T05:01:09.010782,bike_89402
2025-12-11T11:01:13.572012,bike_52147
2025-12-11T11:01:06.292418,bike_78728
2025-12-08T11:01:04.325302,bike_74305
2025-12-11T11:01:07.024209,bike_73895
2025-12-11T11:01:05.914747,bike_10458
2025-12-05T11:01:14.890438,bike_17309
2025-12-11T11:01:15.828848,bike_88909
2025-12-11T11:01:06.609826,bike_75523
2025-12-11T11:01:12.670165,bike_30194
2025-12-11T11:01:11.653194,bike_67844
2025-12-11T11:01:06.944214,bike_62831
2025-12-11T11:01:10.593118,bike_20641
2025-12-11T11:01:06.704169,bike_03111
2025-12-11T11:01:11.752875,bike_60156
2025-12-11T11:01:07.365420,bike_61717
2025-12-11T11:01:12.270469,bike_88226
2025-12-10T17:01:07.031692,bike_17196
2025-12-11T11:01:12.173031,bike_78569
2025-12-11T11:01:14.984271,bike_74651
2025-12-11T11:01:16.033981,bike_08021
2025-12-11T11:01:15.210151,bike_01749
2025-12-11T11:01:13.144290,bike_23997
2025-12-10T23:01:09.617738,bike_20611
2025-12-11T11:01:07.604228,bike_42530
2025-12-11T11:01:06.304091,bike_65242
2025-12-11T11:01:07.944138,bike_21937
2025-12-11T11:01:07.725010,bike_78276
2025-12-11T11:01:15.210143,bike_47073
2025-12-11T11:01:06.971042,bike_76742
2025-12-11T11:01:10.433535,bike_89987
2025-12-10T17:01:00.521697,bike_81511
2025-12-11T11:01:14.764205,bike_63234
2025-12-11T11:01:06.832942,bike_77815
2025-12-11T11:01:07.913204,bike_51109
2025-12-11T11:01:08.241862,bike_46992
2025-12-11T05:01:11.201819,bike_67351
2025-12-11T11:01:08.992923,bike_62735
2025-12-11T11:01:13.480025,bike_44447
2025-12-11T11:01:09.492623,bike_89697
2025-12-10T23:01:05.424464,bike_22388
2025-12-11T11:01:13.964224,bike_55891
2025-12-11T11:01:10.772792,bike_67998
2025-12-11T11:01:16.072989,bike_80396
2025-12-11T11:01:07.384202,bike_88491
2025-12-11T11:01:09.032981,bike_80369
2025-12-11T11:01:07.523720,bike_53212
2025-12-11T11:01:07.645182,bike_44145
2025-12-11T11:01:16.471310,bike_50769
2025-12-11T11:01:16.064161,bike_78055
2025-12-11T11:01:12.533220,bike_89848
2025-12-11T11:01:10.873391,bike_53319
2025-12-11T11:01:15.184229,bike_70550
2025-12-11T11:01:15.872740,bike_74480
2025-12-11T11:01:14.004286,bike_70101
2025-12-11T11:01:16.490591,bike_47007
2025-12-11T11:01:12.114137,bike_69225
2025-12-11T11:01:11.303665,bike_89787
2025-12-11T11:01:10.131120,bike_48010
2025-12-10T17:01:01.071795,bike_46177
2025-12-06T17:01:09.296124,bike_61893
2025-12-11T11:01:09.944182,bike_17876
2025-12-11T11:01:14.233988,bike_57991
2025-12-11T05:01:07.301982,bike_43906
2025-11-30T11:01:12.966692,bike_60603
2025-12-09T23:01:05.042991,bike_85049
2025-12-11T11:01:15.793669,bike_76788
2025-12-11T11:01:07.604246,bike_72441
2025-11-30T05:01:06.840708,bike_18376
2025-12-11T11:01:10.873429,bike_46149
2025-12-11T11:01:06.971036,bike_78221
2025-12-11T11:01:14.553298,bike_76003
2025-12-11T11:01:10.284227,bike_53060
2025-12-11T11:01:10.073709,bike_67033
2025-12-11T11:01:13.904193,bike_44555
2025-12-10T17:01:08.380477,bike_69330
2025-12-11T11:01:13.480019,bike_70606
2025-12-11T11:01:15.784180,bike_51411
2025-12-11T11:01:14.813160,bike_13175
2025-12-11T11:01:08.164210,bike_10989
2025-12-11T11:01:09.653330,bike_23400
2025-12-11T11:01:16.481094,bike_78154
2025-12-11T11:01:09.290938,bike_50168
2025-12-11T11:01:14.553267,bike_43505
2025-12-11T05:01:04.381999,bike_60971
2025-12-11T11:01:15.593374,bike_45413
2025-12-11T05:01:13.262003,bike_74746
2025-12-11T05:01:08.921841,bike_70662
2025-12-11T11:01:12.350664,bike_45522
2025-12-11T11:01:10.033280,bike_53110
2025-12-11T11:01:06.584143,bike_85058
2025-12-11T11:01:09.912954,bike_58117
2025-12-06T23:01:11.050728,bike_73898
2025-12-11T11:01:10.451440,bike_76348
2025-12-11T11:01:15.024141,bike_72386
2025-12-11T05:01:12.808781,bike_88064
2025-12-11T11:01:16.824136,bike_52631
2025-12-11T11:01:06.553051,bike_70965
2025-12-11T11:01:07.470195,bike_89802
2025-12-11T11:01:15.850416,bike_70074
2025-12-11T11:01:10.790853,bike_05410
2025-12-11T11:01:14.091673,bike_72393
2025-12-11T11:01:08.173743,bike_20136
2025-12-11T11:01:12.612577,bike_03971
2025-12-11T11:01:11.424161,bike_74364
2025-12-11T11:01:11.064203,bike_07059
2025-12-11T11:01:12.573669,bike_88907
2025-12-11T11:01:10.073721,bike_46455
2025-12-11T11:01:10.464206,bike_81022
2025-12-11T11:01:07.393481,bike_21587
2025-12-11T11:01:13.521067,bike_74260
2025-12-11T11:01:14.310023,bike_20118
2025-12-11T11:01:09.090378,bike_11886
2025-12-11T11:01:11.190575,bike_69558
2025-12-11T11:01:07.053501,bike_24656
2025-12-11T11:01:13.452765,bike_00562
2025-11-28T11:01:42.703678,bike_19332
2025-12-08T23:01:07.377727,bike_39561
2025-12-11T11:01:07.479538,bike_50960
2025-12-11T11:01:14.570963,bike_24132
2025-12-11T11:01:07.470198,bike_79783
2025-12-11T11:01:14.383614,bike_76185
2025-12-11T11:01:08.010829,bike_67835
2025-12-11T11:01:07.984198,bike_75774
2025-12-11T11:01:10.333414,bike_73846
2025-12-11T11:01:13.893743,bike_21889
2025-12-11T11:01:13.964234,bike_60374
2025-12-11T11:01:14.609867,bike_02812
2025-12-11T11:01:10.653302,bike_75344
2025-12-11T11:01:09.224165,bike_60894
2025-12-11T11:01:05.924259,bike_55372
2025-12-11T11:01:08.232218,bike_69792
2025-12-11T05:01:10.250728,bike_07789
2025-12-11T11:01:12.190434,bike_80596
2025-12-11T05:01:13.670888,bike_76943
2025-12-11T11:01:17.009723,bike_75173
2025-12-11T11:01:08.913074,bike_71636
2025-12-11T11:01:11.090225,bike_78852
2025-12-11T11:01:09.773267,bike_55066
2025-12-11T05:01:07.248064,bike_55260
2025-12-11T11:01:09.764140,bike_16807
2025-12-11T11:01:16.944209,bike_76252
2025-12-11T11:01:13.653548,bike_04158
2025-12-11T11:01:06.691048,bike_69189
2025-12-08T17:01:07.540720,bike_88352
2025-12-11T11:01:11.173172,bike_69272
2025-12-11T11:01:08.970814,bike_51735
2025-12-11T11:01:06.424153,bike_88969
2025-12-11T11:01:15.750671,bike_11681
2025-12-11T11:01:12.533227,bike_44767
2025-12-11T11:01:06.849996,bike_58718
2025-12-11T11:01:14.804216,bike_50894
2025-12-11T11:01:11.151284,bike_81466
2025-12-11T11:01:09.693471,bike_46540
2025-12-11T11:01:15.913160,bike_76194
2025-12-11T11:01:14.409908,bike_51070
2025-12-11T11:01:10.711317,bike_24594
2025-12-11T05:01:08.272016,bike_46639
2025-12-11T11:01:12.984292,bike_09432
2025-12-11T11:01:12.533197,bike_74839
2025-12-11T05:01:11.521979,bike_36595
2025-12-11T11:01:12.364091,bike_50788
2025-12-11T11:01:12.533184,bike_69364
2025-12-11T11:01:14.924190,bike_76740
2025-12-11T11:01:15.684215,bike_81062
2025-12-11T11:01:12.733571,bike_79123
2025-12-11T11:01:12.944251,bike_17108
2025-12-09T05:01:10.445434,bike_68672
2025-12-11T11:01:11.273220,bike_01144
2025-11-28T11:01:34.103758,bike_47303
2025-12-11T11:01:10.900214,bike_68038
2025-12-05T23:01:04.760458,bike_71603
2025-12-11T11:01:14.473218,bike_88163
2025-12-11T11:01:13.253702,bike_43227
2025-12-11T11:01:10.164215,bike_88589
2025-12-11T05:01:07.101907,bike_57308
2025-12-11T11:01:11.124177,bike_67135
2025-12-11T11:01:09.113112,bike_20450
2025-12-11T11:01:15.473232,bike_62487
2025-12-11T11:01:14.670941,bike_73166
2025-12-11T11:01:10.252947,bike_00112
2025-12-11T11:01:06.249278,bike_73586
2025-12-03T23:01:08.558171,bike_22206
2025-12-11T11:01:15.170426,bike_16110
2025-12-11T11:01:07.070515,bike_89918
2025-12-11T11:01:10.212944,bike_50880
2025-12-11T11:01:14.933266,bike_58067
2025-12-11T11:01:06.049762,bike_72980
2025-12-11T11:01:11.450464,bike_76760
2025-12-11T11:01:07.984170,bike_47479
2025-12-11T11:01:15.610678,bike_78492
2025-12-11T11:01:11.904191,bike_44754
2025-12-11T11:01:07.092832,bike_01884
2025-12-11T11:01:16.832772,bike_53436
2025-12-11T11:01:10.745501,bike_20490
2025-12-11T11:01:12.292679,bike_80023
2025-12-11T11:01:12.492706,bike_58804
2025-12-08T17:01:05.796245,bike_88854
2025-12-11T11:01:16.990940,bike_88779
2025-12-11T11:01:08.812922,bike_79075
2025-12-11T11:01:11.024106,bike_67004
2025-12-11T11:01:14.632811,bike_46556
2025-12-11T11:01:15.890024,bike_75838
2025-12-06T11:01:08.557549,bike_46112
2025-12-11T11:01:13.934233,bike_72655
2025-12-05T05:01:11.765497,bike_24539
2025-12-11T11:01:06.570614,bike_44905
2025-12-11T11:01:07.550527,bike_53140
2025-12-11T11:01:11.769848,bike_43606
2025-12-11T11:01:11.684209,bike_62019
2025-12-11T11:01:07.654463,bike_71823
2025-12-11T11:01:14.813162,bike_73090
2025-12-11T05:01:03.608448,bike_34822
2025-12-11T11:01:07.110008,bike_47964
2025-12-11T11:01:08.724160,bike_77232
2025-12-11T11:01:11.113342,bike_62431
2025-12-11T11:01:11.613461,bike_76192
2025-12-11T11:01:10.653344,bike_81131
2025-12-03T23:01:08.731236,bike_69788
2025-12-11T05:01:04.728637,bike_58921
2025-12-11T11:01:06.904191,bike_67132
2025-12-11T11:01:07.944123,bike_22688
2025-12-11T11:01:14.632758,bike_74198
2025-12-11T11:01:11.303659,bike_22908
2025-12-01T23:01:05.912930,bike_80364
2025-12-11T11:01:09.344230,bike_52388
2025-11-30T23:01:10.934423,bike_20917
2025-12-11T11:01:07.591432,bike_78102
2025-12-10T23:01:14.196549,bike_69425
2025-12-11T11:01:10.790829,bike_53288
2025-12-11T11:01:09.024180,bike_72766
2025-12-11T11:01:09.484105,bike_76028
2025-12-11T11:01:12.404119,bike_61877
2025-12-11T11:01:12.471106,bike_10332
2025-12-11T11:01:06.304114,bike_72694
2025-12-11T11:01:15.553138,bike_75277
2025-12-11T11:01:11.064192,bike_89982
2025-12-11T11:01:12.524214,bike_52344
2025-12-11T11:01:08.050872,bike_07133
2025-12-02T23:01:13.184365,bike_51259
2025-12-10T11:01:03.042950,bike_72159
2025-12-11T11:01:09.484149,bike_81116
2025-12-11T11:01:08.512925,bike_46777
2025-12-11T11:01:13.671210,bike_79571
2025-12-11T11:01:11.384165,bike_76707
2025-12-11T11:01:12.670186,bike_47951
2025-12-11T11:01:13.753370,bike_76854
2025-12-11T11:01:06.064064,bike_76438
2025-12-11T11:01:07.672448,bike_78838
2025-12-11T11:01:16.932143,bike_85006
2025-12-11T11:01:08.290458,bike_80525
2025-12-02T17:01:10.864174,bike_76284
2025-12-11T11:01:14.649878,bike_85509
2025-12-11T11:01:06.152909,bike_16128
2025-12-11T11:01:13.093555,bike_61821
2025-12-11T11:01:06.352946,bike_46391
2025-11-30T11:01:11.187341,bike_44171
2025-12-11T11:01:13.093594,bike_00680
2025-12-11T11:01:13.170763,bike_72477
2025-12-11T11:01:14.104229,bike_61325
2025-12-11T11:01:08.064191,bike_76931
2025-12-11T11:01:16.990913,bike_63030
2025-12-11T11:01:14.984268,bike_89922
2025-12-11T05:01:12.227922,bike_80180
2025-12-11T11:01:07.970145,bike_44190
2025-12-11T11:01:13.054162,bike_44596
2025-12-11T11:01:16.224242,bike_00080
2025-12-11T05:01:03.049205,bike_89143
2025-12-11T11:01:11.164227,bike_81816
2025-12-11T11:01:11.550968,bike_89067
2025-12-11T11:01:16.364245,bike_76785
2025-12-11T11:01:07.984178,bike_23780
2025-12-11T11:01:11.904183,bike_82236
2025-12-11T11:01:16.613295,bike_21060
2025-12-11T11:01:13.924245,bike_50443
2025-12-11T11:01:09.404225,bike_89575
2025-12-11T11:01:10.284220,bike_08567
2025-12-11T11:01:06.849990,bike_63246
2025-12-11T11:01:16.411278,bike_45613
2025-12-11T11:01:09.384158,bike_44246
2025-12-11T11:01:16.453657,bike_25095
2025-12-11T11:01:10.010316,bike_85513
2025-12-11T11:01:14.104282,bike_79305
2025-12-11T11:01:06.064046,bike_72548
2025-12-11T11:01:14.964218,bike_74132
2025-12-04T23:01:10.431713,bike_74612
2025-12-11T11:01:13.253716,bike_77278
2025-12-11T11:01:12.873235,bike_21612
2025-12-10T11:01:10.690151,bike_58713
2025-12-11T11:01:16.964193,bike_78712
2025-12-11T05:01:02.522044,bike_68918
2025-12-07T17:01:06.976232,bike_58380
2025-12-11T11:01:09.370839,bike_89740
2025-12-11T11:01:07.792864,bike_76514
2025-12-11T11:01:06.049806,bike_81053
2025-12-11T05:01:05.110897,bike_76670
2025-12-11T11:01:12.904180,bike_17972
2025-12-11T11:01:10.844168,bike_09813
2025-12-11T11:01:13.973664,bike_69081
2025-12-11T11:01:08.371197,bike_20068
2025-12-11T11:01:13.312203,bike_71115
2025-12-11T11:01:15.131086,bike_21585
2025-12-11T11:01:15.153099,bike_25824
2025-12-11T11:01:16.914588,bike_04743
2025-12-11T11:01:11.312795,bike_89655
2025-12-11T11:01:13.904153,bike_45490
2025-12-11T11:01:07.424174,bike_47517
2025-12-11T11:01:08.451015,bike_59069
2025-12-11T11:01:14.712941,bike_70862
2025-12-11T11:01:07.432954,bike_60905
2025-12-11T11:01:08.104233,bike_20137
2025-12-11T11:01:07.753768,bike_46400
2025-12-11T05:01:12.650143,bike_78538
2025-12-11T11:01:15.711686,bike_80922
2025-12-11T11:01:11.290437,bike_62132
2025-12-11T11:01:11.090199,bike_42513
2025-12-11T11:01:10.831080,bike_22878
2025-12-11T11:01:06.073006,bike_42753
2025-12-11T11:01:16.072999,bike_80904
2025-12-11T05:01:06.491233,bike_61517
2025-12-11T11:01:08.241846,bike_86055
2025-12-11T11:01:08.711621,bike_45848
2025-12-11T11:01:09.870753,bike_72495
2025-12-11T11:01:15.473222,bike_47995
2025-12-11T11:01:11.872826,bike_61183
2025-12-11T11:01:07.312813,bike_42697
2025-12-11T05:01:10.920218,bike_60026
2025-12-11T11:01:09.773198,bike_08743
2025-12-11T11:01:14.091721,bike_89059
2025-12-11T11:01:11.692802,bike_76922
2025-12-11T11:01:09.314424,bike_47400
2025-12-11T11:01:09.232410,bike_71421
2025-12-11T11:01:11.033610,bike_46498
2025-12-01T23:01:06.044656,bike_35871
2025-12-11T11:01:13.211220,bike_89576
2025-12-11T11:01:06.352889,bike_76004
2025-12-11T11:01:12.573664,bike_72201
2025-12-11T11:01:15.051034,bike_18139
2025-12-11T11:01:09.404176,bike_79760
2025-12-11T11:01:14.193072,bike_01922
2025-12-11T05:01:06.369963,bike_78374
2025-12-11T11:01:15.904144,bike_51525
2025-12-11T11:01:05.933240,bike_47898
2025-12-11T11:01:07.190917,bike_16313
2025-12-10T23:01:05.915803,bike_89332
2025-12-11T11:01:15.670861,bike_42748
2025-12-11T11:01:14.130707,bike_56148
2025-12-11T11:01:16.864295,bike_09770
2025-12-11T11:01:09.384169,bike_21009
2025-12-11T11:01:12.984323,bike_76790
2025-12-11T11:01:15.364185,bike_69062
2025-12-11T11:01:08.353259,bike_05456
2025-12-11T11:01:14.104259,bike_72823
2025-12-11T11:01:12.444136,bike_07393
2025-12-11T11:01:08.913106,bike_78532
2025-12-11T11:01:15.553133,bike_81083
2025-12-11T11:01:15.114018,bike_76973
2025-12-11T11:01:16.691298,bike_85031
2025-12-11T11:01:09.892576,bike_18195
2025-12-11T11:01:12.604067,bike_47227
2025-12-11T05:01:12.670551,bike_60154
2025-12-11T11:01:12.984286,bike_89786
2025-12-08T11:01:05.954177,bike_73229
2025-12-11T11:01:07.872899,bike_76968
2025-12-11T05:01:11.148729,bike_72373
2025-12-11T11:01:13.934214,bike_56538
2025-12-11T11:01:10.131139,bike_80591
2025-12-11T11:01:14.233991,bike_67327
2025-12-11T11:01:06.424179,bike_46946
2025-12-11T11:01:06.650561,bike_46414
2025-12-11T11:01:06.633191,bike_26818
2025-12-11T11:01:06.971031,bike_07230
2025-12-11T11:01:10.844122,bike_81799
2025-12-11T11:01:09.570579,bike_50545
2025-12-11T11:01:07.694423,bike_78742
2025-12-11T11:01:06.033068,bike_73018
2025-12-11T11:01:16.072960,bike_52498
2025-12-11T11:01:11.073386,bike_77209
2025-12-11T11:01:08.953455,bike_15820
2025-12-11T11:01:15.584188,bike_45886
2025-12-11T11:01:16.350907,bike_74812
2025-12-03T17:01:11.844894,bike_63057
2025-12-11T11:01:10.073723,bike_46141
2025-12-11T05:01:03.687864,bike_46784
2025-12-11T11:01:16.664208,bike_45569
2025-12-11T11:01:15.570420,bike_78188
2025-12-11T11:01:09.305213,bike_78957
2025-12-11T11:01:16.932130,bike_80397
2025-12-11T11:01:08.653111,bike_10480
2025-12-11T11:01:16.973469,bike_85001
2025-12-11T11:01:10.033353,bike_00228
2025-12-11T11:01:09.670581,bike_78005
2025-12-10T17:01:06.916743,bike_77999
2025-12-11T11:01:06.129986,bike_23362
2025-12-11T11:01:06.112848,bike_61393
2025-12-11T11:01:09.732785,bike_51683
2025-12-11T11:01:15.793648,bike_79257
2025-12-11T05:01:10.761956,bike_42739
2025-12-11T11:01:16.312472,bike_53292
2025-12-11T11:01:15.364227,bike_47797
2025-12-11T11:01:08.304238,bike_20258
2025-12-11T11:01:14.091689,bike_01841
2025-12-11T11:01:09.773214,bike_43428
2025-12-11T11:01:09.570605,bike_62671
2025-12-11T11:01:07.890147,bike_74350
2025-12-11T11:01:15.890035,bike_75616
2025-12-11T11:01:09.804047,bike_69614
2025-12-11T05:01:09.010802,bike_89042
2025-12-11T11:01:15.593339,bike_89049
2025-12-11T05:01:07.408301,bike_68591
2025-12-11T11:01:13.084302,bike_88837
2025-12-11T11:01:09.404210,bike_09255
2025-12-11T11:01:12.010435,bike_43279
2025-12-10T17:01:09.478457,bike_44496
2025-12-11T11:01:10.584198,bike_42868
2025-12-11T11:01:15.273315,bike_89679
2025-12-11T11:01:08.812902,bike_44248
2025-12-11T11:01:10.173317,bike_47289
2025-12-11T11:01:06.513995,bike_77171
2025-12-11T11:01:14.853009,bike_46811
2025-12-11T11:01:14.592645,bike_75018
2025-11-29T11:01:09.134101,bike_52267
2025-12-11T11:01:08.891810,bike_43030
2025-12-11T11:01:11.904226,bike_46996
2025-12-11T11:01:08.173791,bike_71670
2025-12-11T11:01:14.790591,bike_81075
2025-12-11T11:01:16.290072,bike_78855
2025-12-11T11:01:12.653104,bike_58158
2025-12-05T23:01:12.781088,bike_55264
2025-12-11T11:01:11.410572,bike_72690
2025-12-11T11:01:13.253666,bike_45465
2025-12-11T11:01:15.324187,bike_75106
2025-12-11T05:01:11.530863,bike_81152
2025-12-11T11:01:06.864168,bike_76833
2025-12-01T11:01:04.157444,bike_45183
2025-12-11T11:01:07.489268,bike_52134
2025-12-11T11:01:08.164219,bike_76357
2025-12-11T11:01:14.324239,bike_88310
2025-12-11T11:01:14.491380,bike_75888
2025-12-11T11:01:16.453620,bike_52650
2025-12-11T11:01:13.144251,bike_80628
2025-12-11T11:01:12.653083,bike_39036
2025-12-11T11:01:14.272986,bike_80470
2025-12-11T11:01:16.704236,bike_50738
2025-12-07T17:01:11.367618,bike_38440
2025-12-11T11:01:15.373090,bike_44886
2025-12-11T11:01:13.404192,bike_70633
2025-12-11T11:01:15.404223,bike_85002
2025-12-11T11:01:12.073080,bike_88651
2025-12-11T11:01:05.914815,bike_88517
2025-12-11T11:01:06.673456,bike_09464
2025-12-11T11:01:07.384199,bike_69130
2025-12-11T11:01:14.670925,bike_63077
2025-12-11T11:01:08.791208,bike_22159
2025-12-11T11:01:13.111255,bike_89497
2025-12-11T11:01:13.631159,bike_52845
2025-12-11T11:01:08.064184,bike_71476
2025-12-11T11:01:12.024212,bike_21567
2025-12-11T11:01:12.324229,bike_21843
2025-12-11T11:01:07.252837,bike_50848
2025-12-11T11:01:10.104220,bike_50748
2025-12-11T05:01:02.987942,bike_80098
2025-12-11T11:01:09.604180,bike_67350
2025-12-11T11:01:09.153081,bike_46106
2025-12-11T11:01:12.751737,bike_88578
2025-12-11T11:01:11.050794,bike_47644
2025-12-11T11:01:15.373120,bike_55582
2025-12-11T11:01:11.090152,bike_53363
2025-12-11T11:01:08.970811,bike_46346
2025-12-11T11:01:12.172995,bike_89439
2025-12-11T11:01:06.913366,bike_52780
2025-12-11T11:01:08.473457,bike_46143
2025-12-11T11:01:13.753352,bike_45039
2025-12-11T11:01:07.753786,bike_88660
2025-12-01T17:01:10.083765,bike_67504
2025-12-11T11:01:10.294014,bike_55933
2025-12-11T11:01:15.430664,bike_75044
2025-12-11T11:01:09.512808,bike_80056
2025-12-11T11:01:12.873242,bike_51724
2025-12-11T11:01:12.930338,bike_80344
2025-12-11T11:01:07.591401,bike_46159
2025-12-11T11:01:06.371577,bike_43895
2025-12-11T11:01:15.971220,bike_24135
2025-12-10T23:01:07.578397,bike_70894
2025-12-11T11:01:12.333236,bike_20651
2025-12-11T11:01:09.332232,bike_67512
2025-12-11T11:01:11.573312,bike_78919
2025-12-11T05:01:13.301981,bike_51713
2025-12-11T11:01:14.884272,bike_75976
2025-12-10T23:01:08.798361,bike_88804
2025-12-11T11:01:14.130712,bike_72433
2025-12-11T11:01:15.828851,bike_63306
2025-12-11T11:01:10.745508,bike_73440
2025-12-11T11:01:09.210609,bike_51561
2025-12-11T11:01:06.193110,bike_11280
2025-12-11T11:01:15.993481,bike_69102
2025-12-11T11:01:16.332981,bike_63105
2025-12-11T11:01:06.832924,bike_04010
2025-12-10T23:01:14.437258,bike_74263
2025-12-11T11:01:06.531221,bike_88829
2025-12-11T11:01:16.350897,bike_47734
2025-12-11T11:01:12.764163,bike_76074
2025-12-11T11:01:08.353252,bike_56384
2025-12-11T11:01:11.450490,bike_44473
2025-12-11T11:01:11.564093,bike_89073
2025-12-11T11:01:11.424189,bike_74553
2025-12-11T11:01:13.480038,bike_89482
2025-12-11T11:01:10.270379,bike_35897
2025-12-11T11:01:10.413553,bike_77727
2025-12-11T11:01:07.510733,bike_69566
2025-12-11T05:01:05.462035,bike_53027
2025-12-11T11:01:15.390298,bike_71124
2025-12-11T11:01:12.873270,bike_76531
2025-12-11T11:01:08.992868,bike_82210
2025-12-11T11:01:14.409936,bike_24691
2025-12-03T17:01:10.433909,bike_57842
2025-12-11T11:01:08.424272,bike_22263
2025-12-11T11:01:13.631232,bike_24763
2025-12-11T11:01:07.053493,bike_50623
2025-12-11T11:01:16.051114,bike_43449
2025-12-11T11:01:09.184194,bike_68811
2025-12-11T11:01:13.184311,bike_77421
2025-12-11T11:01:14.910378,bike_55721
2025-12-11T11:01:14.649865,bike_79229
2025-12-11T11:01:15.373109,bike_05621
2025-12-11T11:01:17.000087,bike_58836
2025-12-11T11:01:06.270303,bike_68756
2025-12-10T23:01:07.448695,bike_78530
2025-12-11T11:01:06.673442,bike_72126
2025-12-11T11:01:16.453664,bike_44329
2025-12-11T11:01:10.693092,bike_47505
2025-12-11T11:01:07.384194,bike_51752
2025-12-11T11:01:09.332235,bike_45842
2025-12-11T11:01:12.890612,bike_58291
2025-12-11T11:01:10.164195,bike_75900
2025-12-11T11:01:15.593355,bike_69168
2025-12-11T11:01:12.010453,bike_24037
2025-12-11T05:01:08.010414,bike_62863
2025-12-11T11:01:15.653311,bike_46457
2025-12-11T11:01:16.211574,bike_88871
2025-12-11T05:01:06.241973,bike_69136
2025-12-11T11:01:14.744187,bike_57693
2025-12-11T11:01:08.764194,bike_78883
2025-12-11T11:01:15.192891,bike_50236
2025-12-11T11:01:16.551405,bike_73948
2025-12-11T05:01:11.710785,bike_88486
2025-12-11T11:01:07.489261,bike_47685
2025-12-11T11:01:11.173214,bike_24157
2025-12-11T11:01:15.273269,bike_45340
2025-12-11T11:01:15.811135,bike_18055
2025-12-11T11:01:10.873386,bike_46326
2025-12-11T11:01:16.272645,bike_50522
2025-12-11T11:01:06.249267,bike_71240
2025-12-06T17:01:14.425953,bike_58876
2025-12-08T05:01:03.634738,bike_73311
2025-12-11T11:01:16.533623,bike_78359
2025-12-11T11:01:15.413322,bike_23128
2025-12-11T11:01:14.964223,bike_61898
2025-12-05T17:01:13.582091,bike_74070
2025-12-11T11:01:14.432761,bike_17970
2025-12-11T11:01:16.784074,bike_44325
2025-12-11T11:01:15.711670,bike_46609
2025-12-11T11:01:13.354895,bike_88504
2025-12-11T11:01:16.713039,bike_79538
2025-12-11T11:01:10.173304,bike_43577
2025-12-11T11:01:11.889502,bike_72352
2025-12-11T11:01:13.644214,bike_47682
2025-12-11T11:01:12.670188,bike_08869
2025-12-11T11:01:16.832747,bike_23464
2025-12-11T11:01:07.645169,bike_53419
2025-12-11T11:01:14.251452,bike_69668
2025-12-11T11:01:13.193719,bike_71346
2025-12-11T11:01:09.584074,bike_56599
2025-12-11T11:01:09.644192,bike_25591
2025-12-11T11:01:07.864172,bike_81184
2025-12-11T11:01:14.910418,bike_10854
2025-12-11T11:01:13.344192,bike_75623
2025-12-11T11:01:06.329891,bike_88186
2025-12-11T11:01:11.133330,bike_46146
2025-12-11T11:01:06.129992,bike_77314
2025-12-11T11:01:07.173281,bike_25584
2025-12-11T11:01:09.314430,bike_72876
2025-12-09T05:01:07.364467,bike_75554
2025-12-11T05:01:03.450072,bike_88461
2025-12-11T11:01:14.004266,bike_52613
2025-12-11T11:01:16.914599,bike_71398
2025-12-11T11:01:11.953269,bike_43399
2025-12-11T11:01:14.233971,bike_19721
2025-12-11T11:01:07.944115,bike_77492
2025-12-11T11:01:11.273200,bike_61711
2025-12-11T11:01:10.684116,bike_89222
2025-12-11T05:01:13.190669,bike_61910
2025-12-11T11:01:16.384291,bike_53038
2025-12-11T11:01:06.371604,bike_50947
2025-12-11T11:01:12.324190,bike_07979
2025-12-11T11:01:07.850986,bike_88876
2025-12-11T11:01:11.012485,bike_22262
2025-12-11T11:01:06.270295,bike_79372
2025-12-11T11:01:12.904217,bike_76544
2025-12-11T11:01:11.151282,bike_44146
2025-12-11T05:01:10.411191,bike_80090
2025-12-11T11:01:10.930112,bike_67905
2025-12-11T11:01:08.033368,bike_75873
2025-12-11T05:01:04.028625,bike_58521
2025-12-11T11:01:14.592658,bike_21235
2025-12-11T11:01:15.430682,bike_78376
2025-12-11T11:01:11.290416,bike_79434
2025-12-11T11:01:15.711676,bike_85135
2025-12-11T11:01:07.913147,bike_07893
2025-12-11T11:01:07.694451,bike_20090
2025-12-05T11:01:12.772234,bike_68634
2025-12-11T11:01:11.164202,bike_70907
2025-12-11T11:01:09.670604,bike_77501
2025-12-11T11:01:06.752957,bike_45236
2025-12-11T11:01:08.904147,bike_78047
2025-12-11T11:01:15.904152,bike_18100
2025-12-11T11:01:13.480028,bike_07187
2025-12-11T11:01:14.712894,bike_43145
2025-12-11T11:01:05.933188,bike_78637
2025-12-11T11:01:07.011136,bike_77064
2025-12-11T11:01:10.243590,bike_78828
2025-12-11T11:01:11.504191,bike_73638
2025-12-11T11:01:14.409961,bike_89807
2025-12-11T11:01:15.273266,bike_70187
2025-12-11T11:01:11.432883,bike_85403
2025-12-11T11:01:06.873140,bike_07354
2025-12-11T11:01:08.552092,bike_60722
2025-12-11T11:01:07.164179,bike_51942
2025-12-11T11:01:12.813084,bike_23624
2025-12-11T11:01:09.484147,bike_17941
2025-12-11T11:01:08.150666,bike_74464
2025-12-11T11:01:09.210591,bike_70735
2025-12-11T11:01:08.332025,bike_89534
2025-12-11T11:01:12.430867,bike_45503
2025-12-11T11:01:15.971230,bike_57161
2025-12-11T11:01:15.264260,bike_61343
2025-12-11T11:01:11.190604,bike_89538
2025-12-11T11:01:14.790618,bike_73860
2025-12-11T05:01:07.929400,bike_56646
2025-12-11T11:01:06.384137,bike_75717
2025-12-11T11:01:10.024166,bike_14452
2025-12-11T11:01:07.753751,bike_51575
2025-12-11T11:01:15.793619,bike_73424
2025-12-11T11:01:12.333285,bike_16412
2025-12-11T11:01:15.570407,bike_76933
2025-12-11T11:01:07.645174,bike_17439
2025-12-11T11:01:07.672453,bike_89460
2025-12-11T11:01:13.684215,bike_75488
2025-12-11T05:01:11.647907,bike_74431
2025-12-11T11:01:08.530650,bike_76282
2025-12-11T11:01:10.104241,bike_52272
2025-12-11T11:01:09.129979,bike_16895
2025-12-11T11:01:13.271529,bike_60076
2025-12-11T11:01:06.850021,bike_70277
2025-12-11T11:01:14.870480,bike_17767
2025-12-11T05:01:12.341998,bike_52206
2025-12-11T11:01:15.234038,bike_81520
2025-12-11T11:01:07.694444,bike_51773
2025-12-11T11:01:16.184192,bike_77356
2025-12-11T05:01:09.488369,bike_79154
2025-12-11T11:01:13.312183,bike_80755
2025-12-11T11:01:11.012493,bike_69122
2025-12-11T11:01:10.984810,bike_70165
2025-12-11T11:01:10.998436,bike_80232
2025-12-11T11:01:15.010912,bike_47133
2025-12-11T11:01:06.184150,bike_81156
2025-12-11T11:01:08.344187,bike_46085
2025-12-11T11:01:15.889991,bike_75819
2025-11-30T11:01:07.968077,bike_69667
2025-12-11T11:01:16.964223,bike_36698
2025-12-11T11:01:09.912979,bike_76649
2025-12-11T11:01:14.013700,bike_77179
2025-12-11T11:01:15.711644,bike_74495
2025-12-11T11:01:09.332214,bike_69051
2025-12-11T11:01:08.451043,bike_82560
2025-12-11T11:01:15.684195,bike_05122
2025-12-11T11:01:08.073300,bike_81113
2025-12-10T05:01:04.539924,bike_73862
2025-12-11T11:01:07.944113,bike_21045
2025-12-10T23:01:12.094960,bike_62767
2025-12-11T11:01:07.993118,bike_55069
2025-12-11T11:01:11.370582,bike_78042
2025-12-11T11:01:09.944200,bike_51460
2025-12-11T11:01:11.432909,bike_75394
2025-12-10T23:01:12.818436,bike_63391
2025-12-11T11:01:10.724139,bike_43881
2025-12-11T11:01:09.831244,bike_47281
2025-12-11T11:01:12.333262,bike_75645
2025-12-11T11:01:12.010522,bike_51286
2025-12-11T11:01:06.514007,bike_88457
2025-12-11T11:01:10.173285,bike_44641
2025-12-11T11:01:16.233645,bike_75648
2025-12-08T11:01:09.212782,bike_70992
2025-12-11T11:01:08.504209,bike_73960
2025-12-11T11:01:09.024183,bike_47684
2025-12-11T11:01:09.844157,bike_01014
2025-11-30T17:01:03.970458,bike_47989
2025-12-11T11:01:06.072971,bike_04485
2025-12-11T11:01:06.090370,bike_08883
2025-12-11T11:01:10.873412,bike_76274
2025-12-02T05:01:09.269682,bike_75862
2025-12-11T11:01:10.144378,bike_24544
2025-12-11T11:01:11.432888,bike_45150
2025-12-09T17:01:06.358736,bike_89174
2025-12-11T05:01:04.358607,bike_21899
2025-12-11T11:01:07.164127,bike_70714
2025-12-11T11:01:09.584092,bike_23805
2025-12-10T23:01:06.618397,bike_78622
2025-12-11T11:01:08.891732,bike_46350
2025-12-11T11:01:15.553143,bike_12994
2025-12-11T11:01:09.732739,bike_43935
2025-12-11T05:01:04.128281,bike_60481
2025-12-11T11:01:14.853082,bike_79210
2025-12-11T11:01:15.711631,bike_43695
2025-12-11T11:01:05.914766,bike_39164
2025-12-11T11:01:12.364082,bike_67551
2025-12-11T11:01:10.190693,bike_68474
2025-12-09T23:01:11.542957,bike_68924
2025-12-11T11:01:08.724158,bike_77563
2025-12-11T11:01:06.410664,bike_78611
2025-12-10T11:01:07.462727,bike_61433
2025-12-11T11:01:09.750260,bike_89925
2025-12-11T11:01:16.033932,bike_03343
2025-12-11T11:01:11.830427,bike_74894
2025-12-11T11:01:16.873267,bike_76453
2025-12-11T11:01:06.864171,bike_60244
2025-12-07T17:01:09.495043,bike_72485
2025-12-11T05:01:12.082023,bike_71770
2025-12-11T11:01:08.464215,bike_88076
2025-12-11T11:01:11.124132,bike_74267
2025-12-11T11:01:14.704212,bike_11299
2025-12-11T11:01:10.351146,bike_73569
2025-12-11T11:01:07.092908,bike_44088
2025-12-11T11:01:09.344196,bike_68278
2025-12-11T11:01:09.153126,bike_69072
2025-12-11T11:01:05.950570,bike_22997
2025-12-11T11:01:10.544194,bike_09510
2025-12-11T11:01:06.713215,bike_76239
2025-12-11T11:01:14.592668,bike_79522
2025-12-10T23:01:11.148618,bike_02873
2025-12-11T11:01:12.390233,bike_72565
2025-12-11T11:01:07.053471,bike_69193
2025-12-11T11:01:08.232211,bike_89383
2025-12-11T11:01:16.024144,bike_20114
2025-12-11T11:01:06.792950,bike_75370
2025-12-11T05:01:08.930416,bike_63301
2025-12-11T11:01:13.373586,bike_17449
2025-12-11T11:01:14.193031,bike_72153
2025-12-11T11:01:07.330160,bike_42734
2025-12-06T05:01:08.292013,bike_82505
2025-12-11T11:01:09.153078,bike_45472
2025-12-11T11:01:11.851783,bike_89296
2025-12-11T11:01:06.624162,bike_56985
2025-12-11T11:01:14.813143,bike_81170
2025-12-11T11:01:12.684185,bike_57345
2025-12-11T11:01:06.913376,bike_44896
2025-12-11T05:01:12.670569,bike_19974
2025-12-11T05:01:12.470768,bike_42701
2025-12-11T11:01:14.272980,bike_52020
2025-12-11T11:01:07.904164,bike_53260
2025-12-11T11:01:06.249272,bike_72529
2025-12-11T11:01:07.356441,bike_53300
2025-12-11T11:01:11.604198,bike_77496
2025-12-10T17:01:08.951722,bike_88968
2025-12-11T11:01:07.190927,bike_47290
2025-12-11T11:01:13.973642,bike_71656
2025-12-11T11:01:15.224182,bike_47338
2025-12-11T11:01:09.344185,bike_67505
2025-12-11T11:01:14.153424,bike_79865
2025-12-11T11:01:13.364608,bike_67130
2025-12-11T11:01:14.310063,bike_08121
2025-12-11T11:01:09.970584,bike_08538
2025-12-11T11:01:11.064221,bike_51916
2025-12-11T11:01:10.073734,bike_69031
2025-12-11T11:01:11.791869,bike_70182
2025-12-11T11:01:06.592722,bike_60615
2025-12-11T11:01:14.091707,bike_79013
2025-12-11T11:01:10.104263,bike_74135
2025-12-11T11:01:12.284128,bike_78274
2025-12-11T05:01:04.581962,bike_51420
2025-12-11T11:01:15.224195,bike_20188
2025-12-01T17:01:07.518482,bike_72881
2025-12-11T11:01:07.190892,bike_13565
2025-12-11T11:01:14.031069,bike_67489
2025-12-11T05:01:04.230457,bike_55973
2025-12-11T11:01:10.755217,bike_17678
2025-11-28T05:01:40.190169,bike_70328
2025-12-11T11:01:12.350712,bike_58189
2025-12-11T11:01:13.054114,bike_76543
2025-12-11T11:01:10.772834,bike_81903
2025-12-11T05:01:10.602013,bike_50620
2025-12-11T11:01:08.010816,bike_80078
2025-12-11T11:01:14.473202,bike_88614
2025-12-11T11:01:06.477028,bike_63231
2025-12-11T11:01:07.833390,bike_19769
2025-12-11T11:01:11.670367,bike_45825
2025-12-11T11:01:16.769765,bike_21693
2025-12-11T11:01:07.384220,bike_17609
2025-12-11T05:01:11.450855,bike_41956
2025-12-11T11:01:15.210133,bike_58533
2025-12-11T11:01:13.084318,bike_88029
2025-12-10T23:01:09.894965,bike_72195
2025-12-11T11:01:15.684190,bike_56558
2025-12-01T17:01:12.165639,bike_42614
2025-12-11T11:01:16.932156,bike_61029
2025-12-11T11:01:13.373578,bike_79551
2025-12-11T11:01:08.591633,bike_46695
2025-12-11T11:01:14.104251,bike_76406
2025-11-29T11:01:07.352821,bike_38757
2025-12-09T05:01:07.686926,bike_79300
2025-12-11T11:01:16.153379,bike_89276
2025-12-11T11:01:16.691261,bike_24765
2025-12-11T11:01:15.464181,bike_89015
2025-12-11T11:01:11.912963,bike_17156
2025-12-10T23:01:09.015963,bike_88099
2025-12-10T23:01:07.715400,bike_46470
2025-12-11T11:01:12.050649,bike_58757
2025-12-11T11:01:07.110016,bike_76338
2025-12-11T05:01:11.848702,bike_88770
2025-12-11T11:01:12.953325,bike_80325
2025-12-11T11:01:11.778500,bike_08346
2025-12-11T11:01:07.133066,bike_70491
2025-12-06T17:01:09.637513,bike_13545
2025-12-11T11:01:09.584098,bike_00006
2025-11-30T11:01:04.979075,bike_52125
2025-12-11T11:01:12.873272,bike_22123
2025-12-11T05:01:08.151274,bike_80439
2025-12-01T05:01:05.550080,bike_42919
2025-12-11T11:01:07.753764,bike_15734
2025-12-11T11:01:12.913184,bike_17707
2025-12-11T11:01:16.113535,bike_23636
2025-12-11T11:01:11.450459,bike_20820
2025-12-09T05:01:07.806681,bike_69674
2025-12-11T11:01:09.791155,bike_70996
2025-12-11T11:01:15.984221,bike_18024
2025-12-11T11:01:13.054126,bike_56028
2025-12-10T17:01:01.851673,bike_23036
2025-12-11T11:01:09.344188,bike_24935
2025-12-11T11:01:15.033737,bike_70115
2025-12-11T11:01:16.233659,bike_82276
2025-12-11T11:01:12.090322,bike_85141
2025-12-11T11:01:09.353480,bike_73002
2025-12-11T11:01:06.129939,bike_76907
2025-12-11T11:01:14.091662,bike_72091
2025-12-11T11:01:12.813040,bike_85527
2025-12-10T23:01:14.938147,bike_70622
2025-12-11T11:01:09.073117,bike_60627
2025-12-04T23:01:07.820630,bike_51620
2025-12-11T11:01:14.584184,bike_21977
2025-12-11T11:01:06.504361,bike_16643
2025-12-11T11:01:13.934211,bike_45836
2025-12-11T11:01:12.364105,bike_23461
2025-12-11T11:01:13.193751,bike_74928
2025-12-11T11:01:13.413586,bike_25728
2025-12-11T05:01:04.549923,bike_78785
2025-12-11T11:01:11.264218,bike_00436
2025-12-08T05:01:05.446295,bike_68764
2025-12-11T11:01:07.110039,bike_72109
2025-12-11T11:01:16.170759,bike_57347
2025-12-11T11:01:16.850081,bike_89246
2025-12-11T11:01:07.591453,bike_77327
2025-12-11T11:01:16.010635,bike_59076
2025-12-11T11:01:15.333254,bike_42890
2025-12-11T11:01:13.693008,bike_47266
2025-12-11T05:01:05.591057,bike_00720
2025-12-11T11:01:08.491026,bike_46744
2025-12-11T11:01:06.073001,bike_13025
2025-12-11T11:01:13.489444,bike_77259
2025-12-11T11:01:10.864176,bike_75198
2025-12-11T05:01:07.950632,bike_26296
2025-12-11T11:01:15.733486,bike_60620
2025-12-11T11:01:11.151243,bike_45252
2025-12-11T11:01:09.444080,bike_78571
2025-12-11T11:01:07.011080,bike_13211
2025-12-11T11:01:09.504076,bike_82588
2025-12-11T11:01:08.464196,bike_25966
2025-12-11T11:01:15.584196,bike_26210
2025-12-10T23:01:07.015802,bike_47496
2025-12-11T11:01:15.711641,bike_20910
2025-12-11T11:01:15.820033,bike_70429
2025-12-11T11:01:08.124257,bike_70946
2025-12-11T11:01:11.564077,bike_81804
2025-12-11T11:01:09.090425,bike_43229
2025-12-11T11:01:15.513252,bike_68828
2025-12-11T11:01:16.211564,bike_85038
2025-12-11T11:01:08.073269,bike_75261
2025-12-11T11:01:12.684194,bike_77468
2025-12-11T11:01:06.477057,bike_10862
2025-12-11T11:01:13.613464,bike_76787
2025-12-11T11:01:13.364598,bike_39986
2025-12-11T11:01:11.644159,bike_75436
2025-12-11T11:01:07.213125,bike_89649
2025-12-11T11:01:08.852953,bike_85021
2025-12-11T11:01:08.504265,bike_77350
2025-12-11T11:01:08.344162,bike_67355
2025-12-11T11:01:11.953241,bike_11507
2025-12-11T11:01:09.504107,bike_25937
2025-12-11T11:01:06.584175,bike_46047
2025-12-11T11:01:06.033046,bike_89810
2025-12-11T11:01:08.150675,bike_03065
2025-12-11T11:01:12.684170,bike_50678
2025-12-11T11:01:14.210117,bike_60044
2025-12-11T11:01:11.550965,bike_80094
2025-12-11T11:01:14.031047,bike_89525
2025-12-11T11:01:12.670181,bike_77478
2025-12-11T11:01:10.610517,bike_72435
2025-12-11T11:01:09.384178,bike_07843
2025-12-06T23:01:15.385144,bike_61534
2025-12-11T11:01:14.632756,bike_68559
2025-12-11T11:01:11.992830,bike_89590
2025-12-11T11:01:16.233638,bike_80424
2025-12-11T05:01:08.529687,bike_71814
2025-12-11T11:01:07.011091,bike_82549
2025-12-11T11:01:07.270116,bike_46405
2025-12-11T11:01:14.692373,bike_09908
2025-12-10T11:01:04.979538,bike_81098
2025-12-11T11:01:15.024149,bike_51416
2025-12-11T11:01:08.173756,bike_43270
2025-12-11T11:01:16.350828,bike_75475
2025-12-11T11:01:13.324185,bike_12130
2025-12-11T11:01:12.564222,bike_74476
2025-12-11T11:01:11.970320,bike_77673
2025-12-11T11:01:14.013671,bike_50393
2025-12-11T11:01:12.131839,bike_43009
2025-12-11T11:01:15.793632,bike_78429
2025-12-11T11:01:13.093567,bike_74756
2025-12-11T11:01:16.890679,bike_50252
2025-12-11T11:01:16.384298,bike_80048
2025-12-10T05:01:05.091713,bike_78667
2025-12-11T11:01:10.464156,bike_79766
2025-12-11T11:01:16.299234,bike_13223
2025-12-11T11:01:14.044168,bike_63551
2025-12-11T11:01:11.213462,bike_08030
2025-12-11T11:01:07.550551,bike_23224
2025-12-11T11:01:15.350528,bike_80411
2025-12-11T11:01:06.504382,bike_44702
2025-12-11T11:01:06.193105,bike_89315
2025-12-11T11:01:06.073009,bike_46865
2025-12-11T11:01:13.744232,bike_77592
2025-12-11T11:01:14.324200,bike_63354
2025-12-11T11:01:12.971194,bike_62669
2025-12-11T05:01:05.049304,bike_75325
2025-12-11T05:01:12.001974,bike_80270
2025-12-11T11:01:12.504173,bike_77364
2025-12-11T11:01:08.050894,bike_77609
2025-12-11T11:01:13.693047,bike_42913
2025-12-11T11:01:07.604215,bike_89312
2025-12-11T11:01:14.144259,bike_43903
2025-12-11T11:01:15.670814,bike_52359
2025-12-11T11:01:16.613266,bike_72700
2025-12-11T11:01:09.353496,bike_55355
2025-12-11T11:01:16.433543,bike_72130
2025-12-11T05:01:06.729911,bike_81228
2025-12-11T11:01:11.370600,bike_70541
2025-12-11T11:01:16.810293,bike_78131
2025-12-11T11:01:13.613419,bike_73399
2025-12-11T11:01:13.875664,bike_73354
2025-12-11T11:01:12.284154,bike_78493
2025-12-11T11:01:13.127082,bike_78743
2025-12-11T11:01:09.353509,bike_55599
2025-12-11T11:01:13.544244,bike_45357
2025-12-07T05:01:02.573870,bike_68682
2025-12-11T11:01:11.613486,bike_68753
2025-12-11T11:01:06.073016,bike_67901
2025-12-10T17:01:02.698170,bike_61975
2025-12-11T11:01:15.104214,bike_77032
2025-12-11T05:01:10.872059,bike_58069
2025-12-11T11:01:10.844179,bike_67634
2025-12-11T05:01:10.332216,bike_89062
2025-12-11T11:01:05.993399,bike_19757
2025-12-04T23:01:06.072382,bike_89775
2025-12-11T11:01:10.671747,bike_82804
2025-12-11T11:01:09.804079,bike_43643
2025-12-11T11:01:07.672381,bike_43777
2025-12-11T11:01:08.410985,bike_20924
2025-12-11T11:01:08.653122,bike_78032
2025-12-11T11:01:06.609860,bike_81902
2025-12-11T05:01:12.470720,bike_74559
2025-12-11T11:01:14.409966,bike_75905
2025-12-11T11:01:09.153098,bike_18338
2025-12-11T11:01:10.433529,bike_14839
2025-12-11T05:01:06.571354,bike_80051
2025-12-11T11:01:07.424139,bike_61390
2025-12-11T11:01:16.090120,bike_89317
2025-12-11T11:01:07.654460,bike_00373
2025-12-11T11:01:11.353165,bike_20637
2025-12-11T11:01:07.489274,bike_45705
2025-12-11T11:01:10.998445,bike_56583
2025-12-11T11:01:07.792817,bike_20418
2025-12-11T11:01:06.544153,bike_41365
2025-12-11T05:01:12.756821,bike_44732
2025-12-05T23:01:10.898083,bike_61900
2025-12-11T11:01:16.704206,bike_23220
2025-12-11T11:01:14.670918,bike_53105
2025-12-11T11:01:07.712096,bike_17452
2025-12-11T11:01:14.804193,bike_05112
2025-12-11T11:01:11.644202,bike_26139
2025-12-11T05:01:07.841933,bike_89022
2025-12-10T11:01:08.513421,bike_77708
2025-12-11T11:01:06.633209,bike_67090
2025-12-11T11:01:08.064164,bike_16501
2025-12-11T05:01:09.801824,bike_46881
2025-12-11T11:01:08.573611,bike_47416
2025-12-11T11:01:07.613057,bike_89480
2025-12-11T11:01:07.190908,bike_76936
2025-12-11T11:01:11.864199,bike_89393
2025-12-11T11:01:08.844199,bike_46251
2025-12-11T11:01:14.004250,bike_51103
2025-12-11T11:01:10.351122,bike_22551
2025-12-09T23:01:04.743066,bike_72916
2025-12-11T05:01:04.208519,bike_89692
2025-11-29T11:01:12.952850,bike_03043
2025-12-11T11:01:11.653126,bike_56598
2025-12-11T11:01:16.411229,bike_68383
2025-12-11T11:01:08.073237,bike_38399
2025-12-11T11:01:15.324201,bike_53138
2025-12-11T11:01:08.604206,bike_20810
2025-12-11T11:01:09.892571,bike_76487
2025-12-11T11:01:16.490607,bike_22227
2025-12-11T11:01:11.504156,bike_61468
2025-12-11T05:01:02.728396,bike_61350
2025-12-11T11:01:16.810309,bike_62353
2025-12-10T11:01:09.963068,bike_47139
2025-12-11T11:01:09.370873,bike_77747
2025-12-11T11:01:06.344103,bike_74486
2025-12-11T11:01:16.932150,bike_19075
2025-12-11T11:01:09.670593,bike_44296
2025-12-11T11:01:12.913176,bike_16956
2025-12-11T11:01:06.112837,bike_75730
2025-12-08T17:01:09.885203,bike_68570
2025-12-11T11:01:08.314073,bike_71266
2025-12-11T05:01:11.762053,bike_46219
2025-12-11T11:01:15.051021,bike_89555
2025-12-11T11:01:09.314433,bike_17045
2025-12-11T11:01:10.144342,bike_70630
2025-12-11T11:01:15.610611,bike_21086
2025-12-11T11:01:16.730336,bike_43429
2025-12-11T11:01:07.684171,bike_77974
2025-12-11T11:01:08.844183,bike_56941
2025-12-10T11:01:07.253131,bike_61016
2025-12-11T11:01:06.344095,bike_56758
2025-12-11T11:01:08.491024,bike_73176
2025-12-11T11:01:11.791836,bike_61876
2025-12-11T11:01:13.884571,bike_44878
2025-11-28T17:01:12.085321,bike_61270
2025-12-11T11:01:09.844162,bike_17858
2025-12-11T11:01:11.384163,bike_60164
2025-12-11T11:01:12.984328,bike_76425
2025-12-11T11:01:08.010811,bike_71002
2025-12-11T05:01:10.148495,bike_86276
2025-12-11T11:01:12.471109,bike_72559
2025-12-11T11:01:09.153118,bike_17066
2025-12-04T05:01:04.087269,bike_71678
2025-12-11T11:01:12.213293,bike_78116
2025-12-11T11:01:09.530318,bike_78346
2025-12-11T11:01:16.224237,bike_52298
2025-12-11T11:01:10.724165,bike_26016
2025-12-11T11:01:09.504120,bike_80862
2025-12-11T11:01:12.190428,bike_13942
2025-12-11T11:01:14.964205,bike_73937
2025-12-11T11:01:16.704177,bike_89803
2025-12-11T11:01:10.104255,bike_44148
2025-12-11T11:01:08.630076,bike_67394
2025-12-11T11:01:16.384283,bike_53202
2025-12-11T11:01:13.244214,bike_77963
2025-12-11T11:01:14.113490,bike_50599
2025-12-11T11:01:07.070531,bike_75947
2025-12-11T11:01:15.504212,bike_22383
2025-12-11T11:01:16.744228,bike_81911
2025-12-11T11:01:09.813741,bike_09079
2025-12-11T11:01:06.152876,bike_81173
2025-12-11T11:01:09.512813,bike_88919
2025-12-11T11:01:10.131122,bike_46576
2025-12-06T17:01:12.677389,bike_60625
2025-12-11T11:01:07.024225,bike_24148
2025-12-11T11:01:15.490539,bike_20345
2025-12-11T11:01:10.711280,bike_80363
2025-12-11T05:01:05.841977,bike_79911
2025-12-11T11:01:09.024202,bike_78621
2025-12-11T11:01:08.191324,bike_23946
2025-12-11T11:01:06.304112,bike_17059
2025-12-11T11:01:11.473154,bike_18381
2025-12-11T11:01:09.553272,bike_16149
2025-12-06T11:01:05.431370,bike_81708
2025-12-11T11:01:08.290448,bike_44713
2025-12-11T11:01:14.153398,bike_24318
2025-12-11T11:01:13.553611,bike_08337
2025-12-11T11:01:16.730356,bike_76371
2025-12-11T11:01:13.430890,bike_61814
2025-12-11T11:01:10.212941,bike_47203
2025-12-11T11:01:12.684188,bike_72123
2025-12-11T11:01:09.831254,bike_68795
2025-11-28T23:01:08.231531,bike_46813
2025-12-11T11:01:15.820062,bike_16820
2025-12-11T05:01:03.955194,bike_47731
2025-12-11T11:01:13.893746,bike_76761
2025-12-11T11:01:07.993141,bike_89849
2025-12-11T11:01:06.184122,bike_82867
2025-12-11T11:01:13.127039,bike_43261
2025-12-11T11:01:15.184235,bike_24629
2025-12-11T11:01:10.324182,bike_82290
2025-12-11T11:01:16.113574,bike_42854
2025-12-11T11:01:11.113305,bike_69702
2025-12-11T11:01:14.310042,bike_72742
2025-12-10T17:01:06.631331,bike_61073
2025-12-11T11:01:11.864177,bike_21575
2025-12-11T11:01:14.964210,bike_86078
2025-12-11T11:01:08.491060,bike_63076
2025-12-11T11:01:10.755204,bike_10804
2025-12-11T11:01:06.344068,bike_81907
2025-12-11T11:01:09.631237,bike_89509
2025-12-10T17:01:07.918357,bike_82849
2025-12-11T11:01:08.033350,bike_24018
2025-12-11T11:01:11.630905,bike_42589
2025-12-11T11:01:09.670601,bike_05830
2025-12-11T11:01:09.064121,bike_89626
2025-12-11T11:01:12.504160,bike_76557
2025-12-11T11:01:14.831167,bike_21905
2025-12-03T05:01:05.286440,bike_70618
2025-12-11T11:01:06.664183,bike_23788
2025-12-11T11:01:14.544233,bike_44693
2025-12-10T11:01:08.701922,bike_78292
2025-12-11T11:01:11.970326,bike_50936
2025-12-11T11:01:06.504380,bike_44400
2025-12-11T11:01:05.968580,bike_89961
2025-12-11T11:01:14.804143,bike_52770
2025-12-11T11:01:13.470869,bike_88530
2025-12-11T11:01:13.893748,bike_51708
2025-12-11T11:01:17.070135,bike_80595
2025-12-11T11:01:11.473224,bike_43918
2025-11-29T11:01:14.575925,bike_75061
2025-12-11T05:01:05.591021,bike_21302
2025-12-11T11:01:10.593109,bike_05344
2025-12-11T11:01:15.593353,bike_76984
2025-12-11T11:01:13.054137,bike_75088
2025-12-11T11:01:14.104243,bike_77786
2025-12-11T11:01:07.784027,bike_57542
2025-12-11T11:01:06.224144,bike_81453
2025-12-11T11:01:09.153111,bike_78910
2025-12-11T11:01:16.453669,bike_19925
2025-12-11T11:01:06.704161,bike_03779
2025-12-11T05:01:05.567992,bike_73913
2025-12-11T11:01:12.010450,bike_74680
2025-12-11T11:01:16.784136,bike_22775
2025-12-11T11:01:15.324195,bike_09144
2025-12-11T11:01:16.433548,bike_45593
2025-12-11T11:01:11.935186,bike_52817
2025-12-11T11:01:13.312185,bike_46030
2025-12-11T11:01:12.024200,bike_89355
2025-12-11T11:01:15.170383,bike_47823
2025-12-11T11:01:16.144208,bike_89927
2025-12-11T11:01:10.204090,bike_77316
2025-11-28T11:01:41.244569,bike_39605
2025-12-11T11:01:16.233669,bike_85132
2025-12-11T05:01:06.090877,bike_74257
2025-12-11T11:01:14.170785,bike_42948
2025-11-29T11:01:07.696940,bike_17374
2025-12-11T11:01:11.073434,bike_68534
2025-12-11T11:01:16.184194,bike_85415
2025-12-11T11:01:08.353229,bike_72545
2025-12-11T11:01:08.764201,bike_56112
2025-12-11T11:01:15.984230,bike_78837
2025-12-11T11:01:09.512856,bike_19663
2025-12-11T11:01:10.164158,bike_50535
2025-12-11T11:01:15.192951,bike_77580
2025-12-11T11:01:14.104212,bike_79449
2025-12-11T11:01:08.953443,bike_60772
2025-12-11T05:01:08.821913,bike_26222
2025-12-11T11:01:14.044148,bike_70465
2025-12-11T11:01:14.773111,bike_78045
2025-12-11T11:01:06.890292,bike_78873
2025-12-11T11:01:13.584233,bike_52463
2025-12-11T11:01:13.413553,bike_53182
2025-12-11T11:01:12.709861,bike_76716
2025-12-11T11:01:09.764145,bike_81187
2025-12-11T11:01:06.531245,bike_57833
2025-12-11T11:01:16.591452,bike_79298
2025-12-11T11:01:13.480062,bike_52055
2025-12-10T23:01:06.455961,bike_79898
2025-12-08T17:01:07.685485,bike_55637
2025-12-11T11:01:09.170131,bike_69391
2025-12-11T11:01:08.530634,bike_09299
2025-12-11T11:01:09.010411,bike_52294
2025-12-11T11:01:16.393059,bike_77604
2025-12-11T11:01:11.564085,bike_47348
2025-12-11T11:01:13.312211,bike_82568
2025-12-11T11:01:15.373133,bike_45143
2025-12-11T11:01:16.914569,bike_23524
2025-12-11T11:01:12.830050,bike_72728
2025-12-11T11:01:12.684183,bike_76110
2025-12-11T11:01:11.450443,bike_78023
2025-12-11T11:01:16.864265,bike_55936
2025-12-11T11:01:16.792885,bike_85420
2025-12-11T11:01:13.631230,bike_73454
2025-12-01T17:01:12.905092,bike_77116
2025-12-11T11:01:13.430878,bike_53198
2025-12-11T11:01:06.049756,bike_43152
2025-12-11T11:01:07.944162,bike_61430
2025-12-11T11:01:13.653528,bike_88283
2025-12-11T11:01:08.024195,bike_76888
2025-12-11T11:01:12.524209,bike_44833
2025-12-11T11:01:08.870166,bike_10808
2025-12-11T11:01:12.764114,bike_80166
2025-12-11T11:01:11.410503,bike_85011
2025-12-11T11:01:08.970839,bike_17650
2025-12-11T11:01:14.649876,bike_62492
2025-12-11T11:01:16.604290,bike_57847
2025-12-11T11:01:16.824141,bike_76507
2025-12-11T11:01:13.571988,bike_46663
2025-12-11T11:01:11.213444,bike_80492
2025-12-11T11:01:14.113473,bike_44814
2025-12-11T11:01:15.820015,bike_88570
2025-12-11T11:01:13.511663,bike_88007
2025-12-11T05:01:11.008011,bike_51066
2025-12-11T11:01:14.813154,bike_69675
2025-12-11T11:01:09.210637,bike_17089
2025-12-11T11:01:07.984157,bike_45264
2025-12-11T11:01:09.804089,bike_56959
2025-12-11T11:01:09.904222,bike_05624
2025-12-06T17:01:14.577564,bike_73032
2025-12-11T11:01:11.953282,bike_51368
2025-12-11T05:01:07.387030,bike_50945
2025-12-11T11:01:15.430680,bike_21183
2025-12-11T11:01:11.813303,bike_52281
2025-12-11T11:01:10.064154,bike_71549
2025-12-11T11:01:10.252988,bike_24696
2025-12-11T11:01:09.711234,bike_20505
2025-12-03T05:01:04.885252,bike_71212
2025-12-11T11:01:09.544206,bike_43537
2025-12-03T17:01:10.284693,bike_51163
2025-12-11T11:01:08.749995,bike_58150
2025-12-11T11:01:06.792907,bike_58842
2025-12-11T11:01:10.693071,bike_85052
2025-12-11T11:01:16.393040,bike_51434
2025-12-11T11:01:12.390200,bike_88128
2025-12-11T11:01:13.293265,bike_46329
2025-12-11T11:01:15.993438,bike_18511
2025-12-07T17:01:12.452894,bike_89126
2025-12-11T11:01:13.413573,bike_89933
2025-12-11T11:01:09.504074,bike_51136
2025-12-11T11:01:11.190580,bike_00210
2025-12-11T11:01:07.684150,bike_46264
2025-12-11T11:01:06.890331,bike_62410
2025-12-10T23:01:06.688705,bike_46898
2025-12-11T11:01:15.544174,bike_22877
2025-12-11T11:01:10.464179,bike_52156
2025-12-11T11:01:15.010929,bike_74034
2025-12-11T11:01:10.873436,bike_22324
2025-12-11T11:01:09.904168,bike_89767
2025-12-11T11:01:06.304102,bike_03470
2025-12-11T11:01:16.251024,bike_50715
2025-12-11T11:01:13.324159,bike_80789
2025-12-10T23:01:10.376379,bike_88623
2025-12-11T11:01:10.998431,bike_73746
2025-12-11T05:01:12.010906,bike_78371
2025-12-11T11:01:08.970771,bike_62777
2025-12-11T11:01:13.354927,bike_88267
2025-12-11T11:01:13.224227,bike_00702
2025-12-11T11:01:07.173312,bike_00688
2025-12-11T11:01:13.312222,bike_46412
2025-12-11T11:01:16.890640,bike_46249
2025-12-11T11:01:09.232413,bike_73756
2025-12-11T11:01:16.064182,bike_19724
2025-12-11T11:01:07.684145,bike_70584
2025-12-11T11:01:07.164132,bike_74163
2025-12-10T23:01:14.724868,bike_57031
2025-12-11T11:01:14.170798,bike_50762
2025-12-11T11:01:09.064157,bike_60019
2025-12-11T11:01:11.564083,bike_70292
2025-12-10T23:01:09.474154,bike_60171
2025-12-11T11:01:11.050765,bike_80913
2025-11-30T11:01:07.270005,bike_72427
2025-12-11T11:01:16.131094,bike_77707
2025-12-11T11:01:14.224178,bike_46353
2025-12-11T11:01:12.773627,bike_44507
2025-12-11T11:01:15.570461,bike_75540
2025-12-11T11:01:13.924253,bike_89123
2025-12-11T05:01:06.441952,bike_74036
2025-12-11T11:01:12.890595,bike_75002
2025-12-11T11:01:14.993573,bike_46430
2025-12-11T11:01:12.593656,bike_76589
2025-12-11T11:01:12.644131,bike_22014
2025-12-11T11:01:12.324214,bike_70202
2025-12-09T11:01:08.539113,bike_47660
2025-12-11T11:01:06.232668,bike_71922
2025-12-09T17:01:06.845547,bike_50553
2025-12-11T05:01:13.288699,bike_78184
2025-12-11T11:01:09.870819,bike_69527
2025-12-11T11:01:12.230683,bike_61514
2025-12-11T11:01:15.333257,bike_24867
2025-12-11T11:01:10.900224,bike_43049
2025-12-11T11:01:06.152933,bike_20727
2025-12-04T23:01:04.367704,bike_68044
2025-12-11T11:01:07.591386,bike_03747
2025-12-11T11:01:08.273238,bike_73871
2025-12-11T05:01:12.957972,bike_47224
2025-12-07T17:01:11.927600,bike_56524
2025-12-11T11:01:15.170415,bike_58689
2025-12-11T11:01:15.764222,bike_13249
2025-11-30T17:01:03.513159,bike_73789
2025-12-11T11:01:13.753393,bike_88400
2025-12-11T11:01:10.804162,bike_78030
2025-12-01T05:01:09.962870,bike_75499
2025-12-08T05:01:13.474896,bike_69259
2025-12-11T11:01:15.251804,bike_58916
2025-12-11T11:01:05.993402,bike_88998
2025-12-11T11:01:10.632232,bike_67501
2025-12-11T05:01:04.791023,bike_60195
2025-12-11T11:01:17.009677,bike_75403
2025-12-11T11:01:08.844153,bike_09456
2025-12-08T11:01:07.972005,bike_03760
2025-12-11T11:01:08.050858,bike_44528
2025-12-11T11:01:09.853205,bike_69199
2025-12-11T11:01:07.164177,bike_00698
2025-12-11T11:01:06.673432,bike_56260
2025-12-11T11:01:07.851010,bike_23302
2025-12-08T11:01:10.308383,bike_67733
2025-12-11T11:01:12.984317,bike_81008
2025-12-11T11:01:08.953419,bike_53144
2025-12-11T11:01:12.413447,bike_45802
2025-12-11T11:01:06.650540,bike_24434
2025-12-04T23:01:08.278325,bike_26048
2025-12-11T11:01:07.952888,bike_43863
2025-12-11T11:01:09.724156,bike_78250
2025-12-11T11:01:16.890681,bike_16472
2025-12-11T11:01:13.170745,bike_79147
2025-12-11T11:01:15.264252,bike_68781
2025-12-11T11:01:06.232699,bike_42771
2025-12-11T11:01:12.064176,bike_70062
2025-12-11T11:01:11.533536,bike_76259
2025-12-11T11:01:06.152893,bike_89217
2025-12-11T11:01:15.024152,bike_47257
2025-12-11T11:01:16.713070,bike_45898
2025-12-11T11:01:11.744240,bike_21839
2025-12-11T11:01:11.473177,bike_57449
2025-12-11T11:01:09.344237,bike_80995
2025-12-10T17:01:07.251755,bike_73548
2025-12-11T11:01:16.990902,bike_45248
2025-12-11T11:01:08.424294,bike_24180
2025-12-11T05:01:13.362052,bike_72838
2025-12-11T11:01:08.724203,bike_61232
2025-12-07T17:01:06.687691,bike_67683
2025-12-11T11:01:14.744177,bike_78857
2025-12-11T11:01:08.410978,bike_70501
2025-12-11T11:01:09.264228,bike_73665
2025-12-11T11:01:15.504196,bike_23049
2025-12-11T11:01:10.653349,bike_44749
2025-12-11T11:01:05.933217,bike_86025
2025-12-11T11:01:06.112831,bike_89819
2025-12-11T11:01:09.492605,bike_50517
2025-12-11T11:01:13.284226,bike_18973
2025-12-11T11:01:08.764204,bike_18488
2025-12-11T11:01:15.413257,bike_62937
2025-12-05T11:01:09.102939,bike_19697
2025-12-11T11:01:07.270060,bike_58006
2025-12-11T11:01:16.384253,bike_43692
2025-12-11T11:01:10.464153,bike_68815
2025-12-11T11:01:08.830076,bike_24798
2025-12-11T11:01:08.304240,bike_44875
2025-12-11T11:01:11.970336,bike_85393
2025-12-11T11:01:12.830073,bike_22800
2025-12-11T11:01:09.453192,bike_08504
2025-12-11T11:01:06.810099,bike_89522
2025-12-11T11:01:10.131144,bike_52813
2025-12-11T05:01:04.301908,bike_55873
2025-12-11T11:01:10.164199,bike_71255
2025-12-11T11:01:14.113498,bike_80677
2025-12-11T11:01:06.731170,bike_43005
2025-12-11T11:01:12.164173,bike_50622
2025-12-11T11:01:09.512824,bike_76576
2025-12-11T11:01:10.790814,bike_67281
2025-12-11T11:01:16.481049,bike_76184
2025-12-11T11:01:16.250992,bike_78056
2025-12-08T11:01:07.152076,bike_71665
2025-12-11T05:01:07.368184,bike_81532
2025-12-11T11:01:16.324156,bike_69283
2025-12-11T11:01:09.693440,bike_71481
2025-12-11T11:01:16.324200,bike_06532
2025-12-11T11:01:11.392886,bike_75865
2025-12-11T11:01:09.129984,bike_74025
2025-12-11T11:01:15.324206,bike_45075
2025-12-05T11:01:07.490118,bike_77556
2025-12-11T11:01:13.604180,bike_89932
2025-12-11T11:01:09.684164,bike_79082
2025-12-11T11:01:06.673437,bike_56547
2025-12-11T11:01:11.550921,bike_67920
2025-12-11T11:01:12.844204,bike_02796
2025-12-11T11:01:11.173190,bike_80606
2025-12-11T11:01:13.373565,bike_38454
2025-12-11T11:01:10.190696,bike_68702
2025-12-11T11:01:15.993459,bike_72236
2025-12-09T23:01:08.423107,bike_24739
2025-12-11T11:01:07.244176,bike_51842
2025-12-10T17:01:02.731622,bike_63833
2025-12-11T11:01:07.393471,bike_57226
2025-12-11T11:01:12.913205,bike_25165
2025-12-03T23:01:14.340967,bike_48041
2025-12-09T23:01:10.350697,bike_85202
2025-12-11T11:01:11.851802,bike_72888
2025-12-11T11:01:12.390219,bike_62751
2025-12-10T17:01:01.331320,bike_69066
2025-12-11T05:01:09.150935,bike_74496
2025-12-11T11:01:12.864225,bike_09257
2025-12-11T11:01:14.712932,bike_76313
2025-12-11T11:01:07.024186,bike_51354
2025-12-11T11:01:12.813094,bike_10901
2025-12-11T11:01:09.224186,bike_78786
2025-12-11T11:01:11.724183,bike_63190
2025-12-11T11:01:07.124292,bike_72300
2025-12-11T11:01:12.244185,bike_11183
2025-12-11T11:01:12.844225,bike_52375
2025-12-11T11:01:06.673413,bike_77565
2025-12-11T05:01:03.310427,bike_71560
2025-12-01T23:01:12.413842,bike_56449
2025-12-11T11:01:10.073745,bike_44589
2025-12-11T11:01:09.273365,bike_82869
2025-12-11T11:01:12.090361,bike_42617
2025-12-11T11:01:08.564404,bike_81105
2025-12-11T11:01:06.832983,bike_42865
2025-12-11T11:01:09.791167,bike_89080
2025-12-11T11:01:13.544224,bike_69774
2025-12-11T11:01:10.113535,bike_69082
2025-12-11T11:01:07.411167,bike_71428
2025-12-11T11:01:06.531235,bike_10957
2025-12-11T11:01:09.010436,bike_79175
2025-12-09T05:01:05.972810,bike_76858
2025-12-11T11:01:11.090175,bike_74878
2025-12-11T11:01:10.464177,bike_45484
2025-12-11T05:01:02.671295,bike_78885
2025-12-11T11:01:12.453789,bike_46707
2025-12-11T05:01:10.951228,bike_61690
2025-12-11T11:01:09.813718,bike_74338
2025-12-11T11:01:11.533519,bike_42676
2025-12-11T11:01:15.430667,bike_73301
2025-12-11T11:01:14.683474,bike_67437
2025-12-10T17:01:02.860548,bike_67093
2025-12-11T11:01:13.724232,bike_74796
2025-12-06T17:01:14.637369,bike_76234
2025-12-11T11:01:12.350715,bike_43165
2025-12-11T11:01:13.973685,bike_70201
2025-12-10T23:01:10.145322,bike_07388
2025-12-11T11:01:16.564164,bike_46552
2025-12-11T11:01:12.292699,bike_51117
2025-12-11T11:01:11.353173,bike_80866
2025-12-11T11:01:08.314067,bike_46376
2025-12-11T11:01:16.850055,bike_53014
2025-12-11T11:01:15.131062,bike_89648
2025-12-11T11:01:11.550926,bike_81885
2025-12-11T11:01:09.870759,bike_81141
2025-12-11T11:01:07.784025,bike_74568
2025-12-11T11:01:09.892579,bike_36892
2025-12-11T11:01:14.353175,bike_26322
2025-12-11T11:01:09.290921,bike_89492
2025-12-11T11:01:05.924244,bike_25590
2025-12-11T11:01:13.744240,bike_44963
2025-12-11T11:01:09.404192,bike_81744
2025-12-11T11:01:12.324217,bike_50989
2025-12-09T23:01:09.691602,bike_77500
2025-12-11T11:01:08.133278,bike_43055
2025-12-11T11:01:08.191293,bike_47466
2025-12-03T11:01:06.779975,bike_80807
2025-12-11T11:01:11.904189,bike_79556
2025-12-11T11:01:12.709831,bike_73188
2025-12-11T11:01:15.051013,bike_76701
2025-12-11T11:01:11.564046,bike_14896
2025-12-11T11:01:09.953267,bike_81179
2025-12-11T11:01:14.910367,bike_71361
2025-12-11T11:01:10.504224,bike_45165
2025-12-11T11:01:13.924270,bike_76635
2025-12-11T11:01:14.844133,bike_51426
2025-12-11T11:01:17.052944,bike_47827
2025-12-11T05:01:07.070676,bike_73890
2025-12-11T11:01:14.210152,bike_45085
2025-12-11T05:01:02.671279,bike_46710
2025-12-11T11:01:16.850025,bike_10963
2025-12-11T11:01:09.370823,bike_88150
2025-12-11T05:01:12.042075,bike_78827
2025-12-11T11:01:15.404239,bike_60741
2025-12-11T11:01:07.124247,bike_55948
2025-12-11T11:01:06.704187,bike_03753
2025-12-11T11:01:16.490614,bike_45188
2025-12-11T11:01:06.270314,bike_25576
2025-12-11T11:01:10.772831,bike_25580
2025-12-11T11:01:06.232710,bike_50230
2025-12-11T11:01:15.913139,bike_57767
2025-12-11T11:01:14.924159,bike_73138
2025-12-11T11:01:11.970334,bike_68694
2025-12-11T11:01:07.952841,bike_70969
2025-12-11T11:01:09.553318,bike_71644
2025-12-11T11:01:16.664235,bike_71796
2025-12-08T17:01:08.216289,bike_08453
2025-12-11T11:01:15.153059,bike_70704
2025-12-11T11:01:09.104222,bike_47438
2025-12-11T11:01:11.050813,bike_63353
2025-12-11T11:01:08.891823,bike_88234
2025-12-11T11:01:13.111271,bike_78384
2025-12-11T11:01:12.564186,bike_75796
2025-12-11T11:01:16.153431,bike_82240
2025-12-11T11:01:12.791139,bike_78908
2025-12-11T11:01:15.073129,bike_13116
2025-12-11T11:01:08.573634,bike_89795
2025-12-11T11:01:13.521101,bike_42993
2025-12-11T11:01:08.773957,bike_79610
2025-12-11T11:01:05.968603,bike_77839
2025-12-11T11:01:12.050597,bike_50579
2025-12-11T11:01:08.613012,bike_75063
2025-12-11T11:01:10.050710,bike_88761
2025-12-11T11:01:14.272996,bike_81682
2025-12-11T11:01:06.033065,bike_77256
2025-12-11T11:01:12.024181,bike_50713
2025-12-11T05:01:08.272032,bike_68412
2025-12-11T11:01:06.344115,bike_57086
2025-11-27T23:01:42.626958,bike_12758
2025-12-11T11:01:12.253242,bike_72254
2025-12-11T11:01:06.531243,bike_25420
2025-12-10T05:01:04.020471,bike_03750
2025-12-11T11:01:09.492663,bike_76392
2025-12-05T17:01:12.613425,bike_70625
2025-12-11T11:01:07.613027,bike_19865
2025-12-11T11:01:10.413595,bike_46355
2025-12-11T11:01:13.489430,bike_55833
2025-12-11T11:01:09.553315,bike_71185
2025-12-11T11:01:14.070166,bike_23971
2025-12-11T11:01:14.210111,bike_76989
2025-12-11T11:01:13.511645,bike_52914
2025-12-11T11:01:11.264221,bike_22556
2025-12-11T11:01:05.950608,bike_13938
2025-12-11T11:01:08.450999,bike_43115
2025-12-11T11:01:14.353206,bike_75095
2025-12-11T11:01:08.104217,bike_42583
2025-12-11T11:01:14.144222,bike_72820
2025-12-11T11:01:07.944157,bike_73652
2025-12-11T11:01:16.250975,bike_43874
2025-12-11T11:01:07.312839,bike_89597
2025-12-11T11:01:11.550944,bike_68957
2025-12-11T11:01:10.284235,bike_43052
2025-12-11T11:01:11.724198,bike_74168
2025-12-11T11:01:06.713146,bike_51133
2025-12-11T05:01:06.090899,bike_56258
2025-12-11T11:01:14.730586,bike_22138
2025-12-11T05:01:05.367794,bike_88938
2025-12-11T11:01:13.644180,bike_63250
2025-12-11T11:01:16.551402,bike_80847
2025-12-05T23:01:09.731297,bike_50547
2025-12-11T11:01:13.572026,bike_46812
2025-12-11T11:01:06.090387,bike_36675
2025-12-11T11:01:06.824167,bike_74239
2025-12-11T11:01:14.144238,bike_77398
2025-12-11T11:01:06.170052,bike_07293
2025-12-11T11:01:10.693106,bike_47455
2025-12-01T05:01:11.060857,bike_74108
2025-12-11T11:01:10.610502,bike_51709
2025-12-11T11:01:09.530328,bike_16584
2025-12-11T11:01:14.632804,bike_89414
2025-12-11T11:01:16.792903,bike_51301
2025-12-11T11:01:06.784187,bike_60703
2025-11-28T05:01:30.590217,bike_46782
2025-12-11T05:01:06.951581,bike_81909
2025-12-11T11:01:15.513289,bike_88048
2025-12-11T11:01:05.924262,bike_50457
2025-12-11T11:01:15.724199,bike_51440
2025-12-11T11:01:16.024186,bike_55110
2025-12-11T11:01:15.153107,bike_62784
2025-12-11T11:01:16.290054,bike_03257
2025-12-08T17:01:07.476198,bike_55832
2025-12-11T11:01:15.451900,bike_78182
2025-12-11T11:01:08.530683,bike_07988
2025-12-07T17:01:07.907570,bike_71223
2025-12-11T11:01:06.792922,bike_22064
2025-12-11T11:01:13.875632,bike_00067
2025-12-11T11:01:14.764210,bike_58696
2025-12-11T11:01:17.031219,bike_44761
2025-12-11T11:01:09.024157,bike_47947
2025-12-10T11:01:11.279941,bike_57797
2025-12-11T11:01:16.251022,bike_86050
2025-12-11T11:01:09.684143,bike_52365
2025-12-09T23:01:07.863192,bike_77462
2025-12-11T11:01:08.844191,bike_57732
2025-12-11T05:01:10.761981,bike_75413
2025-12-11T11:01:10.593064,bike_80697
2025-12-11T11:01:15.890065,bike_02175
2025-12-09T11:01:06.407080,bike_73045
2025-12-11T11:01:06.932364,bike_75123
2025-12-11T11:01:10.909074,bike_67848
2025-12-11T11:01:12.629910,bike_50510
2025-12-11T05:01:09.861907,bike_43217
2025-12-11T11:01:09.870756,bike_60821
2025-12-10T17:01:05.438239,bike_89442
2025-12-11T11:01:15.513278,bike_88817
2025-12-11T11:01:13.193732,bike_12747
2025-12-11T11:01:08.104198,bike_03114
2025-12-11T11:01:16.364233,bike_80418
2025-12-11T11:01:10.333447,bike_52823
2025-12-11T11:01:09.184202,bike_00094
2025-12-11T11:01:10.844186,bike_09674
2025-12-10T23:01:08.788741,bike_62249
2025-12-11T11:01:12.413462,bike_88100
2025-12-11T11:01:11.173185,bike_52033
2025-12-11T11:01:11.830404,bike_73411
2025-12-11T11:01:07.591456,bike_56931
2025-12-11T11:01:16.290129,bike_71104
2025-12-11T11:01:07.604254,bike_58278
2025-12-10T23:01:09.675244,bike_60247
2025-12-11T11:01:13.413570,bike_88012
2025-12-11T11:01:16.024207,bike_88260
2025-12-11T11:01:11.024126,bike_74984
2025-12-11T11:01:06.864182,bike_60534
2025-12-11T11:01:14.353204,bike_78900
2025-12-11T11:01:13.631205,bike_63435
2025-12-11T11:01:14.449787,bike_76390
2025-12-11T11:01:14.584174,bike_88689
2025-12-11T11:01:12.944246,bike_73697
2025-12-11T11:01:16.272684,bike_42943
2025-12-11T11:01:06.570599,bike_44742
2025-12-10T05:01:02.494153,bike_71675
2025-12-11T05:01:10.308087,bike_44482
2025-12-11T11:01:12.131871,bike_19773
2025-12-11T11:01:08.050904,bike_46642
2025-12-11T11:01:14.884288,bike_47206
2025-12-11T11:01:09.010393,bike_79246
2025-12-10T05:01:05.951497,bike_47477
2025-12-05T23:01:11.671343,bike_15550
2025-12-10T23:01:11.234015,bike_68028
2025-12-11T11:01:16.384244,bike_88788
2025-12-11T11:01:07.312784,bike_17760
2025-12-11T11:01:14.632787,bike_62757
2025-12-11T11:01:11.851804,bike_85267
2025-12-11T11:01:16.873240,bike_17674
2025-12-11T11:01:06.344084,bike_80717
2025-12-11T11:01:11.953238,bike_21944
2025-12-11T11:01:07.452563,bike_47672
2025-12-11T11:01:16.272673,bike_57838
2025-12-10T17:01:05.140878,bike_89299
2025-12-11T11:01:14.884318,bike_72873
2025-12-11T11:01:12.204177,bike_41629
2025-12-11T11:01:06.531229,bike_56162
2025-12-11T11:01:13.951947,bike_85354
2025-12-11T11:01:15.153064,bike_72951
2025-12-11T05:01:09.670082,bike_57117
2025-12-11T11:01:12.533189,bike_71229
2025-12-11T11:01:16.272637,bike_71904
2025-12-11T05:01:11.250928,bike_88495
2025-12-11T11:01:07.384207,bike_52371
2025-12-11T11:01:11.012446,bike_76461
2025-12-07T11:01:10.510252,bike_77255
2025-12-11T11:01:16.051151,bike_88071
2025-12-11T11:01:08.064181,bike_26522
2025-12-11T11:01:11.204180,bike_44942
2025-12-11T05:01:02.451022,bike_75128
2025-12-11T11:01:14.104232,bike_81500
2025-12-11T11:01:06.090382,bike_89572
2025-12-11T11:01:07.479545,bike_71514
2025-12-11T11:01:13.571999,bike_75951
2025-12-11T11:01:08.732890,bike_75574
2025-12-11T11:01:16.299241,bike_76900
2025-12-11T11:01:16.905452,bike_46218
2025-12-11T11:01:07.024222,bike_72124
2025-12-11T11:01:16.010650,bike_74240
2025-12-11T11:01:14.449847,bike_74937
2025-12-11T11:01:11.944474,bike_07500
2025-12-11T11:01:06.544165,bike_88719
2025-12-11T11:01:15.490545,bike_07001
2025-12-11T11:01:07.070489,bike_89372
2025-12-11T05:01:13.150568,bike_74181
2025-12-11T11:01:08.504278,bike_17856
2025-12-11T11:01:12.791169,bike_08914
2025-12-11T11:01:14.544246,bike_72119
2025-12-11T11:01:13.390982,bike_70382
2025-12-11T11:01:14.070147,bike_78923
2025-12-11T11:01:07.124318,bike_77863
2025-12-11T11:01:06.553014,bike_80550
2025-12-08T11:01:04.851329,bike_74573
2025-12-11T11:01:10.544230,bike_67207
2025-12-11T11:01:10.930188,bike_24244
2025-12-11T11:01:08.290453,bike_58398
2025-12-11T11:01:16.471362,bike_61553
2025-12-11T11:01:12.612651,bike_21798
2025-12-02T23:01:06.703401,bike_71872
2025-12-11T11:01:09.912975,bike_44560
2025-12-11T11:01:09.732783,bike_74473
2025-12-11T11:01:06.531218,bike_78319
2025-12-11T11:01:11.303686,bike_24504
2025-12-09T17:01:13.953001,bike_46382
2025-12-11T11:01:09.711262,bike_51196
2025-12-11T11:01:13.572007,bike_82270
2025-12-11T11:01:16.224215,bike_50468
2025-12-11T11:01:14.432731,bike_89753
2025-12-11T11:01:08.064159,bike_68531
2025-12-11T11:01:16.170707,bike_09618
2025-12-10T23:01:10.724666,bike_74295
2025-12-11T11:01:15.290798,bike_68935
2025-12-11T11:01:16.393066,bike_08922
2025-12-11T11:01:07.244198,bike_42702
2025-12-11T11:01:06.270285,bike_88058
2025-12-11T11:01:15.944149,bike_68603
2025-12-11T11:01:12.904205,bike_61682
2025-12-04T05:01:10.792835,bike_71281
2025-11-30T11:01:12.406363,bike_74270
2025-12-11T05:01:13.630943,bike_15021
2025-12-11T11:01:09.332212,bike_51152
2025-12-11T11:01:09.170123,bike_16069
2025-12-11T11:01:05.984154,bike_46360
2025-12-11T11:01:13.653546,bike_52366
2025-12-11T11:01:10.653341,bike_88197
2025-12-06T05:01:02.605755,bike_46107
2025-12-11T11:01:15.224208,bike_52093
2025-12-11T11:01:10.755219,bike_78620
2025-12-11T11:01:15.593366,bike_00831
2025-12-11T11:01:09.431495,bike_21724
2025-12-11T11:01:15.984237,bike_77133
2025-12-06T05:01:08.891847,bike_48103
2025-12-05T05:01:14.525746,bike_79521
2025-12-11T11:01:13.253711,bike_55791
2025-12-11T11:01:13.544230,bike_75327
2025-12-11T11:01:12.504175,bike_60888
2025-12-01T23:01:09.072671,bike_67958
2025-12-11T11:01:14.910397,bike_76315
2025-12-11T11:01:06.544158,bike_56582
2025-12-11T11:01:12.484187,bike_51178
2025-12-11T11:01:07.092887,bike_80136
2025-12-11T11:01:14.984284,bike_47499
2025-12-02T05:01:08.555230,bike_77793
2025-12-11T05:01:08.047085,bike_82585
2025-12-11T11:01:12.724197,bike_79279
2025-12-11T11:01:08.552135,bike_18172
2025-12-11T11:01:14.649891,bike_03840
2025-12-11T11:01:06.292385,bike_22488
2025-12-11T11:01:14.031036,bike_43378
2025-12-11T11:01:09.773280,bike_44116
2025-12-11T11:01:16.010653,bike_13344
2025-12-11T11:01:06.144161,bike_03959
2025-12-11T11:01:08.630070,bike_51580
2025-12-11T11:01:11.653163,bike_45810
2025-12-11T11:01:13.964202,bike_43274
2025-12-07T11:01:07.399157,bike_80967
2025-12-11T11:01:08.670589,bike_76641
2025-12-11T11:01:15.311921,bike_89594
2025-12-10T17:01:07.498754,bike_76694
2025-12-01T17:01:14.618452,bike_67169
2025-12-11T11:01:10.464169,bike_75969
2025-12-11T11:01:06.993188,bike_85139
2025-12-09T23:01:14.463114,bike_88712
2025-12-11T11:01:13.924267,bike_63018
2025-12-11T11:01:08.711578,bike_69149
2025-12-11T11:01:14.193089,bike_46608
2025-12-11T11:01:06.130000,bike_55128
2025-12-11T11:01:08.630073,bike_50996
2025-12-11T11:01:13.127090,bike_24688
2025-12-11T11:01:13.973672,bike_23471
2025-12-11T11:01:09.831246,bike_58751
2025-12-11T11:01:08.433358,bike_46879
2025-12-11T11:01:15.504177,bike_88936
2025-12-11T11:01:09.332246,bike_52010
2025-12-11T11:01:09.912984,bike_67382
2025-12-11T11:01:09.844159,bike_55217
2025-12-11T11:01:10.311295,bike_50954
2025-12-11T11:01:09.453218,bike_79816
2025-12-11T11:01:08.133245,bike_71317
2025-12-11T11:01:12.733549,bike_50492
2025-12-11T11:01:09.831228,bike_60010
2025-12-11T11:01:09.724153,bike_76898
2025-12-11T11:01:07.304103,bike_09030
2025-12-11T11:01:11.490748,bike_44806
2025-12-11T11:01:11.744244,bike_23080
2025-12-11T11:01:06.731130,bike_50903
2025-12-11T05:01:09.887938,bike_46947
2025-12-11T05:01:06.810062,bike_81733
2025-12-11T11:01:16.573720,bike_50274
2025-12-11T11:01:06.384158,bike_17029
2025-12-11T11:01:07.190886,bike_76706
2025-12-11T11:01:16.504226,bike_88426
2025-12-11T11:01:14.070145,bike_22939
2025-12-10T17:01:09.500730,bike_74102
2025-12-11T11:01:10.131165,bike_60787
2025-12-11T11:01:13.211229,bike_71738
2025-12-11T11:01:10.909099,bike_45229
2025-12-11T11:01:06.064062,bike_20895
2025-12-11T11:01:12.830088,bike_88983
2025-12-11T11:01:11.769812,bike_80699
2025-12-10T11:01:03.638436,bike_26154
2025-12-10T11:01:07.340246,bike_24249
2025-12-11T11:01:06.486004,bike_07970
2025-12-11T11:01:16.072991,bike_88648
2025-12-11T11:01:06.932383,bike_50278
2025-12-11T11:01:07.312855,bike_43308
2025-12-11T05:01:09.010810,bike_44472
2025-12-11T11:01:15.311876,bike_62935
2025-12-11T11:01:11.432931,bike_46651
2025-12-11T11:01:08.050902,bike_56487
2025-12-11T11:01:11.872833,bike_10960
2025-12-11T11:01:06.691075,bike_70627
2025-12-11T11:01:06.713208,bike_09269
2025-12-11T11:01:10.173266,bike_80916
2025-12-07T17:01:11.207744,bike_55555
2025-12-11T11:01:12.190418,bike_23318
2025-12-11T11:01:12.172992,bike_81657
2025-12-11T05:01:05.288362,bike_45797
2025-12-03T11:01:12.520411,bike_68688
2025-12-11T11:01:16.824161,bike_46725
2025-12-11T11:01:07.784052,bike_50220
2025-12-11T11:01:12.390246,bike_15376
2025-12-11T11:01:06.744138,bike_03583
2025-12-11T11:01:14.449810,bike_76693
2025-12-11T11:01:11.752911,bike_81134
2025-12-11T11:01:13.470847,bike_24820
2025-12-11T11:01:06.504377,bike_46164
2025-12-11T11:01:07.053514,bike_67938
2025-12-11T11:01:13.084331,bike_60133
2025-12-11T11:01:14.264222,bike_51632
2025-12-05T17:01:09.613131,bike_43098
2025-12-11T11:01:13.391028,bike_01089
2025-12-03T11:01:04.241593,bike_71365
2025-12-11T11:01:09.193128,bike_61557
2025-12-03T23:01:13.980632,bike_33056
2025-12-11T11:01:07.573517,bike_69627
2025-12-01T11:01:09.853131,bike_74047
2025-12-11T11:01:15.373077,bike_46524
2025-12-11T11:01:15.850395,bike_47184
2025-12-11T11:01:10.324185,bike_16833
2025-12-11T11:01:10.571908,bike_70935
2025-12-11T11:01:06.494775,bike_13089
2025-12-10T11:01:04.062418,bike_47171
2025-12-11T11:01:12.692978,bike_51779
2025-12-11T11:01:16.033929,bike_71237
2025-12-11T11:01:06.210072,bike_52270
2025-12-11T05:01:05.462057,bike_75207
2025-11-28T05:01:48.370219,bike_77729
2025-12-11T11:01:15.904176,bike_79869
2025-12-11T05:01:10.748506,bike_89493
2025-12-11T11:01:16.490604,bike_88421
2025-12-11T11:01:10.584185,bike_77093
2025-12-11T11:01:11.464227,bike_78619
2025-12-11T11:01:07.393440,bike_56478
2025-12-11T11:01:15.750698,bike_46228
2025-12-11T11:01:09.504082,bike_63471
2025-12-11T11:01:15.033724,bike_08720
2025-12-09T05:01:05.708753,bike_78018
2025-12-11T11:01:14.473220,bike_47955
2025-12-11T11:01:13.644188,bike_03725
2025-12-11T11:01:09.232429,bike_76523
2025-12-08T23:01:07.586863,bike_62387
2025-12-11T11:01:13.293257,bike_74837
2025-12-11T11:01:11.864197,bike_45619
2025-12-11T11:01:12.864187,bike_46303
2025-12-11T11:01:10.571940,bike_44252
2025-12-11T11:01:10.930151,bike_52131
2025-12-11T11:01:12.984295,bike_04902
2025-12-11T11:01:12.230672,bike_20077
2025-12-11T11:01:09.604177,bike_78842
2025-12-11T11:01:16.905441,bike_44876
2025-12-11T11:01:12.114174,bike_05559
2025-12-11T11:01:15.610680,bike_45902
2025-12-11T11:01:09.553278,bike_04017
2025-12-09T11:01:03.339234,bike_80148
2025-12-11T11:01:09.073189,bike_53215
2025-12-11T11:01:13.364616,bike_51160
2025-12-11T05:01:04.768718,bike_57753
2025-12-11T11:01:08.573662,bike_24364
2025-12-11T11:01:12.629889,bike_89914
2025-12-11T11:01:09.332209,bike_51926
2025-12-11T11:01:12.944272,bike_75077
2025-12-11T11:01:14.910408,bike_47035
2025-12-11T11:01:13.071770,bike_71023
2025-12-11T11:01:11.791851,bike_02724
2025-12-11T11:01:15.513300,bike_76293
2025-12-11T11:01:16.613298,bike_79589
2025-11-27T18:03:50.305171,bike_79491
2025-12-11T11:01:13.753382,bike_11322
2025-12-11T11:01:10.584209,bike_46322
2025-12-11T11:01:13.924215,bike_72596
2025-12-11T11:01:05.993409,bike_41752
2025-12-11T11:01:10.464164,bike_88516
2025-12-11T05:01:08.576705,bike_02922
2025-12-11T11:01:16.752800,bike_45804
2025-12-11T11:01:11.724150,bike_74658
2025-12-11T11:01:12.413456,bike_77446
2025-12-11T11:01:12.573675,bike_18684
2025-12-11T05:01:13.468444,bike_89196
2025-12-11T11:01:13.644185,bike_77997
2025-12-11T11:01:14.853058,bike_75440
2025-12-11T11:01:13.489416,bike_73225
2025-12-11T11:01:11.064154,bike_52997
2025-12-11T11:01:13.711215,bike_17235
2025-12-11T11:01:15.451865,bike_88844
2025-12-11T11:01:09.144194,bike_51433
2025-12-11T11:01:16.113552,bike_46502
2025-12-11T11:01:13.973619,bike_71274
2025-12-11T11:01:11.889464,bike_47108
2025-12-11T11:01:15.364148,bike_02921
2025-12-10T17:01:05.211679,bike_81524
2025-12-11T11:01:08.774003,bike_80341
2025-12-11T11:01:15.984216,bike_68536
2025-12-11T11:01:15.073081,bike_53326
2025-12-11T11:01:09.170155,bike_79802
2025-12-11T11:01:10.010295,bike_47239
2025-12-11T11:01:15.090092,bike_06443
2025-12-11T11:01:14.251508,bike_73642
2025-12-11T11:01:09.453213,bike_16305
2025-12-11T11:01:08.970827,bike_19873
2025-12-11T11:01:14.044181,bike_67616
2025-12-11T05:01:05.550871,bike_88717
2025-12-06T11:01:08.152349,bike_22078
2025-12-11T11:01:14.704207,bike_71553
2025-12-11T11:01:15.904149,bike_77517
2025-12-11T11:01:05.843993,bike_15858
2025-12-11T05:01:05.550913,bike_46805
2025-12-11T11:01:16.691326,bike_19379
2025-12-11T11:01:15.404264,bike_51968
2025-12-11T11:01:16.744173,bike_44293
2025-12-11T11:01:10.230104,bike_15816
2025-12-11T11:01:09.353477,bike_03174
2025-12-11T11:01:10.790843,bike_16544
2025-12-11T11:01:10.864129,bike_88769
2025-12-11T05:01:09.529475,bike_81164
2025-12-11T11:01:15.859220,bike_73274
2025-12-11T11:01:06.210043,bike_69244
2025-12-07T17:01:03.616200,bike_88834
2025-12-11T11:01:09.232418,bike_62285
2025-12-11T11:01:10.984846,bike_51072
2025-12-11T11:01:15.073075,bike_77376
2025-12-11T11:01:09.010450,bike_68357
2025-12-11T11:01:07.824165,bike_75706
2025-12-11T11:01:10.284203,bike_45538
2025-12-11T11:01:06.913409,bike_52931
2025-12-09T11:01:10.119113,bike_73710
2025-12-11T11:01:10.173293,bike_75759
2025-12-11T11:01:15.090039,bike_46459
2025-12-11T11:01:15.750674,bike_80949
2025-12-11T11:01:14.424237,bike_61285
2025-12-11T11:01:16.591398,bike_71378
2025-12-11T11:01:08.204338,bike_89601
2025-12-10T17:01:04.680465,bike_71069
2025-12-11T05:01:04.608340,bike_78916
2025-12-11T11:01:12.390265,bike_77810
2025-12-11T11:01:14.070176,bike_23243
2025-12-11T05:01:10.890534,bike_57716
2025-12-11T05:01:09.287576,bike_77763
2025-12-05T11:01:10.522839,bike_43045
2025-12-11T11:01:09.512805,bike_23048
2025-12-11T11:01:16.072965,bike_46657
2025-12-11T11:01:12.971201,bike_45456
2025-12-11T11:01:16.364243,bike_51763
2025-12-11T11:01:14.324192,bike_86264
2025-12-11T11:01:05.933233,bike_43501
2025-12-03T23:01:13.431134,bike_77709
2025-12-11T11:01:07.384210,bike_69450
2025-12-11T11:01:15.904179,bike_77615
2025-12-11T11:01:11.050843,bike_82504
2025-12-11T11:01:12.144206,bike_05322
2025-12-11T11:01:13.521081,bike_16609
2025-12-11T05:01:04.549982,bike_40490
2025-12-11T11:01:12.390241,bike_69562
2025-12-11T11:01:07.630459,bike_67893
2025-12-11T11:01:07.330191,bike_23456
2025-12-11T11:01:14.692391,bike_81245
2025-12-11T11:01:16.364222,bike_04857
2025-12-09T17:01:11.095559,bike_89219
2025-12-11T05:01:03.801926,bike_16520
2025-12-11T11:01:06.570664,bike_47743
2025-12-11T11:01:14.424201,bike_79515
2025-12-11T11:01:09.064144,bike_09763
2025-12-11T11:01:14.683471,bike_80724
2025-12-11T11:01:08.944083,bike_45728
2025-12-11T11:01:16.591430,bike_74824
2025-12-11T11:01:16.471319,bike_46113
2025-12-11T11:01:12.284109,bike_53225
2025-12-11T11:01:11.533466,bike_67902
2025-12-11T11:01:13.324215,bike_70527
2025-12-11T11:01:14.432737,bike_80049
2025-12-11T11:01:17.052891,bike_47852
2025-12-11T11:01:07.393458,bike_72173
2025-12-11T11:01:12.453810,bike_52905
2025-12-10T17:01:04.151579,bike_05866
2025-12-11T11:01:08.024211,bike_80455
2025-12-09T17:01:12.068533,bike_69624
2025-12-11T11:01:11.912953,bike_77408
2025-12-11T11:01:11.432901,bike_05847
2025-12-11T11:01:16.850033,bike_53418
2025-12-11T05:01:09.296503,bike_55402
2025-12-11T11:01:05.950593,bike_63045
2025-12-08T17:01:04.451446,bike_43616
2025-12-10T17:01:04.597684,bike_85362
2025-12-11T11:01:16.533618,bike_88737
2025-12-07T17:01:08.837110,bike_61326
2025-12-11T11:01:10.024154,bike_44232
2025-12-11T11:01:14.491398,bike_69255
2025-12-07T11:01:07.939058,bike_44532
2025-12-11T11:01:06.170094,bike_45588
2025-12-11T11:01:10.909067,bike_72387
2025-12-11T11:01:10.333438,bike_88687
2025-12-11T11:01:08.852981,bike_86045
2025-12-11T11:01:12.173025,bike_55910
2025-12-06T23:01:15.305008,bike_37016
2025-12-11T11:01:13.244225,bike_22225
2025-12-11T11:01:13.684168,bike_89547
2025-12-11T11:01:14.744225,bike_08400
2025-12-11T11:01:09.953230,bike_37691
2025-12-11T11:01:12.372927,bike_46944
2025-12-05T23:01:14.239346,bike_62156
2025-12-11T11:01:16.224221,bike_08325
2025-12-11T11:01:07.851026,bike_85180
2025-12-11T11:01:06.913416,bike_08609
2025-12-08T17:01:03.661029,bike_11161
2025-12-11T11:01:07.304150,bike_89000
2025-12-11T11:01:16.973428,bike_80841
2025-12-11T11:01:13.604224,bike_50961
2025-12-11T11:01:09.431469,bike_85363
2025-12-11T11:01:11.912921,bike_44183
2025-12-11T11:01:13.584200,bike_78932
2025-12-11T11:01:09.570616,bike_44903
2025-12-11T11:01:07.393497,bike_89920
2025-12-11T11:01:06.744112,bike_45750
2025-12-11T11:01:09.892539,bike_57255
2025-12-11T11:01:12.944205,bike_45826
2025-12-11T11:01:08.173786,bike_53401
2025-12-11T11:01:09.711265,bike_70212
2025-12-11T11:01:07.424149,bike_43704
2025-12-11T11:01:16.664192,bike_21923
2025-12-11T11:01:06.424132,bike_75516
2025-12-11T11:01:12.684211,bike_43649
2025-12-11T11:01:16.332968,bike_80749
2025-12-11T11:01:16.090136,bike_57277
2025-12-10T23:01:06.988735,bike_78537
2025-12-11T11:01:14.504206,bike_69143
2025-12-11T11:01:14.964254,bike_60815
2025-12-10T17:01:01.459068,bike_51094
2025-12-11T11:01:08.564340,bike_76378
2025-12-11T11:01:13.084337,bike_44944
2025-12-11T05:01:05.210044,bike_60081
2025-12-11T11:01:11.113296,bike_17463
2025-12-11T11:01:16.184177,bike_67413
2025-12-11T11:01:08.024208,bike_62527
2025-12-11T11:01:09.104230,bike_73169
2025-12-03T17:01:05.704865,bike_77172
2025-12-11T11:01:10.544192,bike_89993
2025-12-11T11:01:15.820017,bike_08384
2025-12-11T11:01:16.193519,bike_77502
2025-12-11T11:01:16.393135,bike_70400
2025-12-11T11:01:17.000103,bike_25158
2025-12-07T11:01:12.666523,bike_77544
2025-12-11T11:01:15.373106,bike_75068
2025-12-11T11:01:13.480022,bike_73931
2025-12-11T11:01:12.913197,bike_17353
2025-12-10T17:01:07.300751,bike_58254
2025-12-11T11:01:10.033355,bike_22219
2025-12-11T11:01:09.804059,bike_47888
2025-12-11T11:01:10.270386,bike_44879
2025-12-11T11:01:16.784125,bike_43431
2025-12-11T11:01:13.452731,bike_60636
2025-12-02T05:01:11.957073,bike_76191
2025-12-11T11:01:12.114187,bike_50512
2025-12-11T11:01:12.050613,bike_73975
2025-12-11T11:01:10.243564,bike_73473
2025-12-11T11:01:17.000077,bike_75357
2025-11-28T05:01:41.930174,bike_42528
2025-12-11T11:01:11.752862,bike_89905
2025-12-11T11:01:16.193489,bike_42976
2025-12-11T11:01:08.273267,bike_78011
2025-12-11T05:01:02.468281,bike_43076
2025-12-11T11:01:10.144259,bike_43269
2025-12-11T11:01:14.409963,bike_44323
2025-12-11T11:01:16.990899,bike_44211
2025-12-11T11:01:10.311306,bike_61124
2025-12-09T17:01:09.228207,bike_47906
2025-12-11T11:01:06.544119,bike_77813
2025-12-11T11:01:15.544196,bike_45641
2025-12-11T11:01:14.272970,bike_51825
2025-12-09T05:01:06.385699,bike_44751
2025-12-03T11:01:04.271912,bike_36974
2025-12-11T11:01:10.010323,bike_24116
2025-12-11T11:01:07.753748,bike_55706
2025-12-11T11:01:13.184262,bike_08587
2025-12-11T11:01:16.990907,bike_80859
2025-12-11T05:01:10.681866,bike_70349
2025-12-11T11:01:15.073062,bike_68950
2025-12-11T11:01:10.531081,bike_67803
2025-12-11T11:01:07.523780,bike_47375
2025-12-09T23:01:11.203115,bike_29094
2025-12-11T11:01:09.604204,bike_80428
2025-12-11T11:01:14.584222,bike_89495
2025-12-11T11:01:08.191311,bike_75260
2025-12-11T11:01:12.413444,bike_05498
2025-12-11T11:01:12.890586,bike_85220
2025-12-11T11:01:13.391038,bike_89602
2025-12-11T11:01:14.264230,bike_17563
2025-12-11T11:01:10.390903,bike_80219
2025-12-11T11:01:13.511655,bike_24099
2025-12-11T11:01:12.492725,bike_25637
2025-12-11T11:01:11.889495,bike_10085
2025-12-11T11:01:09.604227,bike_81681
2025-12-11T11:01:12.213306,bike_18290
2025-12-11T11:01:10.164189,bike_67366
2025-12-11T11:01:16.064194,bike_70667
2025-12-11T11:01:15.413316,bike_23916
2025-12-11T11:01:14.692399,bike_73689
2025-12-11T11:01:05.968609,bike_89324
2025-12-11T11:01:16.433545,bike_75343
2025-12-11T11:01:12.244216,bike_12799
2025-12-11T11:01:16.364191,bike_42969
2025-12-11T11:01:16.613249,bike_44933
2025-12-11T11:01:17.070149,bike_50917
2025-12-11T11:01:09.953302,bike_78739
2025-12-05T23:01:04.879097,bike_61560
2025-12-11T11:01:12.190411,bike_75279
2025-12-11T11:01:05.993424,bike_12356
2025-12-11T11:01:16.433503,bike_52009
2025-12-06T05:01:08.516346,bike_26090
2025-12-11T11:01:16.104100,bike_71807
2025-12-11T11:01:13.684221,bike_59101
2025-12-11T11:01:11.604205,bike_05285
2025-12-11T05:01:08.421940,bike_57046
2025-11-29T17:01:08.891914,bike_75913
2025-12-11T11:01:15.251794,bike_71405
2025-11-28T17:01:11.963916,bike_63535
2025-12-11T11:01:09.073184,bike_47494
2025-12-11T11:01:12.131864,bike_68447
2025-12-11T11:01:14.224173,bike_10156
2025-12-11T11:01:06.393123,bike_78101
2025-12-11T11:01:10.294031,bike_67799
2025-12-02T23:01:13.481489,bike_60158
2025-12-11T11:01:08.904123,bike_72348
2025-12-11T11:01:07.365410,bike_04216
2025-12-11T11:01:12.564175,bike_44044
2025-12-11T11:01:11.410583,bike_77119
2025-12-11T11:01:14.251483,bike_70070
2025-12-11T11:01:14.910359,bike_77914
2025-12-11T11:01:16.591414,bike_74725
2025-12-11T11:01:09.993123,bike_62858
2025-12-11T11:01:15.904171,bike_75286
2025-12-11T11:01:07.190878,bike_75402
2025-12-11T11:01:09.404208,bike_20070
2025-12-11T11:01:06.477020,bike_46548
2025-12-11T11:01:06.193058,bike_70265
2025-12-11T11:01:16.312487,bike_50473
2025-12-11T11:01:11.670343,bike_38992
2025-12-11T11:01:15.224223,bike_08022
2025-12-11T11:01:06.633180,bike_73343
2025-12-11T05:01:08.550880,bike_71483
2025-12-11T11:01:09.530373,bike_89423
2025-12-11T05:01:13.411516,bike_25571
2025-12-11T05:01:06.468458,bike_61837
2025-12-11T11:01:09.224180,bike_22864
2025-12-11T11:01:11.173219,bike_43965
2025-12-10T05:01:03.411686,bike_62457
2025-12-11T11:01:09.631219,bike_80501
2025-12-11T11:01:08.371160,bike_22148
2025-12-11T11:01:08.433368,bike_67146
2025-12-11T11:01:13.875639,bike_75580
2025-12-04T17:01:07.851382,bike_80551
2025-12-11T11:01:11.473200,bike_46664
2025-12-11T11:01:10.571897,bike_70580
2025-12-11T11:01:06.073011,bike_75161
2025-12-11T11:01:16.364198,bike_46698
2025-12-11T11:01:16.810296,bike_81893
2025-12-11T11:01:09.953260,bike_52646
2025-12-11T11:01:12.453831,bike_43865
2025-12-11T11:01:13.284168,bike_16771
2025-12-11T05:01:12.501999,bike_60131
2025-12-11T11:01:16.644250,bike_61485
2025-12-11T05:01:08.038277,bike_71080
2025-12-11T11:01:07.712111,bike_00244
2025-12-11T11:01:13.244212,bike_61399
2025-12-11T11:01:15.144151,bike_75222
2025-12-11T05:01:04.841978,bike_68448
2025-12-11T11:01:16.564218,bike_44640
2025-12-11T11:01:11.204129,bike_67995
2025-12-11T05:01:08.311240,bike_88633
2025-12-11T11:01:06.224113,bike_80356
2025-12-11T11:01:06.129978,bike_62153
2025-12-11T11:01:07.864207,bike_69016
2025-12-11T11:01:15.113996,bike_02685
2025-12-11T11:01:16.272631,bike_78730
2025-12-11T11:01:15.131038,bike_70495
2025-12-11T11:01:12.984310,bike_76283
2025-12-11T11:01:15.010914,bike_18152
2025-12-07T17:01:09.796834,bike_68727
2025-12-08T23:01:12.084161,bike_63172
2025-11-28T11:01:29.723722,bike_44995
2025-12-11T11:01:07.890114,bike_61470
2025-12-09T23:01:10.151761,bike_47431
2025-12-11T11:01:15.131073,bike_89545
2025-12-11T11:01:09.344182,bike_81636
2025-12-11T11:01:08.953424,bike_44782
2025-12-11T11:01:11.064216,bike_17311
2025-12-11T11:01:11.684196,bike_77971
2025-12-11T11:01:06.731143,bike_52744
2025-12-11T11:01:16.784138,bike_74217
2025-12-11T11:01:07.630467,bike_69126
2025-12-11T11:01:07.084156,bike_77541
2025-12-11T11:01:15.184188,bike_51987
2025-12-09T17:01:12.823551,bike_68398
2025-12-10T23:01:09.734405,bike_72551
2025-12-11T05:01:09.901923,bike_70417
2025-12-11T11:01:15.224169,bike_02662
2025-12-11T11:01:16.914551,bike_43392
2025-12-11T11:01:14.184179,bike_02517
2025-12-07T17:01:08.173530,bike_43388
2025-12-11T11:01:16.433519,bike_78052
2025-12-11T11:01:12.024192,bike_61696
2025-12-01T11:01:06.624041,bike_79113
2025-12-11T05:01:06.681370,bike_69124
2025-12-11T11:01:16.613281,bike_24588
2025-12-11T11:01:12.709847,bike_52207
2025-12-11T11:01:15.051060,bike_57110
2025-12-11T11:01:11.889467,bike_53402
2025-12-11T11:01:15.890043,bike_57786
2025-12-11T11:01:15.210127,bike_67113
2025-12-11T11:01:08.852986,bike_43016
2025-12-11T11:01:06.624172,bike_72139
2025-12-11T11:01:06.984215,bike_53176
2025-12-07T11:01:09.478906,bike_12972
2025-12-11T11:01:07.053477,bike_03991
2025-12-11T11:01:12.692934,bike_73759
2025-12-11T11:01:08.870203,bike_50161
2025-12-08T17:01:12.045259,bike_55899
2025-12-11T11:01:12.890639,bike_01734
2025-12-11T11:01:14.272973,bike_51706
2025-12-11T11:01:08.891802,bike_77399
2025-12-11T11:01:11.992873,bike_68660
2025-12-11T11:01:16.144203,bike_80120
2025-12-11T11:01:16.024150,bike_85331
2025-12-11T11:01:11.290424,bike_51548
2025-12-11T11:01:15.610685,bike_89623
2025-12-11T11:01:11.264196,bike_89972
2025-12-09T17:01:08.908064,bike_19452
2025-12-11T11:01:07.890122,bike_78453
2025-12-11T11:01:12.550698,bike_78074
2025-12-11T11:01:08.512907,bike_08727
2025-12-11T11:01:10.584174,bike_47148
2025-12-08T05:01:11.286163,bike_02033
2025-12-10T23:01:15.277495,bike_75999
2025-12-11T11:01:06.584165,bike_78707
2025-12-11T11:01:14.831197,bike_62870
2025-12-09T05:01:11.461635,bike_58050
2025-12-11T11:01:12.350659,bike_85091
2025-12-11T11:01:09.113076,bike_51237
2025-12-11T11:01:10.944130,bike_63698
2025-12-11T11:01:08.232185,bike_77306
2025-12-11T11:01:11.524218,bike_51698
2025-12-11T11:01:09.273352,bike_61039
2025-12-11T11:01:10.584190,bike_52264
2025-12-11T11:01:12.873260,bike_85197
2025-12-11T11:01:13.521064,bike_30245
2025-12-11T11:01:16.433530,bike_61737
2025-11-30T11:01:05.585784,bike_72833
2025-12-11T11:01:14.730595,bike_88332
2025-12-11T11:01:14.553288,bike_81890
2025-12-11T11:01:16.153402,bike_71785
2025-12-11T11:01:06.292431,bike_45385
2025-12-08T11:01:05.571244,bike_47374
2025-12-11T11:01:10.474992,bike_17289
2025-12-11T11:01:13.684229,bike_77726
2025-12-11T11:01:07.292117,bike_43183
2025-12-11T11:01:15.464218,bike_15247
2025-12-11T05:01:08.422005,bike_55055
2025-12-11T11:01:15.464196,bike_79845
2025-12-11T11:01:13.604219,bike_45123
2025-12-11T11:01:09.653335,bike_46197
2025-12-11T11:01:10.433582,bike_44997
2025-12-11T11:01:07.424164,bike_52492
2025-12-09T05:01:06.785511,bike_89114
2025-12-02T23:01:09.544557,bike_81770
2025-12-11T11:01:09.644195,bike_07558
2025-12-11T11:01:07.424109,bike_56050
2025-12-11T05:01:08.191153,bike_79058
2025-12-11T11:01:16.973484,bike_70707
2025-12-11T11:01:10.324180,bike_50176
2025-12-11T11:01:09.684146,bike_73329
2025-12-11T11:01:06.313017,bike_20121
2025-12-11T11:01:10.531070,bike_55352
2025-12-11T11:01:10.764079,bike_42541
2025-12-11T11:01:15.064206,bike_80355
2025-12-11T11:01:16.890673,bike_68493
2025-12-11T11:01:10.451445,bike_78430
2025-12-11T11:01:12.864215,bike_19911
2025-12-11T11:01:08.314125,bike_16024
2025-12-11T11:01:15.234012,bike_72647
2025-12-11T11:01:11.970365,bike_25665
2025-12-11T11:01:06.984189,bike_51159
2025-12-03T17:01:07.813469,bike_85134
2025-12-11T11:01:14.670939,bike_69654
2025-12-11T11:01:07.164158,bike_89484
2025-12-11T11:01:11.353134,bike_81730
2025-12-11T11:01:08.970805,bike_08518
2025-12-11T11:01:13.153243,bike_52545
2025-12-11T11:01:07.344224,bike_44727
2025-12-11T11:01:06.531276,bike_69042
2025-12-11T11:01:15.930253,bike_50197
2025-12-11T11:01:08.410950,bike_80251
2025-12-11T11:01:16.784117,bike_17745
2025-12-08T17:01:12.022287,bike_67757
2025-12-08T23:01:14.146395,bike_61571
2025-12-11T11:01:08.164195,bike_89443
2025-12-11T11:01:10.364169,bike_60887
2025-12-11T11:01:14.224186,bike_78738
2025-12-11T11:01:16.250985,bike_62455
2025-12-11T11:01:15.859215,bike_16768
2025-12-11T11:01:06.352915,bike_89325
2025-12-11T11:01:11.113298,bike_08661
2025-12-11T11:01:10.270442,bike_88503
2025-12-11T11:01:09.693417,bike_73340
2025-12-03T17:01:05.624849,bike_09306
2025-12-11T11:01:16.973446,bike_43624
2025-12-11T11:01:12.653031,bike_72771
2025-12-11T11:01:14.924135,bike_52476
2025-12-11T11:01:10.890948,bike_11440
2025-12-11T11:01:10.873401,bike_51762
2025-12-11T11:01:09.384175,bike_88558
2025-12-11T05:01:10.681915,bike_80342
2025-12-08T23:01:09.486325,bike_08437
2025-12-11T11:01:10.413571,bike_62655
2025-12-11T11:01:09.892574,bike_61151
2025-12-06T11:01:11.878106,bike_67513
2025-12-11T11:01:06.913360,bike_52095
2025-12-11T11:01:08.804156,bike_46023
2025-12-11T11:01:12.244244,bike_81498
2025-12-11T11:01:09.773285,bike_43487
2025-12-11T11:01:09.944164,bike_09799
2025-12-11T11:01:11.124156,bike_89458
2025-12-11T11:01:08.024180,bike_79061
2025-12-11T11:01:16.384295,bike_61714
2025-12-11T11:01:08.604186,bike_67793
2025-12-11T11:01:16.324182,bike_63263
2025-12-11T11:01:09.553307,bike_43436
2025-12-11T11:01:09.604235,bike_50529
2025-12-11T11:01:12.733577,bike_11896
2025-12-11T05:01:10.811310,bike_71541
2025-12-11T11:01:11.151232,bike_73438
2025-12-11T11:01:11.864159,bike_86100
2025-12-11T11:01:09.930921,bike_52571
2025-12-11T11:01:09.970540,bike_73296
2025-12-11T11:01:06.210046,bike_63396
2025-12-11T11:01:12.524170,bike_47721
2025-12-11T11:01:14.013710,bike_70613
2025-12-11T11:01:12.844198,bike_67965
2025-12-11T11:01:14.609893,bike_47046
2025-12-11T11:01:16.691313,bike_81149
2025-12-11T11:01:07.533073,bike_70582
2025-12-11T11:01:15.711629,bike_78224
2025-12-06T17:01:06.137533,bike_02339
2025-12-11T11:01:11.644217,bike_85022
2025-12-11T11:01:12.953302,bike_88340
2025-12-11T11:01:07.591427,bike_46522
2025-12-11T11:01:10.173264,bike_77289
2025-12-11T11:01:08.133294,bike_73457
2025-12-11T11:01:06.393105,bike_89518
2025-12-11T11:01:11.073412,bike_53036
2025-12-11T11:01:05.924264,bike_76880
2025-12-11T11:01:13.054167,bike_52094
2025-12-11T11:01:07.084159,bike_77024
2025-12-11T11:01:07.833383,bike_77268
2025-12-11T11:01:14.632782,bike_22799
2025-12-11T11:01:09.064147,bike_07491
2025-12-11T05:01:08.790708,bike_46666
2025-12-11T05:01:13.468439,bike_63049
2025-12-11T11:01:11.604221,bike_70089
2025-12-11T11:01:11.213457,bike_89472
2025-12-11T11:01:07.550563,bike_00464
2025-12-11T11:01:10.644122,bike_44627
2025-12-11T11:01:12.190442,bike_50878
2025-12-11T11:01:14.344214,bike_82872
2025-12-11T11:01:13.530664,bike_57654
2025-12-10T17:01:07.371698,bike_57018
2025-12-11T11:01:14.951909,bike_57439
2025-12-11T11:01:07.724937,bike_85463
2025-12-11T11:01:13.631190,bike_75316
2025-12-10T17:01:00.503727,bike_71569
2025-12-11T11:01:08.844185,bike_76511
2025-12-11T11:01:07.510775,bike_53284
2025-12-10T23:01:07.706044,bike_62241
2025-12-04T17:01:13.931430,bike_79010
2025-12-11T11:01:16.914563,bike_89293
2025-12-11T11:01:15.090058,bike_85176
2025-12-11T05:01:08.681943,bike_81100
2025-12-11T11:01:12.751755,bike_73517
2025-12-11T11:01:11.164237,bike_46919
2025-12-11T05:01:03.161987,bike_78826
2025-12-11T11:01:06.624138,bike_45169
2025-12-11T05:01:12.601887,bike_63903
2025-12-09T17:01:10.298771,bike_78142
2025-12-11T11:01:12.492733,bike_50534
2025-12-11T05:01:04.869005,bike_69216
2025-12-11T05:01:05.591044,bike_88362
2025-12-11T11:01:14.744193,bike_68213
2025-12-11T11:01:14.224147,bike_57754
2025-12-11T11:01:08.891828,bike_85398
2025-12-11T11:01:06.824144,bike_80613
2025-12-06T17:01:10.924992,bike_35732
2025-12-11T11:01:08.332016,bike_63491
2025-12-11T11:01:06.144145,bike_70589
2025-12-11T11:01:14.679334,bike_17462
2025-12-11T11:01:10.010287,bike_68860
2025-12-11T11:01:05.924249,bike_17303
2025-12-11T11:01:12.953296,bike_89917
2025-12-11T11:01:14.544214,bike_73718
2025-12-11T11:01:16.193504,bike_50703
2025-12-11T11:01:06.592745,bike_70461
2025-12-11T11:01:16.973459,bike_03626
2025-12-11T11:01:09.244147,bike_25326
2025-12-11T11:01:12.604048,bike_13125
2025-12-11T05:01:04.631327,bike_71759
2025-12-11T11:01:11.133325,bike_11025
2025-12-11T11:01:11.590673,bike_89991
2025-12-11T11:01:15.820022,bike_76435
2025-12-11T11:01:15.670809,bike_82280
2025-12-11T11:01:15.859218,bike_62818
2025-12-11T11:01:12.953275,bike_80462
2025-12-11T11:01:16.630948,bike_19440
2025-12-11T11:01:12.724210,bike_50502
2025-12-07T11:01:10.987475,bike_89851
2025-12-11T11:01:10.764087,bike_56345
2025-12-11T11:01:13.684226,bike_85511
2025-12-02T17:01:07.601006,bike_69071
2025-12-11T11:01:09.970518,bike_55076
2025-12-11T11:01:16.591437,bike_88845
2025-12-11T11:01:10.413600,bike_58174
2025-12-11T11:01:13.724251,bike_47111
2025-12-11T05:01:11.370977,bike_67656
2025-12-11T11:01:09.553286,bike_46508
2025-12-11T11:01:08.512910,bike_43042
2025-12-11T11:01:08.750008,bike_74745
2025-12-11T11:01:08.564408,bike_80979
2025-12-11T11:01:10.930146,bike_74520
2025-12-11T05:01:03.381915,bike_26110
2025-12-04T23:01:09.991228,bike_71787
2025-12-11T11:01:06.944222,bike_79519
2025-12-11T05:01:09.488350,bike_77227
2025-11-30T17:01:04.671770,bike_77981
2025-12-11T11:01:11.889469,bike_45067
2025-12-02T05:01:08.755955,bike_47047
2025-12-11T11:01:11.424156,bike_78659
2025-12-11T11:01:12.010506,bike_77829
2025-12-11T11:01:09.332217,bike_74111
2025-12-11T11:01:14.170706,bike_52766
2025-12-11T11:01:15.051040,bike_10711
2025-12-11T11:01:13.153265,bike_00509
2025-12-11T11:01:08.870179,bike_70518
2025-12-11T05:01:12.831013,bike_60305
2025-12-11T11:01:16.573724,bike_43852
2025-12-11T11:01:09.750257,bike_73578
2025-12-11T11:01:16.769768,bike_75492
2025-12-11T11:01:08.512927,bike_89300
2025-12-11T11:01:10.755241,bike_72473
2025-12-11T11:01:12.791167,bike_42985
2025-12-11T11:01:15.234003,bike_78176
2025-12-11T11:01:08.314081,bike_72997
2025-12-11T11:01:11.244182,bike_88391
2025-12-11T11:01:14.683444,bike_57628
2025-11-29T11:01:06.154180,bike_70718
2025-12-11T11:01:07.913142,bike_00251
2025-12-11T11:01:11.851832,bike_62623
2025-12-11T11:01:16.752839,bike_42997
2025-12-11T11:01:14.744184,bike_48080
2025-12-11T11:01:09.530337,bike_16380
2025-12-04T17:01:07.764731,bike_56138
2025-12-11T11:01:11.992840,bike_70216
2025-12-11T11:01:06.704190,bike_74938
2025-12-11T11:01:12.444169,bike_12829
2025-12-11T11:01:13.604256,bike_80627
2025-12-11T11:01:15.451892,bike_46207
2025-12-11T05:01:03.767957,bike_89674
2025-12-11T11:01:08.930821,bike_04096
2025-12-11T11:01:10.790804,bike_88301
2025-12-11T11:01:13.244243,bike_24776
2025-12-11T11:01:06.944209,bike_46852
2025-12-11T11:01:08.344168,bike_51877
2025-12-11T11:01:12.692962,bike_89616
2025-12-11T11:01:08.473454,bike_45716
2025-12-11T11:01:08.992855,bike_09234
2025-12-11T11:01:11.564067,bike_75899
2025-12-11T11:01:06.984205,bike_81738
2025-12-11T11:01:12.190392,bike_76090
2025-12-11T11:01:10.024125,bike_67957
2025-11-28T17:01:07.715946,bike_16438
2025-12-11T11:01:10.610573,bike_75682
2025-12-11T11:01:10.813655,bike_79773
2025-12-07T17:01:03.807546,bike_88480
2025-12-11T11:01:06.292452,bike_81858
2025-12-11T11:01:14.344219,bike_36757
2025-12-11T11:01:06.090356,bike_78811
2025-12-11T11:01:14.264185,bike_75224
2025-12-11T11:01:08.573629,bike_07793
2025-12-11T05:01:06.051114,bike_78596
2025-12-10T17:01:04.760780,bike_31342
2025-12-07T17:01:04.593150,bike_85127
2025-12-11T11:01:13.964214,bike_57004
2025-12-10T17:01:01.642448,bike_63941
2025-12-11T11:01:16.824144,bike_80062
2025-12-11T11:01:10.413603,bike_08998
2025-12-11T11:01:14.892994,bike_69004
2025-12-11T11:01:12.733552,bike_46138
2025-12-11T11:01:16.604301,bike_79834
2025-12-06T17:01:07.466116,bike_69602
2025-12-11T11:01:09.129957,bike_77509
2025-12-11T11:01:12.484164,bike_67846
2025-12-01T17:01:14.556893,bike_50992
2025-12-10T23:01:05.415389,bike_51977
2025-12-02T05:01:07.109731,bike_69427
2025-12-11T11:01:15.413280,bike_89562
2025-12-11T11:01:06.913381,bike_07756
2025-12-11T11:01:13.511647,bike_55947
2025-12-11T11:01:10.252940,bike_68059
2025-12-08T23:01:12.517730,bike_77526
2025-12-11T11:01:17.000085,bike_89253
2025-12-09T05:01:07.351055,bike_46809
2025-12-11T11:01:14.091724,bike_85317
2025-12-11T11:01:07.913180,bike_85189
2025-12-08T05:01:12.121078,bike_62926
2025-12-11T11:01:15.733443,bike_79476
2025-12-11T11:01:07.432919,bike_47913
2025-12-11T11:01:06.344089,bike_03274
2025-12-11T11:01:10.433567,bike_89364
2025-12-11T11:01:11.290457,bike_23288
2025-12-11T11:01:12.190452,bike_45763
2025-12-09T05:01:12.423953,bike_50395
2025-12-11T11:01:08.984188,bike_15299
2025-12-11T11:01:13.111235,bike_62427
2025-12-11T11:01:16.184197,bike_68878
2025-12-11T05:01:13.468401,bike_10521
2025-12-11T11:01:06.850004,bike_85375
2025-12-11T11:01:07.365438,bike_02952
2025-12-11T11:01:11.490719,bike_79256
2025-12-11T05:01:05.471429,bike_82227
2025-12-11T11:01:14.844193,bike_20735
2025-12-11T11:01:09.544209,bike_70446
2025-12-11T11:01:06.873143,bike_23666
2025-12-11T11:01:10.230063,bike_81641
2025-12-11T11:01:15.724176,bike_89282
2025-12-11T11:01:11.213420,bike_53175
2025-12-07T17:01:06.103489,bike_69032
2025-12-11T11:01:08.033389,bike_47161
2025-12-11T11:01:08.133223,bike_43358
2025-12-11T05:01:05.367832,bike_77366
2025-12-11T11:01:12.213352,bike_55441
2025-12-11T11:01:07.411180,bike_03188
2025-12-11T11:01:10.424243,bike_55868
2025-12-11T11:01:11.290421,bike_17691
2025-12-11T11:01:15.530803,bike_53278
2025-12-11T11:01:11.912942,bike_05064
2025-12-11T11:01:12.971172,bike_52474
2025-12-11T11:01:08.630078,bike_46031
2025-12-11T11:01:10.772861,bike_76573
2025-12-11T11:01:12.844206,bike_79541
2025-12-11T11:01:11.752918,bike_44230
2025-12-11T11:01:13.934262,bike_44964
2025-12-11T11:01:13.991195,bike_76212
2025-12-11T11:01:13.884543,bike_22994
2025-12-11T11:01:14.464141,bike_50199
2025-12-11T11:01:11.432878,bike_51996
2025-12-11T11:01:14.344222,bike_71186
2025-12-11T11:01:10.212902,bike_74368
2025-12-11T11:01:09.332266,bike_71929
2025-12-11T11:01:08.613014,bike_22897
2025-12-10T17:01:06.853147,bike_72381
2025-12-01T23:01:10.114083,bike_72930
2025-12-11T11:01:11.392916,bike_59099
2025-12-10T11:01:07.752818,bike_85301
2025-12-11T11:01:13.344195,bike_77144
2025-12-11T11:01:15.693731,bike_78202
2025-12-11T11:01:15.490528,bike_74219
2025-12-11T11:01:08.870169,bike_72860
2025-12-11T11:01:15.584178,bike_05657
2025-12-11T11:01:14.624140,bike_50879
2025-12-11T11:01:16.905444,bike_86049
2025-12-11T11:01:08.504231,bike_52976
2025-12-11T11:01:10.474965,bike_76954
2025-12-11T11:01:09.492608,bike_19462
2025-12-11T11:01:12.492686,bike_79066
2025-12-11T11:01:14.844183,bike_75575
2025-12-11T11:01:15.724196,bike_37085
2025-12-09T17:01:10.354667,bike_68973
2025-12-11T11:01:14.233983,bike_62756
2025-12-11T11:01:10.864126,bike_53052
2025-12-11T11:01:14.272932,bike_20986
2025-12-11T11:01:16.312493,bike_78071
2025-12-11T11:01:10.844181,bike_58526
2025-12-11T11:01:14.513391,bike_68364
2025-12-09T05:01:06.250239,bike_09340
2025-12-11T11:01:10.294078,bike_70317
2025-12-11T11:01:16.752798,bike_71256
2025-12-10T23:01:15.222690,bike_73359
2025-12-11T11:01:07.312803,bike_08986
2025-12-11T11:01:12.244211,bike_52430
2025-12-11T11:01:08.304280,bike_78043
2025-12-01T23:01:12.392348,bike_70841
2025-12-11T11:01:12.953313,bike_63562
2025-12-11T11:01:11.050797,bike_56842
2025-12-11T11:01:06.944203,bike_12039
2025-12-11T05:01:08.141944,bike_88993
2025-12-11T11:01:10.324214,bike_43281
2025-12-11T11:01:09.470439,bike_77442
2025-12-11T11:01:15.114030,bike_51568
2025-12-11T11:01:10.492474,bike_43230
2025-12-11T05:01:09.181927,bike_71132
2025-12-11T11:01:11.450437,bike_78583
2025-12-11T11:01:09.010447,bike_51629
2025-12-11T11:01:07.230411,bike_50441
2025-12-04T17:01:10.170813,bike_67921
2025-12-11T11:01:14.409938,bike_75452
2025-12-11T11:01:16.664267,bike_82564
2025-12-11T11:01:15.144190,bike_03847
2025-12-11T11:01:15.584228,bike_04920
2025-12-11T05:01:09.361890,bike_89750
2025-12-11T11:01:07.712117,bike_55339
2025-12-11T11:01:16.973464,bike_46649
2025-12-11T11:01:12.593646,bike_81143
2025-12-09T17:01:11.095522,bike_79103
2025-12-11T11:01:16.824151,bike_56009
2025-12-11T11:01:16.630999,bike_60394
2025-12-02T23:01:10.502574,bike_55102
2025-12-09T17:01:10.145627,bike_75514
2025-12-11T11:01:14.310054,bike_74669
2025-12-11T11:01:07.150157,bike_19932
2025-12-11T05:01:09.321909,bike_80025
2025-12-11T11:01:07.930173,bike_24470
2025-12-11T11:01:09.314459,bike_81802
2025-12-11T11:01:10.684144,bike_80868
2025-12-11T11:01:13.480043,bike_00104
2025-12-11T11:01:14.884300,bike_20942
2025-12-11T11:01:11.524228,bike_55215
2025-12-11T11:01:10.173298,bike_55437
2025-12-11T11:01:12.444146,bike_44225
2025-12-11T11:01:13.211237,bike_72301
2025-12-11T11:01:11.353181,bike_03996
2025-12-11T11:01:06.664167,bike_79003
2025-12-11T11:01:06.984161,bike_52245
2025-12-01T17:01:08.726004,bike_26270
2025-12-01T05:01:05.204109,bike_75205
2025-12-11T05:01:13.428982,bike_63642
2025-12-11T11:01:12.244193,bike_74215
2025-12-11T11:01:14.892975,bike_89162
2025-12-11T05:01:04.711391,bike_70765
2025-12-11T11:01:16.613271,bike_72975
2025-12-11T11:01:09.970551,bike_52431
2025-12-11T11:01:07.312837,bike_08095
2025-12-11T11:01:11.164199,bike_79478
2025-12-11T11:01:11.912945,bike_78991
2025-12-11T11:01:10.632226,bike_25606
2025-12-11T11:01:08.411019,bike_44883
2025-11-28T11:01:26.703834,bike_82309
2025-12-11T11:01:16.890714,bike_73076
2025-12-08T17:01:04.565164,bike_11597
2025-12-09T17:01:12.885090,bike_62485
2025-12-11T05:01:09.763912,bike_52773
2025-12-11T11:01:09.290954,bike_58979
2025-12-11T11:01:14.193086,bike_73460
2025-12-11T11:01:14.570981,bike_74285
2025-12-03T17:01:05.571101,bike_44488
2025-12-11T11:01:06.072998,bike_50567
2025-12-11T11:01:16.604254,bike_70760
2025-12-11T11:01:10.571922,bike_52145
2025-12-11T11:01:13.024216,bike_52893
2025-12-11T11:01:15.090056,bike_37452
2025-12-11T05:01:10.131030,bike_57818
2025-12-11T11:01:15.390293,bike_44752
2025-12-09T17:01:12.087962,bike_75891
2025-12-11T11:01:07.872921,bike_89382
2025-12-11T11:01:09.791180,bike_52846
2025-12-11T11:01:15.333229,bike_75605
2025-12-11T11:01:08.232166,bike_74170
2025-12-11T05:01:05.671317,bike_08161
2025-12-11T11:01:10.311284,bike_88515
2025-12-11T11:01:12.064131,bike_79187
2025-12-11T11:01:13.480046,bike_51883
2025-12-11T11:01:16.573745,bike_26370
2025-12-11T11:01:11.124170,bike_62095
2025-12-11T11:01:08.930762,bike_79043
2025-12-11T11:01:08.773984,bike_52488
2025-12-11T11:01:09.892586,bike_78624
2025-12-11T11:01:15.064208,bike_09939
2025-12-11T11:01:09.870764,bike_50660
2025-12-11T11:01:12.993677,bike_81167
2025-12-11T11:01:10.424214,bike_25246
2025-12-11T05:01:04.168705,bike_16831
2025-12-11T11:01:12.764152,bike_74881
2025-12-11T05:01:09.309217,bike_47168
2025-12-11T11:01:06.624133,bike_70691
2025-12-11T11:01:08.852988,bike_22231
2025-12-11T11:01:15.570428,bike_85198
2025-12-11T11:01:14.553323,bike_85401
2025-12-11T11:01:09.604238,bike_70077
2025-12-11T11:01:11.573270,bike_24975
2025-12-11T11:01:09.384166,bike_45242
2025-12-11T11:01:09.453226,bike_62365
2025-12-09T17:01:06.706215,bike_73957
2025-12-11T11:01:14.773065,bike_43011
2025-12-11T11:01:06.691053,bike_01974
2025-12-11T11:01:14.993579,bike_42746
2025-12-11T11:01:09.414239,bike_44151
2025-12-11T05:01:08.748308,bike_46735
2025-12-06T17:01:06.182781,bike_88520
2025-12-11T11:01:07.411162,bike_61194
2025-12-11T11:01:14.383636,bike_53357
2025-12-11T11:01:11.953274,bike_50930
2025-12-11T11:01:10.953304,bike_85068
2025-12-11T11:01:10.513533,bike_74042
2025-12-11T11:01:10.390872,bike_18948
2025-12-11T11:01:09.530363,bike_39989
2025-12-11T05:01:13.181945,bike_47764
2025-12-11T11:01:15.784207,bike_02805
2025-12-11T11:01:10.890953,bike_77415
2025-12-11T11:01:08.913080,bike_70674
2025-12-11T11:01:10.091037,bike_47412
2025-12-11T11:01:09.492633,bike_69569
2025-12-11T11:01:14.130672,bike_88756
2025-12-11T11:01:08.930764,bike_76577
2025-12-11T11:01:06.279317,bike_85335
2025-12-11T11:01:14.632806,bike_76267
2025-12-11T11:01:10.873407,bike_85451
2025-12-11T05:01:10.350049,bike_73551
2025-12-10T23:01:15.095058,bike_78285
2025-12-11T11:01:13.604253,bike_50802
2025-12-11T11:01:12.024176,bike_58529
2025-12-11T11:01:08.204311,bike_72340
2025-12-11T11:01:12.204152,bike_20289
2025-12-11T11:01:13.489419,bike_20704
2025-12-11T11:01:13.924236,bike_62823
2025-12-11T11:01:05.984179,bike_51258
2025-12-11T11:01:06.890297,bike_12708
2025-12-11T11:01:14.272963,bike_09863
2025-12-11T11:01:14.553285,bike_02825
2025-12-11T11:01:09.684188,bike_52791
2025-12-11T11:01:06.544124,bike_24230
2025-12-11T11:01:12.350677,bike_02653
2025-12-11T11:01:17.009726,bike_30302
2025-12-02T05:01:09.414419,bike_12964
2025-12-01T17:01:11.934732,bike_62942
2025-12-08T17:01:06.136258,bike_79260
2025-12-11T05:01:03.670751,bike_69094
2025-12-09T17:01:10.908344,bike_57181
2025-12-11T11:01:10.971246,bike_51374
2025-12-11T11:01:10.632269,bike_51854
2025-12-11T11:01:10.164176,bike_34027
2025-12-11T11:01:07.591425,bike_74018
2025-12-11T11:01:10.050705,bike_69257
2025-12-11T11:01:08.724178,bike_80802
2025-12-11T11:01:07.684176,bike_15915
2025-12-11T11:01:10.270435,bike_46819
2025-12-11T11:01:11.312787,bike_47957
2025-12-11T11:01:09.384142,bike_88440
2025-12-11T11:01:07.044248,bike_74174
2025-12-11T11:01:13.530610,bike_55193
2025-12-11T11:01:07.190914,bike_60740
2025-12-06T11:01:07.391212,bike_23545
2025-12-11T11:01:07.044201,bike_80039
2025-12-11T05:01:09.130178,bike_85512
2025-12-11T11:01:07.270074,bike_77756
2025-12-11T11:01:10.104238,bike_69607
2025-12-11T11:01:11.244206,bike_60184
2025-12-11T11:01:15.104173,bike_80784
2025-12-11T11:01:10.571900,bike_78711
2025-12-11T11:01:14.831146,bike_17981
2025-12-11T11:01:16.890698,bike_77362
2025-12-11T11:01:10.351141,bike_15713
2025-12-11T11:01:10.971238,bike_76289
2025-12-11T11:01:07.824127,bike_88509
2025-12-11T11:01:10.653356,bike_57368
2025-11-29T17:01:08.411936,bike_62570
2025-12-11T11:01:16.905428,bike_73649
2025-12-09T05:01:05.993983,bike_81637
2025-12-11T11:01:07.753794,bike_50378
2025-12-11T11:01:13.111310,bike_70034
2025-12-11T11:01:13.553579,bike_42955
2025-12-11T11:01:16.573734,bike_71696
2025-12-11T11:01:15.364224,bike_72391
2025-12-02T11:01:04.324952,bike_73934
2025-12-11T11:01:14.884285,bike_79590
2025-12-11T11:01:06.832953,bike_20104
2025-12-11T11:01:11.504183,bike_75736
2025-12-11T11:01:13.153241,bike_60201
2025-12-11T11:01:11.630903,bike_21789
2025-12-11T11:01:07.970129,bike_37946
2025-12-11T11:01:15.192938,bike_89670
2025-12-11T11:01:16.332944,bike_74697
2025-12-11T11:01:12.844168,bike_16116
2025-12-11T11:01:14.153413,bike_71493
2025-12-11T11:01:16.691331,bike_80726
2025-12-11T11:01:11.090207,bike_61037
2025-11-28T23:01:02.883037,bike_88690
2025-12-11T11:01:12.033545,bike_89278
2025-12-11T11:01:09.264255,bike_67933
2025-12-11T11:01:07.479565,bike_52017
2025-12-11T11:01:15.104168,bike_50845
2025-12-11T11:01:05.984201,bike_78524
2025-12-11T11:01:15.024171,bike_43830
2025-12-11T11:01:07.712148,bike_13153
2025-12-11T11:01:15.234030,bike_89724
2025-12-11T11:01:11.124167,bike_44597
2025-12-09T17:01:09.258643,bike_63130
2025-12-11T11:01:07.424161,bike_77049
2025-12-11T11:01:07.479578,bike_60130
2025-12-11T11:01:14.392684,bike_10026
2025-12-11T11:01:08.764227,bike_45681
2025-12-11T05:01:02.769033,bike_79776
2025-12-11T11:01:16.051146,bike_72745
2025-12-11T11:01:16.564192,bike_85014
2025-12-11T11:01:11.830390,bike_43056
2025-12-09T17:01:09.058731,bike_46068
2025-12-11T11:01:07.432964,bike_15076
2025-12-11T11:01:08.314084,bike_52425
2025-12-11T11:01:11.573306,bike_80177
2025-12-11T11:01:11.151209,bike_61076
2025-12-11T11:01:13.684223,bike_44451
2025-12-11T11:01:13.324194,bike_71518
2025-12-11T11:01:11.613471,bike_80244
2025-12-11T11:01:15.971225,bike_88247
2025-12-11T11:01:11.450467,bike_88178
2025-12-11T11:01:10.653339,bike_51849
2025-12-11T11:01:11.012449,bike_46235
2025-12-11T11:01:16.864287,bike_52008
2025-12-11T11:01:10.131155,bike_58511
2025-12-10T23:01:14.548656,bike_89881
2025-12-11T11:01:07.479552,bike_43802
2025-12-11T11:01:10.144372,bike_81450
2025-12-11T05:01:10.611009,bike_39911
2025-12-11T11:01:08.451008,bike_68728
2025-12-11T11:01:16.233630,bike_53043
2025-12-11T11:01:05.933196,bike_85210
2025-12-11T11:01:16.072950,bike_57998
2025-12-11T05:01:07.651295,bike_09361
2025-12-11T11:01:09.010396,bike_86014
2025-12-11T11:01:07.993115,bike_26574
2025-12-11T11:01:14.584187,bike_30203
2025-12-11T11:01:14.053092,bike_19628
2025-12-11T11:01:11.264229,bike_72679
2025-12-11T11:01:06.494807,bike_24422
2025-12-11T11:01:10.294056,bike_47547
2025-12-11T11:01:06.494764,bike_85205
2025-12-11T11:01:08.653086,bike_16013
2025-12-11T11:01:07.784011,bike_68584
2025-12-11T11:01:11.231285,bike_74847
2025-12-10T05:01:07.780290,bike_89257
2025-12-11T11:01:09.170085,bike_17034
2025-12-11T05:01:11.317008,bike_67199
2025-12-11T11:01:06.514005,bike_13849
2025-12-11T05:01:02.482027,bike_12500
2025-12-04T05:01:12.442752,bike_70307
2025-12-11T05:01:11.870980,bike_00083
2025-12-11T11:01:14.764176,bike_43619
2025-12-11T11:01:12.564217,bike_89671
2025-12-11T11:01:14.392642,bike_42881
2025-12-11T11:01:06.624136,bike_74962
2025-12-11T11:01:12.244221,bike_00193
2025-12-11T11:01:12.993644,bike_44575
2025-12-11T11:01:13.404208,bike_16986
2025-12-11T05:01:03.301955,bike_76639
2025-12-11T11:01:13.744234,bike_80693
2025-12-11T11:01:15.364188,bike_69684
2025-12-11T11:01:06.249288,bike_69386
2025-12-11T11:01:11.912926,bike_07432
2025-12-11T11:01:09.090393,bike_21576
2025-12-11T11:01:11.264232,bike_80894
2025-12-11T11:01:07.784065,bike_42631
2025-12-11T11:01:10.554078,bike_88937
2025-12-11T11:01:14.933307,bike_26224
2025-12-11T11:01:10.544166,bike_36055
2025-12-11T11:01:11.392864,bike_88785
2025-12-11T11:01:15.993451,bike_68580
2025-12-11T11:01:10.284248,bike_01433
2025-12-11T11:01:06.864210,bike_79294
2025-12-11T11:01:13.530644,bike_42864
2025-12-06T17:01:05.552875,bike_20774
2025-12-11T11:01:07.864180,bike_48062
2025-12-11T11:01:10.091034,bike_36982
2025-12-10T23:01:14.788717,bike_07168
2025-12-11T11:01:10.033330,bike_09652
2025-12-11T05:01:08.086284,bike_45792
2025-12-11T05:01:04.168697,bike_46193
2025-12-11T11:01:15.090069,bike_51731
2025-12-11T11:01:08.791173,bike_89274
2025-12-11T11:01:09.831195,bike_77457
2025-12-11T11:01:09.944207,bike_08386
2025-12-05T11:01:11.111492,bike_21665
2025-12-11T11:01:15.530795,bike_68032
2025-12-04T23:01:14.471707,bike_70213
2025-12-05T05:01:08.803722,bike_67155
2025-12-11T11:01:12.204187,bike_80824
2025-12-11T11:01:07.724967,bike_80827
2025-12-11T11:01:08.591626,bike_88049
2025-12-09T23:01:11.312528,bike_70090
2025-12-11T11:01:12.653057,bike_23985
2025-12-11T11:01:13.951925,bike_09467
2025-12-11T11:01:13.253671,bike_68120
2025-12-04T17:01:06.411079,bike_77593
2025-12-11T11:01:16.233656,bike_72297
2025-12-11T11:01:12.953323,bike_30467
2025-12-11T11:01:14.570946,bike_71868
2025-12-08T11:01:04.864656,bike_57793
2025-12-11T11:01:12.104893,bike_80281
2025-12-11T11:01:08.424339,bike_73599
2025-12-11T11:01:16.433532,bike_70600
2025-12-11T11:01:06.744135,bike_17211
2025-12-11T11:01:10.724152,bike_47162
2025-12-11T05:01:09.068388,bike_79396
2025-12-11T11:01:08.804162,bike_85158
2025-12-11T11:01:08.724193,bike_60864
2025-12-11T11:01:09.504102,bike_81854
2025-12-11T11:01:07.084121,bike_51403
2025-12-11T05:01:10.708901,bike_51320
2025-12-11T11:01:13.631208,bike_77675
2025-12-11T11:01:14.449833,bike_44857
2025-12-07T17:01:09.723182,bike_80150
2025-11-29T11:01:11.715887,bike_47288
2025-12-11T11:01:09.010420,bike_53322
2025-12-11T11:01:07.645195,bike_46174
2025-12-11T11:01:10.073760,bike_75583
2025-12-11T11:01:05.933207,bike_09837
2025-12-11T11:01:11.244198,bike_70955
2025-12-11T11:01:14.344178,bike_71047
2025-12-10T05:01:10.471768,bike_53362
2025-12-11T11:01:14.044189,bike_48006
2025-12-11T11:01:07.613097,bike_77520
2025-12-11T05:01:07.881944,bike_74447
2025-12-11T11:01:08.684212,bike_45117
2025-12-08T17:01:08.082872,bike_78448
2025-12-11T05:01:06.861985,bike_04440
2025-12-09T05:01:13.357744,bike_62901
2025-12-11T11:01:15.544190,bike_71793
2025-12-11T11:01:12.324235,bike_63225
2025-12-11T11:01:08.290466,bike_68403
2025-12-11T11:01:09.804084,bike_76957
2025-12-11T11:01:06.713179,bike_51413
2025-12-11T11:01:14.113493,bike_68174
2025-12-11T11:01:07.851023,bike_46533
2025-12-11T11:01:16.824167,bike_73857
2025-12-11T11:01:12.164153,bike_80997
2025-12-11T11:01:16.914612,bike_51932
2025-12-11T11:01:15.724187,bike_42851
2025-12-11T11:01:14.790567,bike_50409
2025-12-11T11:01:13.653531,bike_46623
2025-12-11T11:01:07.204217,bike_77625
2025-12-11T11:01:15.644129,bike_51371
2025-12-11T11:01:10.144335,bike_21974
2025-12-07T17:01:03.027510,bike_73872
2025-12-11T11:01:09.332220,bike_44540
2025-12-11T11:01:08.204365,bike_52289
2025-12-11T11:01:10.243567,bike_74015
2025-12-11T11:01:16.613269,bike_47545
2025-12-11T11:01:11.384171,bike_73938
2025-12-11T11:01:07.712154,bike_68205
2025-12-11T11:01:14.013687,bike_22283
2025-12-08T05:01:09.706353,bike_78925
2025-12-11T11:01:13.951903,bike_68761
2025-12-11T05:01:03.727784,bike_72807
2025-12-11T11:01:06.292405,bike_67393
2025-12-11T11:01:09.264249,bike_88542
2025-12-11T11:01:06.279300,bike_46622
2025-12-11T11:01:16.551447,bike_44955
2025-12-11T11:01:10.531033,bike_81667
2025-12-04T17:01:14.464688,bike_75083
2025-12-11T11:01:06.504374,bike_10592
2025-12-11T11:01:13.470833,bike_07551
2025-12-11T11:01:10.173280,bike_63669
2025-12-11T11:01:15.610672,bike_42805
2025-12-11T11:01:16.769773,bike_73347
2025-12-11T11:01:11.970339,bike_22583
2025-12-11T11:01:06.752893,bike_00935
2025-12-04T05:01:06.142765,bike_46150
2025-12-11T11:01:10.971236,bike_52851
2025-12-11T11:01:14.272950,bike_10457
2025-12-11T11:01:07.304106,bike_50602
2025-12-11T11:01:07.930220,bike_43425
2025-12-11T11:01:08.473444,bike_43731
2025-12-11T11:01:06.944153,bike_44927
2025-12-11T11:01:12.430837,bike_70509
2025-12-05T11:01:12.810793,bike_50482
2025-12-11T11:01:15.114007,bike_72520
2025-12-08T17:01:09.322961,bike_44917
2025-12-11T11:01:12.173017,bike_78792
2025-12-11T11:01:16.792893,bike_22163
2025-11-30T05:01:11.840964,bike_75884
2025-12-11T11:01:06.504353,bike_69762
2025-12-11T11:01:11.392932,bike_77009
2025-12-11T11:01:14.113506,bike_79316
2025-12-11T11:01:14.870485,bike_07948
2025-12-11T11:01:09.773247,bike_76661
2025-12-11T05:01:05.961980,bike_47581
2025-12-11T11:01:10.204044,bike_71663
2025-12-11T11:01:11.830417,bike_42902
2025-12-05T23:01:11.560750,bike_69282
2025-12-11T11:01:15.724214,bike_45009
2025-12-11T11:01:14.513393,bike_69019
2025-12-11T11:01:16.251005,bike_51537
2025-12-11T11:01:14.300738,bike_61233
2025-12-11T11:01:08.830040,bike_68976
2025-12-11T05:01:13.150580,bike_89322
2025-12-11T11:01:13.470813,bike_51810
2025-12-11T11:01:09.332238,bike_60496
2025-12-11T11:01:07.533078,bike_75772
2025-12-11T11:01:15.153080,bike_52662
2025-12-11T11:01:09.184181,bike_02655
2025-12-11T11:01:06.971034,bike_71835
2025-12-11T11:01:07.124275,bike_51052
2025-12-11T11:01:09.732788,bike_51721
2025-12-11T11:01:15.170372,bike_89558
2025-12-11T11:01:14.993625,bike_51024
2025-12-11T11:01:14.464156,bike_42722
2025-12-11T11:01:07.479560,bike_52882
2025-12-11T11:01:11.953249,bike_47822
2025-12-11T11:01:13.991219,bike_45134
2025-12-11T11:01:07.824177,bike_56144
2025-12-11T11:01:11.564098,bike_43062
2025-12-11T11:01:12.684191,bike_71901
2025-12-10T11:01:05.939709,bike_46432
2025-12-09T23:01:06.403111,bike_70449
2025-12-11T05:01:08.086305,bike_72905
2025-12-11T11:01:16.411265,bike_50591
2025-12-09T17:01:08.098694,bike_74146
2025-12-11T11:01:10.230052,bike_57084
2025-12-11T11:01:15.210187,bike_23497
2025-12-11T11:01:13.644190,bike_80600
2025-12-11T11:01:09.073153,bike_73047
2025-12-11T11:01:10.504174,bike_80572
2025-11-28T11:01:34.983711,bike_16906
2025-12-07T05:01:07.925312,bike_42576
2025-12-11T11:01:14.344206,bike_81684
2025-12-11T11:01:06.152938,bike_44962
2025-12-11T11:01:09.684172,bike_80990
2025-12-11T11:01:09.290936,bike_71090
2025-12-11T05:01:07.141892,bike_63830
2025-12-11T11:01:12.644092,bike_72452
2025-12-11T11:01:13.684218,bike_53067
2025-12-11T11:01:06.953065,bike_74166
2025-12-11T11:01:07.984159,bike_47500
2025-12-11T11:01:16.990923,bike_46948
2025-12-11T11:01:06.090336,bike_09212
2025-11-28T23:01:05.675169,bike_62198
2025-12-11T11:01:09.544184,bike_70764
2025-12-05T23:01:12.380806,bike_71354
2025-12-11T11:01:13.253679,bike_56143
2025-12-11T11:01:07.784038,bike_10454
2025-12-11T11:01:15.644188,bike_78332
2025-12-11T11:01:06.433362,bike_74103
2025-12-11T11:01:07.084192,bike_77667
2025-12-11T11:01:05.924242,bike_82300
2025-12-11T11:01:12.104922,bike_75328
2025-12-11T11:01:13.951919,bike_23687
2025-12-11T05:01:05.101944,bike_25761
2025-12-11T11:01:06.224131,bike_80611
2025-12-11T11:01:14.764173,bike_88345
2025-12-10T11:01:11.288868,bike_82552
2025-12-11T11:01:07.944151,bike_22859
2025-12-08T23:01:15.086348,bike_60571
2025-12-11T11:01:15.653352,bike_81234
2025-12-11T11:01:12.692959,bike_68830
2025-12-11T05:01:08.368830,bike_63209
2025-12-09T23:01:12.603160,bike_79584
2025-12-11T11:01:11.384173,bike_09469
2025-12-11T11:01:13.193740,bike_67723
2025-12-11T11:01:14.804197,bike_88684
2025-12-11T05:01:07.230921,bike_04382
2025-12-11T05:01:10.211211,bike_47415
2025-12-11T11:01:06.592724,bike_46184
2025-12-11T11:01:14.234023,bike_85502
2025-12-11T11:01:09.273384,bike_62303
2025-12-11T11:01:15.144179,bike_62096
2025-12-11T11:01:07.330170,bike_67180
2025-12-11T11:01:14.683466,bike_01870
2025-12-11T11:01:13.753398,bike_53092
2025-12-11T11:01:14.144209,bike_68300
2025-12-08T05:01:12.872279,bike_03244
2025-12-11T11:01:11.432929,bike_43702
2025-12-11T11:01:14.310076,bike_77670
2025-12-11T11:01:08.191306,bike_12840
2025-12-11T11:01:11.033553,bike_89580
2025-12-11T11:01:07.970164,bike_79166
2025-12-11T11:01:11.684169,bike_43542
2025-12-11T11:01:06.232683,bike_05892
2025-12-11T11:01:08.644246,bike_47561
2025-12-11T11:01:12.550730,bike_35646
2025-12-09T11:01:10.119095,bike_88228
2025-12-11T11:01:12.033551,bike_76312
2025-12-11T11:01:07.011086,bike_61954
2025-12-11T11:01:11.190564,bike_80324
2025-12-11T11:01:15.750731,bike_39760
2025-12-11T11:01:15.890062,bike_78217
2025-11-28T23:01:08.785211,bike_85077
2025-12-11T11:01:08.424287,bike_76326
2025-12-11T11:01:06.633219,bike_45317
2025-12-11T11:01:09.904203,bike_07585
2025-12-11T11:01:15.644150,bike_85264
2025-12-11T11:01:07.904121,bike_77042
2025-12-09T17:01:13.304607,bike_74868
2025-12-11T11:01:08.693240,bike_46525
2025-12-11T11:01:16.424250,bike_80783
2025-12-11T11:01:06.232660,bike_67827
2025-12-11T11:01:16.630954,bike_62913
2025-12-11T11:01:12.372949,bike_10553
2025-12-11T11:01:07.011133,bike_20570
2025-12-11T11:01:08.612997,bike_56412
2025-12-11T11:01:13.404200,bike_76268
2025-12-11T11:01:07.550549,bike_80020
2025-12-05T17:01:10.438636,bike_09344
2025-12-11T11:01:05.914817,bike_67930
2025-12-11T11:01:09.970567,bike_60266
2025-12-04T23:01:13.417755,bike_51327
2025-12-11T11:01:10.953261,bike_44219
2025-12-11T11:01:10.900200,bike_74333
2025-12-08T17:01:05.970556,bike_62972
2025-12-11T11:01:14.053079,bike_74857
2025-12-10T11:01:03.553453,bike_16938
2025-12-11T11:01:15.930324,bike_78278
2025-12-11T11:01:11.970373,bike_79053
2025-12-11T11:01:15.024168,bike_79825
2025-12-11T11:01:12.864182,bike_43500
2025-12-11T11:01:16.170725,bike_51353
2025-12-11T11:01:07.533029,bike_42965
2025-12-11T11:01:12.564207,bike_43815
2025-12-11T11:01:09.670609,bike_24901
2025-12-11T11:01:11.830430,bike_47779
2025-12-11T11:01:15.451915,bike_62947
2025-12-11T11:01:10.632237,bike_44838
2025-12-11T11:01:15.064216,bike_72600
2025-12-09T17:01:06.624985,bike_22661
2025-12-11T11:01:07.150160,bike_85170
2025-12-11T11:01:16.471329,bike_57389
2025-12-11T11:01:14.813175,bike_10096
2025-12-11T11:01:13.271582,bike_77825
2025-12-11T11:01:15.010909,bike_89770
2025-12-11T11:01:09.670586,bike_62547
2025-12-11T11:01:15.570450,bike_14514
2025-12-11T11:01:09.670562,bike_72114
2025-12-11T11:01:15.104183,bike_89934
2025-12-11T11:01:10.671744,bike_88213
2025-12-11T11:01:16.864320,bike_45048
2025-12-11T11:01:10.684131,bike_45157
2025-12-11T05:01:02.821882,bike_26766
2025-12-11T11:01:06.433369,bike_77443
2025-12-11T11:01:06.592702,bike_51003
2025-12-11T11:01:06.232693,bike_71687
2025-12-11T11:01:09.184213,bike_79545
2025-12-11T11:01:07.771068,bike_88903
2025-12-11T11:01:11.851835,bike_00159
2025-12-11T05:01:05.181919,bike_69596
2025-12-11T11:01:14.764162,bike_02765
2025-12-11T11:01:16.524489,bike_80421
2025-12-11T11:01:07.510767,bike_05338
2025-12-11T11:01:09.232448,bike_78540
2025-12-11T11:01:12.073070,bike_24491
2025-12-11T11:01:13.521108,bike_88061
2025-12-11T11:01:06.279284,bike_74088
2025-12-11T11:01:11.290429,bike_85024
2025-12-11T11:01:11.813319,bike_10350
2025-12-11T11:01:10.424222,bike_60271
2025-12-11T11:01:06.344081,bike_69076
2025-12-11T11:01:14.130667,bike_53136
2025-12-11T11:01:11.164217,bike_76381
2025-12-11T11:01:14.353201,bike_00172
2025-12-11T05:01:02.830958,bike_67057
2025-12-11T11:01:09.332230,bike_89752
2025-12-11T11:01:14.424209,bike_26784
2025-12-11T11:01:10.711304,bike_42947
2025-12-11T11:01:07.110026,bike_10560
2025-12-11T11:01:11.769843,bike_76078
2025-12-11T11:01:09.604183,bike_44864
2025-12-11T11:01:06.193039,bike_77451
2025-12-11T11:01:07.393451,bike_53203
2025-12-11T11:01:08.564371,bike_77071
2025-12-11T11:01:13.724240,bike_51867
2025-12-11T11:01:08.870205,bike_88130
2025-12-11T11:01:13.693034,bike_69254
2025-12-11T11:01:10.890917,bike_52234
2025-12-11T11:01:07.753799,bike_47984
2025-12-11T11:01:08.264213,bike_20862
2025-12-11T11:01:09.644219,bike_71292
2025-12-11T11:01:14.310066,bike_05468
2025-12-11T11:01:15.350525,bike_21231
2025-12-11T11:01:14.531084,bike_71037
2025-12-11T11:01:08.410997,bike_71536
2025-12-11T11:01:15.350480,bike_75698
2025-12-11T11:01:15.210125,bike_51680
2025-12-11T11:01:13.391007,bike_55408
2025-12-11T11:01:12.270431,bike_52678
2025-12-06T23:01:10.131255,bike_73177
2025-12-11T11:01:10.252958,bike_44332
2025-12-11T11:01:14.764213,bike_24446
2025-12-11T11:01:09.273342,bike_50423
2025-12-11T11:01:11.524194,bike_55077
2025-12-11T11:01:14.324168,bike_53257
2025-12-01T05:01:05.653703,bike_58165
2025-12-10T23:01:13.716977,bike_58466
2025-12-11T05:01:07.341920,bike_75121
2025-12-11T11:01:12.684152,bike_70839
2025-12-09T17:01:13.548010,bike_81793
2025-12-11T11:01:11.573281,bike_71720
2025-12-11T11:01:14.692396,bike_21165
2025-12-11T11:01:13.253718,bike_72726
2025-12-11T11:01:16.233605,bike_45029
2025-12-10T17:01:00.680635,bike_56652
2025-12-11T11:01:15.413288,bike_08835
2025-12-11T11:01:10.544197,bike_16274
2025-12-11T11:01:14.210144,bike_69108
2025-12-11T11:01:15.113983,bike_88209
2025-12-11T11:01:13.973645,bike_45180
2025-12-11T11:01:12.253250,bike_89241
2025-12-11T05:01:06.701922,bike_88584
2025-12-06T05:01:11.885183,bike_60584
2025-12-11T11:01:14.609869,bike_63604
2025-12-11T05:01:05.630752,bike_51375
2025-12-11T11:01:07.872918,bike_42792
2025-12-11T11:01:06.624154,bike_63132
2025-12-11T11:01:06.144111,bike_88654
2025-12-01T05:01:09.649709,bike_74964
2025-12-11T11:01:12.024215,bike_47119
2025-12-11T11:01:13.934267,bike_70835
2025-12-02T23:01:05.734771,bike_21705
2025-12-08T11:01:09.534676,bike_60680
2025-12-11T11:01:08.464212,bike_85534
2025-12-11T11:01:13.170807,bike_51633
2025-12-11T11:01:15.944183,bike_71862
2025-12-11T11:01:06.570639,bike_43172
2025-12-11T11:01:13.111282,bike_81054
2025-11-29T23:01:10.169766,bike_50504
2025-12-11T11:01:09.791095,bike_60840
2025-12-11T11:01:06.824137,bike_74582
2025-12-11T11:01:09.553304,bike_61431
2025-12-11T11:01:09.544163,bike_42526
2025-12-11T11:01:10.998478,bike_47326
2025-12-11T11:01:07.872916,bike_00862
2025-12-11T11:01:08.749985,bike_77836
2025-12-11T11:01:10.212918,bike_44244
2025-12-11T11:01:11.953261,bike_23594
2025-12-11T11:01:15.184161,bike_69720
2025-12-07T11:01:06.986372,bike_62512
2025-12-11T11:01:08.451035,bike_45074
2025-11-30T05:01:13.497227,bike_70055
2025-12-11T11:01:08.433366,bike_67347
2025-12-11T11:01:15.684177,bike_76564
2025-12-11T11:01:06.424127,bike_56613
2025-12-11T11:01:06.932380,bike_74948
2025-11-28T23:01:04.592234,bike_55162
2025-12-11T11:01:14.764186,bike_67342
2025-12-05T23:01:07.718068,bike_69200
2025-12-11T11:01:16.964220,bike_47887
2025-12-11T11:01:07.084195,bike_16325
2025-12-11T11:01:12.164178,bike_52578
2025-12-11T11:01:13.875674,bike_20756
2025-12-11T11:01:16.810312,bike_60455
2025-12-11T11:01:12.104866,bike_78904
2025-12-11T11:01:14.392715,bike_88471
2025-12-11T11:01:06.152927,bike_76358
2025-12-11T11:01:06.049788,bike_88555
2025-12-11T11:01:16.644216,bike_03241
2025-12-11T11:01:09.129938,bike_68620
2025-11-28T23:01:07.673653,bike_75294
2025-12-11T05:01:13.482006,bike_25998
2025-12-11T11:01:11.073381,bike_52804
2025-12-11T11:01:14.853048,bike_86058
2025-12-11T05:01:08.708334,bike_18654
2025-12-11T11:01:08.473425,bike_11516
2025-12-11T11:01:14.473180,bike_44004
2025-12-11T11:01:16.644264,bike_50822
2025-12-11T11:01:06.033038,bike_25678
2025-12-11T11:01:12.309967,bike_80024
2025-12-11T11:01:12.471127,bike_19047
2025-12-07T11:01:09.247405,bike_75618
2025-12-11T11:01:12.830060,bike_46435
2025-12-11T11:01:10.131112,bike_88298
2025-12-11T11:01:12.064181,bike_46340
2025-12-08T23:01:08.157617,bike_61804
2025-12-11T05:01:08.967820,bike_81751
2025-12-11T11:01:12.292666,bike_44907
2025-12-11T05:01:06.690176,bike_88016
2025-12-11T11:01:07.244134,bike_45553
2025-12-11T05:01:03.790487,bike_76206
2025-12-11T11:01:17.009719,bike_58047
2025-12-06T23:01:11.586824,bike_67569
2025-12-09T17:01:14.238615,bike_62845
2025-12-11T11:01:09.844197,bike_67181
2025-12-11T11:01:07.356493,bike_70779
2025-12-11T05:01:12.610880,bike_13519
2025-12-11T11:01:12.270447,bike_73650
2025-12-11T11:01:11.312807,bike_16910
2025-12-11T11:01:09.414211,bike_78397
2025-12-11T11:01:06.152898,bike_89952
2025-12-11T11:01:09.064137,bike_18519
2025-12-11T11:01:06.184135,bike_70145
2025-11-28T11:01:25.623773,bike_16868
2025-12-11T11:01:11.613458,bike_43721
2025-12-11T11:01:06.553079,bike_76149
2025-12-11T11:01:14.392676,bike_67391
2025-12-11T11:01:13.671226,bike_71430
2025-12-11T11:01:09.570566,bike_62892
2025-12-11T11:01:08.504237,bike_50435
2025-12-11T11:01:12.292689,bike_23014
2025-12-11T11:01:07.470182,bike_52313
2025-12-11T11:01:12.684216,bike_43174
2025-12-11T11:01:15.811133,bike_56874
2025-12-11T11:01:15.993421,bike_43386
2025-12-11T11:01:14.892985,bike_79153
2025-12-11T11:01:11.724190,bike_58172
2025-12-11T11:01:05.933209,bike_74430
2025-12-11T11:01:11.872811,bike_23877
2025-12-11T11:01:14.933329,bike_85505
2025-12-11T11:01:09.530369,bike_77754
2025-12-11T11:01:12.484151,bike_52830
2025-12-11T05:01:05.138069,bike_74361
2025-12-10T05:01:07.275412,bike_39321
2025-12-04T23:01:04.620717,bike_78768
2025-12-11T11:01:14.504218,bike_82218
2025-12-10T17:01:08.977692,bike_47814
2025-12-06T23:01:07.638863,bike_57477
2025-12-11T05:01:06.491182,bike_14760
2025-12-11T11:01:12.573692,bike_89340
2025-12-11T11:01:11.778507,bike_56827
2025-12-11T11:01:05.993439,bike_73954
2025-12-11T11:01:12.904223,bike_72769
2025-12-11T11:01:07.479522,bike_71128
2025-12-11T11:01:15.473240,bike_09106
2025-12-10T11:01:02.602176,bike_58874
2025-12-11T11:01:09.332222,bike_42932
2025-12-11T11:01:11.692768,bike_44196
2025-12-11T11:01:10.270394,bike_88293
2025-12-11T11:01:13.271587,bike_77483
2025-12-11T05:01:10.050642,bike_81222
2025-12-08T17:01:04.744794,bike_68018
2025-12-11T11:01:15.693722,bike_81060
2025-12-11T11:01:08.984141,bike_73319
2025-12-11T11:01:10.504187,bike_44460
2025-12-09T23:01:10.583213,bike_50618
2025-12-11T11:01:07.645162,bike_71298
2025-12-11T11:01:07.230442,bike_71737
2025-12-11T11:01:09.484129,bike_08592
2025-12-11T11:01:15.711665,bike_77856
2025-12-11T11:01:07.510748,bike_69693
2025-12-11T11:01:16.964269,bike_50645
2025-12-01T05:01:04.200635,bike_81177
2025-12-11T11:01:12.230708,bike_61447
2025-12-11T11:01:07.110034,bike_21550
2025-12-11T11:01:11.151246,bike_13334
2025-12-11T11:01:11.124172,bike_61631
2025-12-11T11:01:08.433297,bike_50548
2025-12-11T11:01:09.853168,bike_46488
2025-12-11T11:01:11.424132,bike_74063
2025-12-11T11:01:07.930198,bike_80317
2025-12-11T11:01:12.804200,bike_85348
2025-12-11T11:01:09.530350,bike_78360
2025-12-11T11:01:13.584192,bike_62893
2025-12-11T11:01:14.649836,bike_78367
2025-12-11T11:01:13.631213,bike_72399
2025-11-29T23:01:09.617101,bike_69454
2025-12-11T11:01:15.350491,bike_67215
2025-12-11T11:01:15.733491,bike_71131
2025-12-11T11:01:16.324179,bike_73942
2025-12-11T11:01:13.644219,bike_68969
2025-12-11T11:01:10.772819,bike_20918
2025-12-11T11:01:15.192897,bike_74983
2025-12-11T11:01:06.824152,bike_89510
2025-12-09T23:01:09.723147,bike_62941
2025-12-11T11:01:08.314078,bike_78117
2025-12-11T11:01:16.144244,bike_51679
2025-12-11T11:01:16.433550,bike_45843
2025-12-11T11:01:11.024103,bike_51780
2025-12-11T11:01:07.044228,bike_43525
2025-12-11T11:01:08.491044,bike_00352
2025-12-11T11:01:06.249246,bike_76359
2025-12-05T05:01:08.243342,bike_79173
2025-12-11T11:01:10.671700,bike_71310
2025-12-11T11:01:12.830044,bike_71458
2025-12-11T11:01:11.851777,bike_88070
2025-12-11T11:01:16.104172,bike_73758
2025-12-11T11:01:15.504217,bike_57876
2025-12-11T11:01:12.944287,bike_45589
2025-12-11T11:01:13.452797,bike_11544
2025-12-10T17:01:03.580607,bike_43201
2025-12-11T11:01:10.831110,bike_23914
2025-12-11T11:01:10.900205,bike_68458
2025-12-11T11:01:12.524204,bike_73836
2025-12-11T11:01:07.044204,bike_05202
2025-12-09T23:01:12.483163,bike_62160
2025-12-11T11:01:14.409959,bike_89625
2025-12-04T05:01:04.069488,bike_71243
2025-12-06T05:01:04.064701,bike_57302
2025-12-11T11:01:16.433527,bike_46163
2025-12-11T05:01:08.511955,bike_47377
2025-12-11T11:01:10.909092,bike_73722
2025-12-02T17:01:05.503084,bike_56235
2025-12-11T11:01:12.350653,bike_69572
2025-12-11T11:01:07.872953,bike_71913
2025-12-04T11:01:08.920992,bike_76332
2025-12-04T23:01:04.398982,bike_26034
2025-12-11T11:01:16.184228,bike_70293
2025-12-11T11:01:11.864194,bike_61708
2025-12-11T05:01:11.307744,bike_44033
2025-12-11T11:01:12.644136,bike_47751
2025-12-10T17:01:06.907692,bike_67338
2025-12-11T11:01:13.991187,bike_42935
2025-12-11T11:01:10.190678,bike_10775
2025-12-11T11:01:09.544189,bike_89362
2025-12-11T11:01:09.944185,bike_47652
2025-12-11T11:01:10.864183,bike_70180
2025-12-09T11:01:12.528120,bike_57212
2025-12-11T11:01:12.709816,bike_10606
2025-12-10T17:01:00.728045,bike_81899
2025-12-11T11:01:09.904152,bike_15667
2025-12-11T11:01:08.033353,bike_79067
2025-12-11T11:01:14.272978,bike_70321
2025-12-11T11:01:08.564361,bike_85221
2025-12-11T11:01:14.491331,bike_76207
2025-12-11T11:01:09.290967,bike_46011
2025-12-11T11:01:15.010924,bike_63403
2025-12-11T11:01:16.769762,bike_61751
2025-12-11T11:01:11.813284,bike_48104
2025-12-11T11:01:15.850387,bike_21197
2025-12-11T11:01:12.984342,bike_89388
2025-12-11T11:01:14.804190,bike_72118
2025-12-11T11:01:08.750030,bike_75842
2025-12-11T11:01:13.144288,bike_19672
2025-12-11T11:01:08.773998,bike_62148
2025-12-11T11:01:15.473205,bike_81695
2025-12-11T11:01:13.544212,bike_44288
2025-12-11T11:01:15.024182,bike_55880
2025-12-10T17:01:04.471694,bike_52177
2025-12-11T11:01:06.673459,bike_52795
2025-12-11T11:01:12.953328,bike_46537
2025-12-11T11:01:07.984214,bike_11112
2025-12-11T11:01:07.573481,bike_70314
2025-12-11T11:01:15.693729,bike_74478
2025-12-11T11:01:12.953291,bike_45426
2025-12-11T11:01:07.312824,bike_68402
2025-12-07T17:01:10.767550,bike_00973
2025-12-11T11:01:07.904148,bike_69022
2025-12-11T11:01:11.244180,bike_26756
2025-12-11T11:01:14.424235,bike_80713
2025-12-11T11:01:09.024231,bike_07453
2025-12-11T11:01:13.011508,bike_71887
2025-12-11T11:01:13.511681,bike_44925
2025-12-11T11:01:16.630993,bike_00379
2025-12-11T11:01:15.264302,bike_56816
2025-12-11T11:01:09.404160,bike_88703
2025-12-11T11:01:11.744207,bike_18467
2025-12-11T11:01:13.553600,bike_16909
2025-12-11T11:01:11.970378,bike_76288
2025-12-11T11:01:07.993153,bike_75834
2025-12-11T11:01:07.133053,bike_44748
2025-12-11T11:01:10.144267,bike_37451
2025-12-11T11:01:08.344170,bike_80130
2025-11-30T17:01:10.810375,bike_61034
2025-12-11T11:01:10.050668,bike_78443
2025-12-11T11:01:10.644100,bike_67906
2025-12-11T11:01:12.131879,bike_76655
2025-12-10T23:01:09.474175,bike_85523
2025-11-29T23:01:06.269317,bike_35403
2025-12-11T11:01:15.251772,bike_42707
2025-12-11T11:01:16.131107,bike_88666
2025-12-10T17:01:07.211811,bike_79592
2025-12-11T11:01:08.693248,bike_46953
2025-12-11T11:01:11.290418,bike_04531
2025-12-11T11:01:06.232658,bike_74871
2025-12-11T11:01:13.193722,bike_80584
2025-12-11T11:01:09.764158,bike_76751
2025-12-10T23:01:06.365405,bike_73183
2025-11-28T11:01:38.069652,bike_04001
2025-12-11T11:01:08.241810,bike_42685
2025-12-11T11:01:06.193097,bike_40991
2025-12-10T17:01:03.411743,bike_37837
2025-12-11T11:01:09.104199,bike_78578
2025-12-11T11:01:15.224151,bike_47493
2025-12-11T11:01:11.992832,bike_79759
2025-12-11T11:01:10.755194,bike_78366
2025-11-30T11:01:04.196784,bike_52396
2025-12-11T11:01:08.930770,bike_43916
2025-12-05T17:01:09.680692,bike_77131
2025-12-11T11:01:12.944258,bike_74262
2025-12-11T11:01:14.392671,bike_23392
2025-12-11T11:01:15.913106,bike_78876
2025-12-11T05:01:09.470902,bike_85257
2025-12-11T05:01:11.809365,bike_69077
2025-12-11T11:01:15.993470,bike_45001
2025-12-11T11:01:15.944159,bike_85254
2025-12-11T11:01:08.774031,bike_45335
2025-12-11T11:01:15.390321,bike_43433
2025-12-11T05:01:04.349928,bike_09598
2025-12-11T11:01:07.850994,bike_60232
2025-12-11T11:01:16.673472,bike_52983
2025-12-11T11:01:06.792912,bike_74593
2025-12-11T11:01:07.204164,bike_13699
2025-12-11T11:01:08.332027,bike_46829
2025-12-11T11:01:14.531097,bike_89335
2025-12-11T11:01:11.273197,bike_70002
2025-12-11T11:01:08.852937,bike_10763
2025-12-11T11:01:13.054108,bike_70207
2025-12-11T11:01:08.830069,bike_50607
2025-12-10T17:01:09.211656,bike_85074
2025-12-11T11:01:12.684204,bike_46632
2025-12-11T11:01:16.864285,bike_71831
2025-12-11T11:01:06.633221,bike_73657
2025-12-11T11:01:16.591460,bike_69341
2025-12-11T11:01:12.064173,bike_76835
2025-12-11T11:01:09.724161,bike_56088
2025-12-01T05:01:11.623006,bike_46888
2025-12-11T11:01:11.344212,bike_89409
2025-12-11T11:01:14.531130,bike_16952
2025-12-11T05:01:13.362017,bike_53002
2025-12-11T11:01:15.953190,bike_88244
2025-12-11T11:01:15.913137,bike_62541
2025-12-11T11:01:09.604222,bike_24708
2025-12-11T11:01:11.173204,bike_50911
2025-12-11T11:01:09.090409,bike_23742
2025-12-11T11:01:07.053504,bike_63751
2025-12-09T17:01:09.147474,bike_07711
2025-12-11T11:01:08.791183,bike_89286
2025-12-11T11:01:06.249290,bike_72193
2025-12-11T11:01:13.430895,bike_12013
2025-12-11T11:01:11.533531,bike_43206
2025-12-11T11:01:15.593361,bike_08202
2025-12-11T11:01:10.953291,bike_63337
2025-12-09T05:01:07.977667,bike_36735
2025-12-10T11:01:08.819690,bike_89103
2025-12-11T11:01:15.033675,bike_89598
2025-12-11T11:01:10.984834,bike_46500
2025-12-11T11:01:12.173039,bike_21180
2025-12-09T17:01:13.467952,bike_61380
2025-12-11T11:01:10.900189,bike_85203
2025-12-11T11:01:08.033407,bike_45775
2025-12-11T11:01:16.504216,bike_13067
2025-12-11T11:01:07.330175,bike_67433
2025-12-11T11:01:09.791175,bike_44826
2025-12-11T11:01:16.411289,bike_58586
2025-12-11T11:01:12.692949,bike_50839
2025-12-05T17:01:11.213318,bike_62647
2025-12-11T11:01:10.104228,bike_42712
2025-12-11T11:01:11.670348,bike_31114
2025-12-11T11:01:10.764105,bike_00503
2025-12-11T11:01:14.670936,bike_67483
2025-12-11T11:01:11.904173,bike_50540
2025-12-11T11:01:13.530661,bike_50890
2025-12-10T17:01:08.838195,bike_26007
2025-12-11T11:01:07.173345,bike_46636
2025-12-11T11:01:15.390287,bike_85072
2025-12-11T11:01:14.924182,bike_25529
2025-12-11T05:01:11.701945,bike_46956
2025-12-11T11:01:09.444083,bike_77348
2025-12-11T11:01:10.890940,bike_77614
2025-12-10T11:01:09.793453,bike_11014
2025-12-11T11:01:12.644100,bike_89101
2025-12-11T11:01:10.693090,bike_52113
2025-12-11T11:01:08.804106,bike_78934
2025-12-11T11:01:12.709839,bike_79000
2025-12-06T17:01:07.897375,bike_23095
2025-12-11T11:01:16.551430,bike_72845
2025-12-11T11:01:12.773581,bike_51869
2025-12-11T11:01:10.492486,bike_73111
2025-12-11T11:01:12.573710,bike_17060
2025-12-11T11:01:10.451459,bike_74601
2025-12-11T11:01:12.890617,bike_80286
2025-12-11T11:01:10.944202,bike_08676
2025-12-11T11:01:12.492681,bike_01002
2025-12-11T11:01:08.371207,bike_45227
2025-12-10T17:01:04.458436,bike_70929
2025-12-04T23:01:05.151608,bike_89804
2025-12-11T11:01:08.273254,bike_52607
2025-12-11T11:01:10.413605,bike_25085
2025-12-11T11:01:15.733459,bike_45124
2025-12-11T11:01:12.670131,bike_45063
2025-12-11T11:01:10.164181,bike_46471
2025-12-11T11:01:11.953259,bike_20110
2025-12-11T11:01:07.044246,bike_46958
2025-12-11T11:01:11.791833,bike_71095
2025-12-11T11:01:14.870454,bike_47476
2025-12-11T11:01:09.370820,bike_80399
2025-12-11T11:01:16.350891,bike_24190
2025-12-11T11:01:11.984179,bike_76631
2025-12-11T11:01:07.744196,bike_89499
2025-12-11T11:01:16.170722,bike_76510
2025-12-11T11:01:14.464120,bike_44977
2025-12-11T11:01:06.904199,bike_80053
2025-12-11T11:01:15.913124,bike_23278
2025-12-08T11:01:11.109890,bike_24381
2025-12-11T11:01:08.693235,bike_20186
2025-12-01T17:01:14.125760,bike_23926
2025-12-11T11:01:09.912970,bike_17027
2025-12-11T11:01:16.453631,bike_73744
2025-12-11T11:01:16.090125,bike_67472
2025-12-11T11:01:09.244142,bike_53034
2025-12-11T11:01:06.650566,bike_08354
2025-12-04T23:01:05.720642,bike_49558
2025-12-11T11:01:06.664192,bike_77521
2025-12-11T11:01:16.591444,bike_47854
2025-12-11T11:01:14.449849,bike_73530
2025-12-11T11:01:15.711668,bike_42747
2025-12-08T17:01:03.785156,bike_88389
2025-12-11T11:01:09.584141,bike_25568
2025-12-11T05:01:06.441928,bike_53397
2025-12-11T11:01:12.292655,bike_02941
2025-12-11T11:01:08.750032,bike_57759
2025-12-11T11:01:12.309954,bike_63871
2025-12-08T11:01:02.845270,bike_56590
2025-12-01T05:01:06.563093,bike_81207
2025-12-11T11:01:11.590634,bike_57062
2025-12-11T11:01:09.314456,bike_73970
2025-12-11T11:01:16.673483,bike_62450
2025-12-11T11:01:09.764150,bike_77414
2025-12-11T11:01:13.144241,bike_62173
2025-12-11T11:01:15.944157,bike_52528
2025-12-11T11:01:11.778471,bike_21444
2025-12-11T11:01:09.504071,bike_89836
2025-12-11T11:01:13.224224,bike_77186
2025-12-11T11:01:07.150162,bike_53063
2025-12-11T11:01:13.184340,bike_17536
2025-12-11T11:01:06.650516,bike_21603
2025-12-11T11:01:09.604193,bike_47616
2025-12-08T11:01:09.914424,bike_81912
2025-12-11T11:01:06.292429,bike_78597
2025-12-11T11:01:10.711270,bike_16165
2025-12-09T17:01:09.818949,bike_69110
2025-12-11T11:01:12.453823,bike_81442
2025-12-11T11:01:16.914607,bike_24297
2025-12-11T11:01:12.309978,bike_89006
2025-12-11T05:01:06.011139,bike_56550
2025-12-11T11:01:06.371614,bike_69135
2025-12-11T11:01:11.303681,bike_89910
2025-12-11T11:01:09.051620,bike_17992
2025-12-11T11:01:15.290795,bike_51990
2025-12-10T23:01:12.085731,bike_51373
2025-12-11T11:01:09.684177,bike_19718
2025-12-11T11:01:09.870824,bike_21872
2025-12-11T11:01:15.451913,bike_10561
2025-12-11T11:01:12.372960,bike_57852
2025-12-11T11:01:10.971221,bike_77808
2025-12-11T11:01:07.810163,bike_71041
2025-12-11T11:01:07.904119,bike_07920
2025-12-08T17:01:02.982254,bike_74184
2025-12-11T11:01:16.384285,bike_68576
2025-12-11T11:01:14.383627,bike_58410
2025-12-11T11:01:10.890937,bike_85171
2025-12-11T11:01:12.612638,bike_23758
2025-12-11T05:01:09.967943,bike_09889
2025-12-11T11:01:15.811116,bike_51970
2025-12-11T11:01:11.670338,bike_50415
2025-12-11T11:01:08.612994,bike_52072
2025-12-11T11:01:11.550936,bike_74810
2025-12-11T11:01:07.724972,bike_02946
2025-12-11T05:01:07.811150,bike_75309
2025-12-02T17:01:07.622176,bike_62775
2025-12-11T11:01:07.784047,bike_55250
2025-12-11T11:01:06.824131,bike_21431
2025-12-11T11:01:10.364174,bike_13082
2025-12-11T11:01:08.010824,bike_67654
2025-12-11T11:01:13.354913,bike_47771
2025-12-11T11:01:10.844163,bike_07456
2025-12-11T11:01:06.486036,bike_24370
2025-12-11T11:01:06.864165,bike_77400
2025-12-11T11:01:11.330477,bike_71716
2025-12-08T11:01:06.065178,bike_60907
2025-12-11T11:01:06.752952,bike_60368
2025-12-11T11:01:09.153096,bike_78668
2025-12-11T11:01:06.170078,bike_77811
2025-12-11T11:01:15.811157,bike_22737
2025-12-11T11:01:16.744182,bike_80537
2025-12-11T11:01:10.010321,bike_50152
2025-12-11T05:01:06.228773,bike_85461
2025-12-11T11:01:10.230079,bike_44799
2025-12-11T11:01:07.872897,bike_60457
2025-12-11T11:01:16.564177,bike_76201
2025-12-11T11:01:14.170726,bike_25695
2025-12-09T05:01:09.437662,bike_69233
2025-12-11T11:01:05.984151,bike_47207
2025-12-11T11:01:07.384215,bike_70623
2025-12-11T11:01:08.552109,bike_67318
2025-12-11T11:01:11.953272,bike_50776
2025-12-11T11:01:13.544219,bike_45261
2025-12-11T11:01:15.430662,bike_52162
2025-12-11T11:01:07.533067,bike_88508
2025-12-11T05:01:07.190953,bike_80740
2025-12-11T11:01:06.352907,bike_70340
2025-12-11T11:01:15.373096,bike_52503
2025-12-11T11:01:10.873414,bike_73024
2025-12-11T11:01:14.649841,bike_62887
2025-12-11T05:01:03.810583,bike_89096
2025-12-11T11:01:15.971174,bike_79814
2025-12-11T11:01:10.944204,bike_57879
2025-12-11T11:01:16.810246,bike_78415
2025-12-11T11:01:10.671708,bike_68793
2025-12-11T11:01:07.523775,bike_73562
2025-12-10T05:01:02.388769,bike_47994
2025-12-11T11:01:12.733542,bike_55915
2025-12-06T17:01:08.391900,bike_72669
2025-12-11T11:01:16.752805,bike_70575
2025-12-11T11:01:13.631187,bike_21416
2025-12-11T11:01:09.570563,bike_00544
2025-12-11T11:01:16.332997,bike_80036
2025-12-11T11:01:15.024136,bike_81065
2025-12-11T11:01:13.391033,bike_68441
2025-12-11T11:01:11.064190,bike_46583
2025-12-11T11:01:14.951874,bike_68997
2025-12-11T11:01:14.804211,bike_43046
2025-12-11T11:01:09.750285,bike_47979
2025-12-11T11:01:15.811130,bike_78123
2025-12-11T11:01:14.544256,bike_81814
2025-12-11T11:01:09.431482,bike_15898
2025-11-29T17:01:10.737896,bike_26406
2025-12-11T05:01:03.701984,bike_08311
2025-12-11T11:01:06.304104,bike_75655
2025-12-11T11:01:13.093544,bike_63683
2025-12-11T11:01:13.244201,bike_52547
2025-12-11T11:01:08.711601,bike_60771
2025-12-11T11:01:15.364180,bike_74259
2025-12-11T11:01:16.890703,bike_51481
2025-12-11T05:01:09.631781,bike_88153
2025-12-11T05:01:08.341973,bike_56229
2025-12-11T11:01:13.413518,bike_78767
2025-12-11T11:01:11.424148,bike_63722
2025-12-11T11:01:10.711309,bike_17860
2025-12-11T11:01:15.993448,bike_43177
2025-12-11T11:01:07.850999,bike_42557
2025-12-11T11:01:15.144174,bike_76867
2025-12-11T11:01:12.504170,bike_25658
2025-12-09T17:01:10.555423,bike_69592
2025-12-11T11:01:13.044318,bike_09572
2025-12-11T11:01:13.312190,bike_45214
2025-12-11T11:01:08.392859,bike_69414
2025-12-11T11:01:07.330155,bike_76131
2025-12-11T11:01:16.393062,bike_88540
2025-12-11T11:01:11.344206,bike_23258
2025-12-11T11:01:09.010442,bike_52649
2025-12-11T11:01:11.604200,bike_70645
2025-12-11T11:01:08.804180,bike_52703
2025-12-11T11:01:09.944180,bike_56588
2025-12-11T11:01:08.464239,bike_56963
2025-12-10T05:01:02.825785,bike_62116
2025-12-11T11:01:09.470505,bike_67865
2025-12-11T11:01:15.490537,bike_74628
2025-12-11T11:01:09.984164,bike_10750
2025-12-01T11:01:13.377242,bike_75425
2025-12-11T11:01:09.090398,bike_10995
2025-12-11T11:01:15.610688,bike_19920
2025-12-11T11:01:15.490560,bike_77481
2025-12-11T11:01:10.831085,bike_18044
2025-12-08T05:01:07.368382,bike_52786
2025-12-11T11:01:12.230688,bike_10912
2025-12-11T11:01:12.364116,bike_60471
2025-12-11T05:01:10.981979,bike_89610
2025-12-09T23:01:05.731651,bike_62705
2025-12-11T11:01:16.564207,bike_81531
2025-12-11T11:01:12.253296,bike_75245
2025-12-10T23:01:10.336773,bike_75748
2025-12-11T11:01:11.872818,bike_69687
2025-12-11T11:01:11.984184,bike_23692
2025-12-11T11:01:11.992827,bike_72659
2025-12-11T11:01:12.114160,bike_63321
2025-12-11T11:01:13.344213,bike_78385
2025-12-11T11:01:08.410999,bike_44049
2025-12-11T11:01:06.544155,bike_44194
2025-12-11T11:01:13.224222,bike_70536
2025-12-11T11:01:09.764156,bike_72228
2025-12-11T11:01:12.993660,bike_61397
2025-12-11T11:01:10.270440,bike_88488
2025-12-11T11:01:16.312501,bike_45539
2025-12-11T11:01:13.884596,bike_73315
2025-12-11T11:01:08.010801,bike_60051
2025-12-11T11:01:12.709872,bike_68260
2025-12-09T11:01:05.365089,bike_81780
2025-12-11T11:01:14.144256,bike_56102
2025-12-11T11:01:13.480016,bike_76967
2025-12-11T11:01:06.784191,bike_43792
2025-12-11T05:01:10.027603,bike_88711
2025-12-11T11:01:12.653055,bike_75544
2025-12-11T11:01:11.533511,bike_43323
2025-12-11T11:01:07.230429,bike_46312
2025-12-05T11:01:08.691089,bike_47690
2025-12-11T11:01:16.850041,bike_67808
2025-12-11T11:01:09.732767,bike_75948
2025-12-10T05:01:07.660513,bike_89883
2025-12-11T11:01:09.604233,bike_81772
2025-12-11T11:01:13.324169,bike_52448
2025-11-30T05:01:05.905193,bike_89277
2025-12-10T17:01:02.160614,bike_88858
2025-12-11T11:01:09.470469,bike_86084
2025-12-11T11:01:09.791086,bike_50570
2025-12-11T11:01:11.244211,bike_44254
2025-12-11T11:01:07.070537,bike_67027
2025-12-11T11:01:08.724130,bike_23272
2025-12-11T11:01:17.031224,bike_74808
2025-12-11T11:01:11.231276,bike_89870
2025-11-28T11:01:40.723809,bike_58959
2025-12-11T11:01:07.792812,bike_47572
2025-12-11T11:01:14.130675,bike_25597
2025-12-11T05:01:12.637050,bike_71587
2025-12-11T11:01:10.190684,bike_80071
2025-12-11T11:01:12.444187,bike_62970
2025-12-11T11:01:07.591430,bike_76958
2025-12-11T05:01:10.321926,bike_77781
2025-12-11T11:01:12.504163,bike_80884
2025-12-11T11:01:12.144148,bike_62916
2025-12-11T11:01:15.473214,bike_85061
2025-12-11T11:01:11.564072,bike_46901
2025-12-11T11:01:08.353185,bike_57808
2025-12-11T11:01:15.670835,bike_68153
2025-12-11T11:01:10.610555,bike_19559
2025-12-02T23:01:06.490434,bike_22928
2025-12-03T05:01:14.699807,bike_42525
2025-12-11T05:01:06.107662,bike_47974
2025-12-11T11:01:07.244189,bike_51350
2025-12-11T11:01:12.913162,bike_77081
2025-12-11T05:01:06.530790,bike_72887
2025-12-11T11:01:09.892548,bike_18440
2025-12-11T11:01:10.424177,bike_20858
2025-12-11T11:01:09.353514,bike_75635
2025-12-11T11:01:16.604292,bike_51056
2025-12-11T11:01:15.944178,bike_45704
2025-12-11T11:01:06.024173,bike_05427
2025-12-11T11:01:13.553617,bike_81174
2025-12-11T11:01:16.250980,bike_51540
2025-12-11T11:01:13.284236,bike_74090
2025-12-11T11:01:14.251472,bike_22634
2025-12-11T11:01:09.113079,bike_70276
2025-12-11T11:01:07.070474,bike_82798
2025-12-11T11:01:10.433540,bike_46693
2025-12-11T11:01:06.033043,bike_82827
2025-12-11T11:01:06.971065,bike_24023
2025-12-11T11:01:06.193066,bike_69698
2025-12-11T11:01:15.811152,bike_48014
2025-12-11T11:01:15.653332,bike_00252
2025-12-11T11:01:15.930286,bike_50206
2025-12-11T11:01:09.314474,bike_81471
2025-12-11T05:01:06.781963,bike_56327
2025-12-11T11:01:07.613060,bike_80376
2025-12-11T11:01:14.031066,bike_61448
2025-12-11T11:01:08.033379,bike_45345
2025-12-11T11:01:08.773976,bike_09494
2025-12-11T11:01:12.172986,bike_11287
2025-12-10T05:01:07.440602,bike_80467
2025-12-11T05:01:10.872063,bike_78836
2025-12-11T11:01:11.630900,bike_70903
2025-12-11T11:01:06.393144,bike_10002
2025-12-11T05:01:09.168225,bike_61418
2025-12-11T11:01:06.485970,bike_86079
2025-12-11T11:01:08.604223,bike_62930
2025-11-30T11:01:11.628968,bike_89628
2025-12-11T11:01:07.810171,bike_52534
2025-12-11T11:01:08.984183,bike_71804
2025-12-11T11:01:14.344154,bike_88744
2025-12-11T11:01:07.070542,bike_70893
2025-12-11T11:01:12.593628,bike_36039
2025-12-11T11:01:10.270376,bike_24744
2025-12-11T11:01:14.383600,bike_71062
2025-12-11T11:01:17.044227,bike_86035
2025-12-05T17:01:05.873313,bike_89681
2025-12-11T11:01:15.828879,bike_79479
2025-12-11T11:01:09.332225,bike_80003
2025-12-11T11:01:11.533488,bike_79446
2025-12-11T11:01:15.944166,bike_45624
2025-12-11T11:01:15.264289,bike_43575
2025-12-11T11:01:09.930893,bike_85089
2025-12-11T11:01:13.604248,bike_80495
2025-12-11T11:01:08.073259,bike_75564
2025-12-11T05:01:11.428217,bike_45812
2025-12-11T11:01:16.193501,bike_76506
2025-12-11T11:01:15.064174,bike_70426
2025-12-11T11:01:12.309980,bike_77477
2025-12-10T23:01:08.934605,bike_89349
2025-12-11T11:01:12.764139,bike_03503
2025-12-11T11:01:07.630479,bike_22851
2025-12-11T11:01:07.424136,bike_52930
2025-12-11T11:01:08.613002,bike_17819
2025-12-11T11:01:10.513552,bike_77560
2025-12-11T11:01:07.645167,bike_51111
2025-12-11T11:01:06.704164,bike_11325
2025-12-11T11:01:16.573753,bike_68548
2025-12-11T11:01:10.930176,bike_50874
2025-12-11T11:01:07.890116,bike_82535
2025-12-11T11:01:14.013697,bike_53309
2025-12-11T05:01:02.870868,bike_82516
2025-12-11T11:01:11.984160,bike_77899
2025-11-28T05:01:34.890171,bike_58970
2025-12-11T11:01:08.992902,bike_12372
2025-12-11T11:01:09.993096,bike_60607
2025-12-11T11:01:11.290413,bike_89116
2025-12-11T11:01:11.273226,bike_43694
2025-12-11T11:01:15.913114,bike_72468
2025-12-11T11:01:09.944187,bike_56097
2025-12-11T11:01:07.604220,bike_62538
2025-12-11T11:01:08.644206,bike_13477
2025-12-11T11:01:15.820068,bike_67807
2025-12-11T11:01:06.609836,bike_75898
2025-12-11T11:01:11.970352,bike_23778
2025-12-11T11:01:15.350520,bike_47444
2025-12-11T11:01:06.232663,bike_78034
2025-12-11T11:01:13.653574,bike_42529
2025-12-11T11:01:10.091039,bike_02752
2025-11-30T17:01:04.190951,bike_58180
2025-12-06T05:01:03.765467,bike_03240
2025-12-11T11:01:16.752852,bike_60901
2025-12-11T11:01:14.813187,bike_77260
2025-12-10T11:01:08.133290,bike_25107
2025-12-06T11:01:10.124540,bike_77215
2025-12-11T11:01:09.892582,bike_74141
2025-12-11T11:01:05.844016,bike_71302
2025-12-11T11:01:08.204344,bike_80739
2025-12-11T11:01:13.530593,bike_21670
2025-12-11T11:01:12.230731,bike_76826
2025-12-11T11:01:10.230060,bike_51528
2025-12-11T11:01:07.244149,bike_21956
2025-12-09T17:01:10.048460,bike_72376
2025-12-11T11:01:15.010884,bike_80293
2025-12-11T11:01:11.791866,bike_50044
2025-12-11T11:01:16.591424,bike_55474
2025-12-11T11:01:08.024177,bike_67055
2025-12-11T11:01:15.670838,bike_88269
2025-12-11T11:01:08.304261,bike_67254
2025-12-11T11:01:06.770301,bike_61991
2025-12-11T11:01:09.904189,bike_89853
2025-12-11T11:01:12.751766,bike_45004
2025-12-11T11:01:06.104062,bike_73278
2025-12-11T11:01:12.164197,bike_55259
2025-12-11T11:01:07.053509,bike_47422
2025-12-11T11:01:16.944212,bike_24245
2025-12-11T11:01:10.173319,bike_46489
2025-12-11T11:01:08.830091,bike_75365
2025-12-11T11:01:15.711679,bike_08374
2025-12-08T17:01:07.464257,bike_18232
2025-12-11T11:01:10.831087,bike_89553
2025-12-11T11:01:13.404197,bike_85012
2025-12-11T11:01:06.486029,bike_76476
2025-12-11T11:01:16.873293,bike_75669
2025-12-11T11:01:07.330168,bike_20283
2025-12-11T11:01:14.993620,bike_11453
2025-12-11T11:01:08.410970,bike_77380
2025-12-11T05:01:12.542016,bike_81202
2025-12-11T11:01:11.804160,bike_50829
2025-12-11T11:01:09.912912,bike_57091
2025-12-11T11:01:07.630505,bike_55350
2025-12-11T11:01:15.504148,bike_01662
2025-12-11T11:01:13.364627,bike_88053
2025-12-11T11:01:10.998461,bike_55553
2025-12-11T11:01:16.251011,bike_51814
2025-12-11T11:01:15.464215,bike_70637
2025-12-11T11:01:17.052952,bike_76032
2025-12-11T11:01:11.384122,bike_56549
2025-12-11T11:01:10.091024,bike_78841
2025-12-10T05:01:07.418476,bike_79379
2025-12-11T11:01:10.755199,bike_62582
2025-12-11T11:01:10.873380,bike_45459
2025-12-11T11:01:08.684209,bike_47538
2025-12-11T11:01:12.050628,bike_21439
2025-12-11T11:01:12.564181,bike_18601
2025-12-10T17:01:05.478071,bike_73733
2025-12-11T11:01:06.713171,bike_07290
2025-12-11T11:01:16.730405,bike_03333
2025-12-11T11:01:14.153421,bike_77788
2025-12-11T11:01:09.384194,bike_89084
2025-12-11T11:01:07.684152,bike_77864
2025-12-10T23:01:13.894280,bike_58997
2025-12-10T23:01:12.008628,bike_73295
2025-12-11T11:01:10.033338,bike_20076
2025-12-11T11:01:07.564033,bike_89845
2025-12-11T11:01:11.524174,bike_58486
2025-12-09T11:01:08.147503,bike_73531
2025-12-11T11:01:10.091006,bike_88407
2025-12-11T11:01:15.234043,bike_43384
2025-12-11T11:01:12.593618,bike_51838
2025-12-11T11:01:07.393469,bike_52196
2025-12-11T11:01:16.644266,bike_77645
2025-12-11T11:01:07.523746,bike_14123
2025-12-11T11:01:09.414227,bike_82244
2025-12-11T11:01:10.464188,bike_20286
2025-12-11T11:01:13.111277,bike_51598
2025-12-11T11:01:09.064132,bike_71736
2025-12-11T11:01:11.033589,bike_23948
2025-12-11T11:01:07.890098,bike_62109
2025-12-11T11:01:14.964179,bike_23445
2025-12-11T11:01:14.712926,bike_89957
2025-12-11T11:01:12.309970,bike_78062
2025-12-11T11:01:13.404190,bike_78724
2025-12-11T11:01:06.424172,bike_60489
2025-12-11T11:01:06.752938,bike_11848
2025-12-11T11:01:11.370618,bike_79619
2025-12-11T11:01:16.504213,bike_19588
2025-12-11T11:01:07.864153,bike_73053
2025-12-11T11:01:15.811141,bike_63345
2025-12-11T11:01:11.344172,bike_76229
2025-12-11T11:01:09.144141,bike_78690
2025-12-11T11:01:15.693737,bike_13987
2025-12-11T11:01:14.683452,bike_06835
2025-12-11T11:01:15.913155,bike_74610
2025-12-11T11:01:07.784063,bike_71112
2025-12-11T11:01:10.544184,bike_10986
2025-12-11T11:01:08.812887,bike_51122
2025-12-11T11:01:10.772824,bike_56078
2025-12-11T11:01:12.471122,bike_45017
2025-12-07T11:01:07.668168,bike_00096
2025-12-11T11:01:13.324167,bike_89855
2025-12-11T11:01:09.113062,bike_46313
2025-12-11T11:01:11.953284,bike_67139
2025-12-11T11:01:12.073075,bike_44308
2025-12-11T11:01:13.193764,bike_78053
2025-12-11T11:01:07.489243,bike_81704
2025-12-11T11:01:06.312985,bike_78155
2025-12-11T11:01:10.311269,bike_78388
2025-12-06T17:01:11.546303,bike_25729
2025-12-11T11:01:09.444114,bike_23177
2025-12-11T11:01:11.370572,bike_72974
2025-12-11T11:01:05.984169,bike_08874
2025-12-11T11:01:14.624148,bike_12517
2025-12-11T11:01:16.573758,bike_60583
2025-12-11T11:01:06.193071,bike_58877
2025-12-11T05:01:11.170649,bike_77919
2025-12-11T11:01:16.411281,bike_71672
2025-12-11T11:01:13.684200,bike_44233
2025-12-11T11:01:09.584089,bike_14814
2025-12-09T23:01:11.891198,bike_15516
2025-12-11T11:01:10.324201,bike_51436
2025-12-11T05:01:10.968125,bike_85188
2025-12-11T11:01:11.410585,bike_73615
2025-12-11T11:01:15.584201,bike_23316
2025-12-11T11:01:11.073392,bike_52482
2025-12-11T11:01:16.312462,bike_15386
2025-12-11T11:01:05.950598,bike_51252
2025-12-11T11:01:16.170728,bike_88185
2025-12-11T11:01:15.872729,bike_85048
2025-12-11T11:01:10.173322,bike_01032
2025-12-11T11:01:12.292642,bike_79573
2025-12-11T11:01:12.692957,bike_56925
2025-12-11T11:01:15.104200,bike_07754
2025-12-11T11:01:12.073046,bike_43873
2025-12-11T11:01:15.850410,bike_89255
2025-12-11T11:01:16.873264,bike_03947
2025-12-11T11:01:07.944133,bike_01715
2025-12-11T11:01:09.504105,bike_85163
2025-12-11T11:01:06.570672,bike_45241
2025-12-11T11:01:14.951915,bike_60443
2025-12-11T11:01:16.713068,bike_51628
2025-12-11T11:01:14.370162,bike_72409
2025-12-11T11:01:11.684190,bike_80762
2025-12-11T11:01:09.804051,bike_09199
2025-12-11T11:01:12.733534,bike_82569
2025-12-11T11:01:09.232415,bike_77470
2025-12-11T11:01:10.653346,bike_81195
2025-12-11T11:01:07.024148,bike_08473
2025-12-11T11:01:08.970831,bike_71406
2025-12-11T11:01:10.998442,bike_46875
2025-12-11T11:01:08.904109,bike_56609
2025-12-11T05:01:09.567965,bike_74589
2025-12-11T11:01:10.033345,bike_37991
2025-12-11T11:01:16.890657,bike_86047
2025-12-11T11:01:16.604298,bike_61391
2025-12-11T11:01:13.470853,bike_52722
2025-12-11T11:01:15.850405,bike_77784
2025-11-28T11:01:25.663707,bike_60804
2025-12-11T11:01:12.604064,bike_50844
2025-12-11T11:01:14.031008,bike_76331
2025-12-11T11:01:10.064170,bike_69073
2025-12-11T11:01:11.133335,bike_04092
2025-12-11T11:01:11.410521,bike_56288
2025-12-10T23:01:06.468704,bike_46128
2025-12-11T11:01:09.431501,bike_67870
2025-12-11T11:01:09.831192,bike_77315
2025-12-11T11:01:07.724982,bike_01367
2025-12-11T11:01:16.272679,bike_80940
2025-12-11T11:01:14.491395,bike_71328
2025-12-11T11:01:08.264171,bike_88669
2025-12-11T11:01:16.170746,bike_79267
2025-12-11T11:01:09.073182,bike_16550
2025-12-11T11:01:15.390335,bike_44290
2025-12-11T11:01:14.044174,bike_78301
2025-12-11T11:01:16.573715,bike_21059
2025-12-11T11:01:11.944432,bike_62908
2025-12-11T11:01:14.184163,bike_08049
2025-12-11T11:01:16.224251,bike_80893
2025-12-04T11:01:16.100546,bike_81756
2025-12-11T11:01:07.694406,bike_25097
2025-12-11T11:01:06.433326,bike_74370
2025-12-10T11:01:11.769283,bike_43488
2025-12-11T11:01:14.004261,bike_61251
2025-12-11T11:01:13.293279,bike_89376
2025-12-11T11:01:10.311319,bike_89647
2025-12-11T11:01:14.104267,bike_51992
2025-12-11T11:01:16.990946,bike_70712
2025-12-11T11:01:16.350856,bike_46339
2025-12-11T11:01:15.333218,bike_74475
2025-12-11T11:01:08.612986,bike_75816
2025-12-11T11:01:06.494761,bike_70358
2025-12-11T11:01:17.000116,bike_58886
2025-12-11T11:01:15.644166,bike_46442
2025-12-11T11:01:10.944196,bike_62053
2025-12-11T11:01:11.769853,bike_89072
2025-12-11T11:01:09.492625,bike_50543
2025-12-10T23:01:10.898009,bike_88087
2025-12-11T11:01:10.930159,bike_51083
2025-12-11T11:01:08.870225,bike_12568
2025-12-11T11:01:07.913202,bike_88054
2025-12-11T11:01:14.193054,bike_43486
2025-12-11T11:01:13.480008,bike_89885
2025-12-11T11:01:15.184201,bike_80240
2025-12-11T11:01:07.784022,bike_22681
2025-12-11T11:01:11.303702,bike_85183
2025-12-10T17:01:04.471707,bike_58311
2025-12-11T11:01:17.052933,bike_44018
2025-12-11T11:01:14.432734,bike_67291
2025-12-11T11:01:06.913419,bike_80487
2025-12-10T17:01:08.051750,bike_05398
2025-12-11T11:01:10.212936,bike_45544
2025-12-11T11:01:09.470472,bike_71396
2025-12-11T11:01:07.024196,bike_80879
2025-12-06T23:01:11.231485,bike_63657
2025-12-11T05:01:08.568062,bike_85504
2025-12-11T11:01:09.732755,bike_35325
2025-12-09T05:01:13.104309,bike_48056
2025-12-11T11:01:11.344201,bike_19533
2025-12-11T11:01:07.173361,bike_18789
2025-12-11T11:01:10.294074,bike_00581
2025-12-11T11:01:16.010687,bike_61506
2025-12-11T11:01:07.850980,bike_56936
2025-12-11T11:01:10.364187,bike_78325
2025-12-11T11:01:15.553118,bike_73346
2025-12-11T05:01:02.631146,bike_46789
2025-12-11T11:01:11.073407,bike_09484
2025-12-11T11:01:05.959954,bike_16092
2025-12-11T11:01:06.514002,bike_76792
2025-12-11T11:01:11.724147,bike_78697
2025-12-11T11:01:10.010290,bike_78822
2025-12-05T23:01:13.898752,bike_24932
2025-12-11T11:01:13.430861,bike_86033
2025-12-10T11:01:04.953426,bike_69515
2025-12-11T11:01:13.271579,bike_53376
2025-12-11T11:01:06.024138,bike_74024
2025-12-11T11:01:10.351144,bike_89430
2025-12-11T11:01:16.113537,bike_58271
2025-12-11T11:01:09.290913,bike_76839
2025-12-11T11:01:10.024135,bike_73653
2025-12-11T11:01:10.311301,bike_47080
2025-12-11T11:01:06.384171,bike_60344
2025-12-11T11:01:14.353162,bike_51538
2025-12-11T11:01:10.544225,bike_71064
2025-12-11T11:01:08.930741,bike_77849
2025-12-10T23:01:13.499262,bike_52828
2025-12-11T05:01:10.941935,bike_71155
2025-12-11T11:01:14.592665,bike_00089
2025-12-11T11:01:09.064126,bike_12125
2025-12-11T11:01:12.284152,bike_57892
2025-12-11T11:01:09.984194,bike_74050
2025-12-08T11:01:05.754323,bike_61997
2025-12-11T11:01:11.264188,bike_73490
2025-12-11T11:01:16.744198,bike_89327
2025-12-11T11:01:08.653116,bike_61669
2025-12-11T11:01:16.471370,bike_44715
2025-12-11T11:01:15.684198,bike_46618
2025-12-11T11:01:11.864161,bike_47646
2025-12-11T05:01:11.710798,bike_73387
2025-12-11T11:01:08.410990,bike_55457
2025-12-11T11:01:10.024146,bike_67898
2025-12-11T11:01:11.024137,bike_08706
2025-12-11T11:01:06.033041,bike_55566
2025-12-11T11:01:16.453612,bike_79085
2025-12-11T11:01:06.249225,bike_89357
2025-12-11T11:01:06.024191,bike_88289
2025-12-11T11:01:07.724955,bike_80057
2025-12-11T11:01:15.264257,bike_48097
2025-12-11T11:01:06.304084,bike_72218
2025-12-11T11:01:16.350867,bike_77304
2025-11-30T17:01:05.244501,bike_63674
2025-12-09T17:01:04.678728,bike_73043
2025-12-11T11:01:07.654517,bike_45370
2025-12-11T11:01:07.133075,bike_78853
2025-12-11T11:01:09.314448,bike_72757
2025-12-10T17:01:01.681019,bike_69212
2025-12-11T11:01:14.184148,bike_89642
2025-12-11T11:01:10.364208,bike_78686
2025-12-11T11:01:13.553647,bike_67454
2025-12-11T11:01:09.431522,bike_74514
2025-12-08T17:01:06.476268,bike_07203
2025-12-11T11:01:08.090510,bike_63565
2025-12-11T11:01:15.064201,bike_50532
2025-12-11T11:01:10.173246,bike_70780
2025-12-11T11:01:09.051610,bike_43601
2025-12-11T11:01:09.370857,bike_53075
2025-12-07T17:01:11.936879,bike_10152
2025-12-11T11:01:09.831223,bike_75112
2025-12-11T11:01:08.371165,bike_77887
2025-12-11T11:01:13.653551,bike_80877
2025-12-11T11:01:06.953110,bike_68848
2025-12-11T11:01:06.064041,bike_51772
2025-12-11T11:01:12.213342,bike_86086
2025-12-11T11:01:16.713101,bike_71117
2025-12-11T11:01:07.913173,bike_52713
2025-12-11T11:01:06.890344,bike_52475
2025-12-11T11:01:12.629895,bike_02603
2025-12-11T11:01:08.033381,bike_72281
2025-12-11T11:01:14.491374,bike_73253
2025-12-11T11:01:11.813244,bike_69713
2025-12-11T11:01:12.550713,bike_16693
2025-12-11T11:01:14.884257,bike_34652
2025-12-11T11:01:09.210607,bike_75244
2025-12-11T11:01:15.273258,bike_78884
2025-12-11T11:01:13.452763,bike_74072
2025-12-06T17:01:08.272930,bike_62168
2025-12-11T11:01:15.451936,bike_47427
2025-12-11T11:01:13.024186,bike_55906
2025-12-11T11:01:09.732791,bike_79077
2025-12-11T11:01:08.050878,bike_73567
2025-12-11T11:01:07.124300,bike_74921
2025-12-11T11:01:12.471104,bike_43455
2025-12-11T11:01:06.329898,bike_44001
2025-12-11T11:01:08.504273,bike_72290
2025-12-11T11:01:16.810298,bike_62980
2025-12-11T11:01:16.453659,bike_73775
2025-12-11T11:01:10.554054,bike_47351
2025-12-11T11:01:13.553594,bike_46902
2025-12-11T11:01:10.554012,bike_16839
2025-12-11T11:01:15.944141,bike_71570
2025-12-11T11:01:11.113324,bike_80267
2025-12-11T11:01:13.244232,bike_52305
2025-12-11T11:01:06.673410,bike_77222
2025-12-11T11:01:06.850009,bike_77682
2025-12-11T11:01:09.684151,bike_03823
2025-12-11T11:01:10.204106,bike_47757
2025-12-11T11:01:09.073097,bike_10284
2025-12-11T11:01:11.090170,bike_71148
2025-12-11T11:01:14.893033,bike_81771
2025-12-11T11:01:15.553154,bike_60657
2025-12-11T11:01:09.604214,bike_17165
2025-12-11T05:01:11.530881,bike_44861
2025-12-11T11:01:15.373098,bike_08523
2025-12-11T11:01:07.344214,bike_72178
2025-12-11T11:01:06.890326,bike_76294
2025-12-11T11:01:13.904156,bike_77715
2025-12-11T11:01:06.477074,bike_18166
2025-12-11T11:01:10.190663,bike_23275
2025-12-05T05:01:09.132803,bike_82817
2025-12-11T11:01:14.704183,bike_63487
2025-12-11T11:01:14.324184,bike_61626
2025-12-11T11:01:09.210572,bike_08282
2025-12-11T11:01:06.249230,bike_67605
2025-12-11T11:01:15.473216,bike_73092
2025-12-11T11:01:09.553267,bike_52548
2025-12-07T17:01:08.207564,bike_53132
2025-12-11T11:01:09.444096,bike_72968
2025-12-11T11:01:07.365451,bike_70572
2025-12-11T11:01:06.283415,bike_52452
2025-12-11T05:01:12.091270,bike_60519
2025-12-11T11:01:09.484082,bike_70129
2025-12-11T05:01:03.087752,bike_11165
2025-12-11T11:01:10.571943,bike_88864
2025-12-11T11:01:12.471160,bike_51030
2025-12-11T11:01:14.432747,bike_11212
2025-12-11T11:01:15.610664,bike_21342
2025-12-11T11:01:11.872793,bike_16033
2025-12-11T11:01:08.804165,bike_82824
2025-12-11T11:01:10.270371,bike_67375
2025-12-11T11:01:15.828827,bike_44153
2025-12-11T11:01:09.631222,bike_77328
2025-12-11T11:01:07.533060,bike_88638
2025-12-11T11:01:15.210173,bike_77225
2025-12-11T11:01:09.732778,bike_69390
2025-12-11T11:01:07.864205,bike_23842
2025-12-11T11:01:10.764064,bike_62552
2025-12-11T11:01:14.592695,bike_80625
2025-12-02T17:01:08.515017,bike_76533
2025-12-11T11:01:07.864161,bike_12733
2025-12-11T11:01:11.752906,bike_46309
2025-12-11T05:01:02.508904,bike_74182
2025-12-11T11:01:06.609868,bike_73869
2025-12-05T11:01:13.212864,bike_89689
2025-12-11T11:01:11.935196,bike_88505
2025-12-11T11:01:14.910376,bike_80986
2025-12-10T23:01:05.234817,bike_60018
2025-12-11T11:01:14.053046,bike_67999
2025-12-11T11:01:09.993094,bike_45741
2025-12-06T11:01:10.411274,bike_17990
2025-12-11T11:01:09.344204,bike_77665
2025-12-11T05:01:04.549979,bike_47655
2025-12-11T11:01:15.192912,bike_39413
2025-12-03T05:01:05.026909,bike_45502
2025-12-11T11:01:16.850084,bike_43784
2025-12-11T11:01:09.570574,bike_63319
2025-11-28T17:01:08.091578,bike_56332
2025-12-11T11:01:12.670201,bike_50507
2025-12-11T11:01:08.353226,bike_10788
2025-12-11T11:01:12.010456,bike_80326
2025-12-11T11:01:06.393121,bike_73940
2025-12-11T11:01:08.891797,bike_69132
2025-12-11T11:01:17.044175,bike_78156
2025-12-11T11:01:15.984219,bike_51613
2025-12-11T11:01:09.064176,bike_75117
2025-12-09T17:01:14.112083,bike_88431
2025-12-11T11:01:10.474995,bike_22493
2025-12-11T11:01:14.933332,bike_61591
2025-12-11T11:01:14.409944,bike_26037
2025-12-11T11:01:10.724131,bike_10894
2025-12-11T11:01:10.164184,bike_50913
2025-12-11T11:01:09.332249,bike_62015
2025-12-11T11:01:09.870827,bike_72780
2025-12-05T23:01:11.280254,bike_12998
2025-12-11T11:01:07.784073,bike_55677
2025-12-11T11:01:06.371559,bike_51771
2025-12-11T11:01:11.410498,bike_80386
2025-12-11T11:01:07.970159,bike_61744
2025-12-11T11:01:13.127063,bike_17946
2025-12-11T11:01:07.204170,bike_74320
2025-12-11T11:01:06.033048,bike_01009
2025-12-11T11:01:15.490520,bike_89902
2025-12-11T11:01:11.064170,bike_47246
2025-12-11T11:01:14.300735,bike_52614
2025-12-11T11:01:12.653088,bike_71092
2025-12-11T11:01:11.804186,bike_89842
2025-12-11T11:01:15.290804,bike_69165
2025-12-11T11:01:08.970803,bike_78795
2025-12-11T11:01:11.353162,bike_39922
2025-12-11T11:01:07.470147,bike_18272
2025-12-11T11:01:06.329870,bike_61620
2025-12-11T11:01:13.711246,bike_76971
2025-12-11T11:01:06.570649,bike_75814
2025-12-04T17:01:10.131201,bike_52116
2025-12-11T11:01:17.070146,bike_89730
2025-12-11T11:01:06.824139,bike_46753
2025-12-11T11:01:07.810180,bike_45570
2025-12-11T05:01:06.601923,bike_85143
2025-12-11T11:01:10.873420,bike_46344
2025-12-11T11:01:09.492592,bike_70458
2025-12-10T23:01:10.655317,bike_47539
2025-12-11T11:01:13.054150,bike_46333
2025-12-11T11:01:06.384145,bike_69111
2025-12-11T11:01:06.810057,bike_71817
2025-12-09T17:01:05.888459,bike_57186
2025-12-10T17:01:02.071607,bike_70331
2025-12-11T11:01:12.504125,bike_16905
2025-12-11T11:01:16.104144,bike_61667
2025-12-11T11:01:06.494820,bike_80968
2025-12-11T05:01:05.541948,bike_69420
2025-12-11T11:01:11.213442,bike_77464
2025-12-11T05:01:05.688373,bike_67495
2025-12-11T11:01:08.264202,bike_50866
2025-12-11T11:01:12.413441,bike_88658
2025-12-11T11:01:09.584103,bike_52847
2025-12-11T05:01:03.750794,bike_34320
2025-12-11T11:01:12.604023,bike_88842
2025-12-11T11:01:11.012475,bike_61507
2025-12-11T11:01:15.504186,bike_70602
2025-12-11T11:01:06.832978,bike_46390
2025-12-11T11:01:09.653312,bike_52671
2025-12-11T11:01:14.831184,bike_76539
2025-12-11T11:01:15.544193,bike_24057
2025-12-11T11:01:07.744183,bike_52514
2025-12-11T05:01:13.362055,bike_76177
2025-12-11T11:01:09.010444,bike_74228
2025-12-11T11:01:16.824118,bike_73997
2025-12-11T11:01:07.654511,bike_52861
2025-12-11T11:01:05.924285,bike_52140
2025-12-11T11:01:12.993680,bike_33060
2025-12-11T11:01:16.784141,bike_78917
2025-12-11T11:01:16.024191,bike_53097
2025-12-11T05:01:11.361965,bike_88102
2025-12-11T11:01:06.232707,bike_03296
2025-12-11T11:01:06.904226,bike_08946
2025-12-11T11:01:08.150664,bike_45435
2025-12-02T17:01:05.443834,bike_07217
2025-12-11T11:01:12.430848,bike_51623
2025-12-11T11:01:15.859209,bike_79583
2025-12-10T23:01:13.135799,bike_15566
2025-12-11T11:01:07.784060,bike_46474
2025-12-11T11:01:09.273350,bike_77690
2025-12-11T11:01:16.533576,bike_53247
2025-12-11T11:01:07.510726,bike_43474
2025-12-11T11:01:07.204183,bike_61958
2025-12-11T11:01:16.810281,bike_19788
2025-12-11T11:01:10.653310,bike_58800
2025-12-11T11:01:08.104244,bike_75116
2025-12-11T11:01:06.184153,bike_81769
2025-12-05T17:01:14.321968,bike_68114
2025-12-11T11:01:16.424237,bike_51559
2025-12-11T11:01:12.404122,bike_73085
2025-12-06T11:01:08.638809,bike_26764
2025-12-11T11:01:11.384192,bike_81914
2025-12-11T11:01:08.344219,bike_79115
2025-12-11T11:01:14.933289,bike_76391
2025-12-11T11:01:09.431479,bike_71349
2025-12-11T11:01:09.314450,bike_50958
2025-12-11T11:01:06.304119,bike_70211
2025-12-11T11:01:16.551450,bike_51971
2025-12-11T11:01:13.253682,bike_25792
2025-12-06T17:01:12.064946,bike_74117
2025-12-11T11:01:16.914604,bike_71336
2025-12-11T11:01:10.131115,bike_77010
2025-12-11T11:01:14.310074,bike_14628
2025-12-11T11:01:14.004263,bike_04060
2025-12-11T11:01:16.964259,bike_62715
2025-12-11T11:01:14.513404,bike_81006
2025-12-11T11:01:16.990915,bike_26801
2025-12-11T11:01:08.273246,bike_80083
2025-12-11T11:01:06.010711,bike_46378
2025-12-11T05:01:02.490910,bike_78265
2025-12-11T11:01:15.170404,bike_69096
2025-12-11T11:01:09.724159,bike_12748
2025-12-11T11:01:12.791133,bike_05988
2025-12-11T11:01:12.492698,bike_80930
2025-12-11T11:01:15.333194,bike_16702
2025-12-11T11:01:14.993602,bike_46684
2025-12-11T11:01:09.512849,bike_42504
2025-12-11T11:01:12.612569,bike_70694
2025-12-11T11:01:10.930186,bike_63101
2025-12-11T11:01:15.930326,bike_73303
2025-12-11T05:01:08.261962,bike_45542
2025-12-11T11:01:07.724961,bike_51493
2025-12-11T11:01:12.024210,bike_58269
2025-12-11T11:01:08.530658,bike_74587
2025-12-11T05:01:04.989126,bike_51002
2025-12-11T11:01:16.914590,bike_52715
2025-12-11T11:01:13.964199,bike_68763
2025-12-11T11:01:09.711257,bike_89788
2025-12-11T11:01:12.131866,bike_78460
2025-12-11T11:01:12.751753,bike_47456
2025-12-11T11:01:10.513491,bike_80070
2025-12-11T11:01:15.504204,bike_17979
2025-12-06T17:01:07.417450,bike_71572
2025-12-11T11:01:11.273205,bike_47423
2025-12-11T11:01:06.904213,bike_43340
2025-12-11T11:01:13.964219,bike_23783
2025-12-11T11:01:17.052950,bike_45777
2025-12-11T11:01:16.481057,bike_89089
2025-12-11T11:01:14.464169,bike_89483
2025-12-11T11:01:12.284136,bike_79915
2025-12-11T11:01:15.350456,bike_21636
2025-12-11T11:01:08.164216,bike_45185
2025-12-11T11:01:09.773264,bike_69159
2025-12-11T11:01:17.044204,bike_89341
2025-12-11T11:01:07.424154,bike_68971
2025-12-11T11:01:09.484121,bike_69120
2025-12-11T11:01:06.904218,bike_56403
2025-12-11T11:01:14.031031,bike_43657
2025-12-11T11:01:07.084140,bike_78692
2025-12-11T11:01:15.993465,bike_01412
2025-12-11T11:01:06.129975,bike_21961
2025-12-10T23:01:06.858183,bike_70471
2025-12-11T11:01:12.350699,bike_16374
2025-12-11T11:01:08.204359,bike_46046
2025-12-11T11:01:14.210135,bike_73182
2025-12-11T11:01:10.351133,bike_72678
2025-12-11T11:01:16.744218,bike_67073
2025-12-11T11:01:11.124161,bike_62367
2025-12-11T11:01:16.024177,bike_61257
2025-12-11T11:01:14.704162,bike_19614
2025-12-09T11:01:07.131373,bike_51496
2025-12-11T11:01:16.193543,bike_74310
2025-11-30T05:01:12.193286,bike_68078
2025-12-11T11:01:09.032975,bike_78623
2025-12-11T11:01:13.011516,bike_22717
2025-12-11T11:01:10.554032,bike_63495
2025-12-11T11:01:11.353184,bike_70986
2025-12-11T05:01:05.881932,bike_77072
2025-12-11T11:01:14.683455,bike_52073
2025-12-11T11:01:15.670846,bike_76950
2025-12-11T11:01:12.644095,bike_74933
2025-12-11T11:01:14.464162,bike_09656
2025-12-11T11:01:10.804184,bike_02426
2025-12-11T11:01:13.572048,bike_70405
2025-12-11T05:01:08.461917,bike_81241
2025-12-11T05:01:06.188653,bike_88388
2025-12-06T23:01:12.564363,bike_89684
2025-12-11T11:01:09.193137,bike_17780
2025-12-11T11:01:15.234006,bike_82215
2025-12-11T11:01:08.353257,bike_88159
2025-12-11T11:01:07.952877,bike_46826
2025-12-11T11:01:13.354901,bike_73614
2025-12-11T11:01:07.913153,bike_50598
2025-12-11T11:01:11.370585,bike_89218
2025-12-11T11:01:10.513523,bike_05162
2025-12-11T11:01:08.024193,bike_16458
2025-12-11T11:01:09.944161,bike_19689
2025-12-11T11:01:09.613390,bike_56541
2025-12-11T11:01:07.330183,bike_88986
2025-12-11T11:01:13.430881,bike_05019
2025-12-11T11:01:08.852947,bike_51812
2025-12-11T11:01:10.944143,bike_20880
2025-12-11T11:01:15.033726,bike_75570
2025-12-11T11:01:11.151256,bike_45546
2025-12-11T11:01:16.090149,bike_47729
2025-12-11T11:01:14.184143,bike_17668
2025-12-11T11:01:10.772841,bike_21409
2025-12-11T11:01:12.284102,bike_24046
2025-12-11T11:01:06.650532,bike_56939
2025-12-11T11:01:10.190671,bike_20410
2025-12-11T11:01:06.170107,bike_52602
2025-12-11T11:01:15.944132,bike_74144
2025-12-11T11:01:12.050647,bike_81512
2025-12-11T11:01:10.890931,bike_63655
2025-12-11T11:01:10.998472,bike_70198
2025-12-11T11:01:13.511686,bike_50956
2025-12-11T11:01:10.475000,bike_52263
2025-12-11T11:01:13.470841,bike_46867
2025-12-11T11:01:07.304152,bike_47214
2025-12-11T11:01:06.731167,bike_63579
2025-12-11T11:01:13.093529,bike_79137
2025-12-11T11:01:11.692814,bike_56395
2025-12-11T11:01:15.104157,bike_85126
2025-12-11T11:01:09.604216,bike_67161
2025-12-11T11:01:08.451005,bike_44704
2025-12-11T11:01:10.131106,bike_16886
2025-12-11T11:01:06.514010,bike_11801
2025-12-11T05:01:06.561917,bike_76965
2025-12-11T11:01:14.764199,bike_81776
2025-12-11T11:01:12.764165,bike_07963
2025-12-11T11:01:16.810263,bike_00393
2025-12-09T23:01:07.371029,bike_82260
2025-12-01T11:01:08.137347,bike_45173
2025-12-11T11:01:07.432939,bike_73325
2025-12-11T11:01:15.464191,bike_67374
2025-12-11T11:01:13.084321,bike_58330
2025-12-11T11:01:10.790801,bike_46569
2025-12-11T11:01:13.521090,bike_81231
2025-12-11T11:01:08.304232,bike_82871
2025-12-11T11:01:15.764220,bike_46519
2025-11-27T18:03:44.825230,bike_16093
2025-12-11T11:01:07.365432,bike_89240
2025-12-04T23:01:04.475812,bike_85136
2025-12-11T11:01:15.610670,bike_11829
2025-12-11T11:01:15.750684,bike_19991
2025-12-11T11:01:09.353482,bike_55342
2025-12-11T11:01:15.073083,bike_53130
2025-12-11T11:01:09.724124,bike_44571
2025-12-11T11:01:10.413548,bike_79189
2025-12-11T11:01:07.890124,bike_62733
2025-12-11T11:01:15.984199,bike_51684
2025-12-11T11:01:14.910399,bike_47653
2025-12-11T11:01:11.851757,bike_61167
2025-12-11T11:01:16.730375,bike_20474
2025-12-11T11:01:15.024139,bike_52343
2025-12-11T11:01:10.711278,bike_77075
2025-12-11T11:01:06.544173,bike_71260
2025-12-11T11:01:07.092873,bike_55575
2025-12-11T05:01:08.610712,bike_57047
2025-12-11T11:01:12.144193,bike_52950
2025-12-11T11:01:07.252873,bike_85498
2025-12-11T11:01:15.273280,bike_89148
2025-12-11T11:01:08.552067,bike_17350
2025-12-11T11:01:09.613380,bike_86003
2025-12-10T23:01:12.508737,bike_71588
2025-12-11T11:01:15.413335,bike_56273
2025-12-11T11:01:06.224110,bike_47712
2025-12-05T11:01:06.833170,bike_68722
2025-12-11T11:01:07.424123,bike_22112
2025-12-11T11:01:12.773624,bike_47124
2025-12-03T17:01:05.593638,bike_44061
2025-12-01T17:01:12.458453,bike_55905
2025-12-11T11:01:15.131078,bike_80746
2025-12-11T11:01:13.452794,bike_53390
2025-12-11T11:01:14.004242,bike_76369
2025-12-11T11:01:15.733475,bike_21073
2025-12-11T11:01:14.104272,bike_44638
2025-12-11T11:01:13.404238,bike_57672
2025-12-11T11:01:14.449838,bike_04783
2025-12-11T11:01:12.751713,bike_45648
2025-12-11T11:01:10.243545,bike_51240
2025-12-11T11:01:07.591404,bike_01866
2025-12-11T11:01:12.629905,bike_26145
2025-12-11T11:01:13.193735,bike_22139
2025-12-11T11:01:12.971197,bike_51244
2025-12-11T11:01:14.712873,bike_63459
2025-12-11T11:01:07.564038,bike_46304
2025-12-11T11:01:15.913119,bike_78918
2025-12-11T11:01:13.144246,bike_79518
2025-12-11T11:01:06.704177,bike_30678
2025-12-11T11:01:06.090312,bike_67358
2025-12-11T11:01:12.692967,bike_03805
2025-12-11T11:01:06.984181,bike_77561
2025-12-11T11:01:09.484157,bike_74484
2025-12-11T11:01:06.393136,bike_74533
2025-12-11T11:01:06.224152,bike_89279
2025-12-11T11:01:08.804173,bike_88977
2025-12-11T11:01:07.824180,bike_85255
2025-12-11T11:01:08.371152,bike_00402
2025-12-11T11:01:12.604038,bike_47972
2025-12-11T11:01:08.670615,bike_19177
2025-12-11T11:01:11.450477,bike_56850
2025-12-11T11:01:13.271531,bike_58678
2025-12-06T23:01:14.624852,bike_76470
2025-12-11T11:01:15.584212,bike_51725
2025-12-11T11:01:07.024201,bike_69085
2025-12-09T17:01:09.206524,bike_52495
2025-12-09T23:01:13.709063,bike_77622
2025-12-11T11:01:09.090416,bike_71381
2025-12-11T11:01:08.451020,bike_88145
2025-12-11T11:01:16.211498,bike_52637
2025-12-11T11:01:13.373583,bike_73609
2025-12-11T11:01:12.791141,bike_02791
2025-12-11T11:01:10.492479,bike_81026
2025-12-11T11:01:10.644161,bike_88342
2025-12-11T11:01:08.604180,bike_46547
2025-12-11T11:01:12.604082,bike_19485
2025-12-11T11:01:07.523736,bike_89054
2025-12-11T11:01:09.930904,bike_52742
2025-12-11T11:01:15.553092,bike_71462
2025-12-02T23:01:15.574719,bike_47693
2025-12-11T11:01:14.383602,bike_19554
2025-12-11T11:01:07.913158,bike_88887
2025-12-11T11:01:07.489240,bike_58140
2025-12-11T11:01:09.764134,bike_76345
2025-12-11T11:01:06.633212,bike_78671
2025-12-11T05:01:02.451025,bike_52447
2025-12-11T11:01:06.744128,bike_11029
2025-12-11T11:01:09.470480,bike_47724
2025-12-11T11:01:14.504187,bike_70728
2025-12-11T11:01:07.011088,bike_73981
2025-12-11T11:01:07.092865,bike_77873
2025-12-10T23:01:13.095732,bike_89017
2025-12-11T11:01:12.953310,bike_67363
2025-12-11T11:01:12.213319,bike_75859
2025-12-11T11:01:16.990918,bike_72455
2025-12-11T11:01:14.370151,bike_16454
2025-12-11T11:01:07.011141,bike_62624
2025-12-11T11:01:08.392881,bike_50760
2025-12-11T11:01:09.711237,bike_17548
2025-12-11T11:01:10.909077,bike_16107
2025-12-11T11:01:14.553337,bike_72262
2025-12-11T11:01:10.971270,bike_67463
2025-12-11T11:01:07.930244,bike_86077
2025-12-11T11:01:09.170139,bike_72603
2025-12-11T11:01:08.684189,bike_79261
2025-12-11T11:01:05.968572,bike_86104
2025-12-11T11:01:09.264244,bike_68420
2025-12-09T17:01:10.598264,bike_24359
2025-12-11T11:01:11.804211,bike_21573
2025-12-11T11:01:08.984199,bike_62223
2025-12-11T11:01:09.492628,bike_43788
2025-12-11T11:01:15.644198,bike_79040
2025-12-11T11:01:07.252835,bike_46027
2025-12-11T11:01:06.477076,bike_13106
2025-12-11T11:01:06.170102,bike_46335
2025-12-11T11:01:11.113293,bike_03152
2025-12-11T11:01:12.653099,bike_85007
2025-12-11T11:01:06.344065,bike_50290
2025-12-11T11:01:08.304259,bike_61787
2025-12-11T11:01:14.964198,bike_77978
2025-11-27T18:03:47.045193,bike_44185
2025-12-11T11:01:10.998434,bike_43493
2025-12-11T11:01:12.413472,bike_73755
2025-12-11T11:01:14.704176,bike_88580
2025-12-11T11:01:09.051618,bike_46769
2025-12-11T11:01:07.930196,bike_77562
2025-12-11T11:01:08.870187,bike_71147
2025-12-11T11:01:13.934219,bike_73655
2025-12-11T11:01:15.430706,bike_76802
2025-12-11T11:01:13.364637,bike_51294
2025-12-11T11:01:13.054132,bike_81041
2025-12-11T11:01:16.704174,bike_22713
2025-12-11T11:01:14.300719,bike_73101
2025-12-11T11:01:07.244155,bike_04134
2025-12-11T11:01:12.612581,bike_19889
2025-12-11T11:01:09.570558,bike_51015
2025-12-08T11:01:08.653803,bike_72377
2025-12-11T11:01:12.913156,bike_44477
2025-12-11T11:01:09.073179,bike_88498
2025-12-11T11:01:10.131109,bike_89789
2025-12-11T11:01:06.112824,bike_08810
2025-12-11T11:01:16.850035,bike_76814
2025-12-10T05:01:06.851515,bike_75274
2025-12-11T11:01:06.384161,bike_50813
2025-12-11T11:01:15.324176,bike_44155
2025-12-11T05:01:08.907731,bike_69017
2025-12-11T11:01:15.073088,bike_47796
2025-12-11T11:01:11.935202,bike_80241
2025-12-11T11:01:10.243529,bike_56811
2025-12-11T11:01:08.371140,bike_75456
2025-12-11T11:01:11.504169,bike_25366
2025-12-11T11:01:09.504087,bike_45377
2025-12-11T11:01:08.353247,bike_78989
2025-12-11T11:01:15.530759,bike_75234
2025-12-11T11:01:10.164187,bike_85454
2025-12-11T11:01:10.424193,bike_88409
2025-12-11T11:01:09.210622,bike_12354
2025-12-11T05:01:13.630965,bike_42755
2025-12-11T11:01:15.024144,bike_16186
2025-12-11T11:01:09.693438,bike_89969
2025-12-11T11:01:12.684221,bike_76600
2025-12-11T11:01:08.930788,bike_86062
2025-12-08T11:01:05.345223,bike_78326
2025-12-11T11:01:10.113556,bike_80337
2025-12-11T11:01:12.292653,bike_80549
2025-12-11T11:01:07.304141,bike_67548
2025-12-11T11:01:07.930218,bike_50222
2025-12-11T11:01:06.824162,bike_45830
2025-12-11T11:01:07.304139,bike_72258
2025-12-11T11:01:07.470169,bike_17005
2025-12-11T11:01:11.769801,bike_78060
2025-12-11T11:01:11.073429,bike_05708
2025-12-11T11:01:10.900217,bike_73131
2025-12-08T05:01:09.115073,bike_37463
2025-12-11T11:01:10.890907,bike_20790
2025-12-11T11:01:11.064231,bike_77018
2025-12-10T23:01:06.196432,bike_46061
2025-12-11T11:01:14.491364,bike_68644
2025-12-11T11:01:14.924156,bike_71453
2025-12-11T11:01:12.484139,bike_09200
2025-12-10T23:01:12.648715,bike_33189
2025-12-11T11:01:13.711271,bike_19271
2025-12-11T11:01:06.810044,bike_11722
2025-12-11T11:01:13.753387,bike_88734
2025-12-11T11:01:16.990894,bike_67455
2025-12-11T11:01:12.484131,bike_76319
2025-12-11T11:01:14.632809,bike_17843
2025-12-11T11:01:11.290407,bike_43010
2025-12-11T11:01:10.813665,bike_80005
2025-12-11T11:01:14.113496,bike_79206
2025-12-11T11:01:13.684210,bike_74539
2025-12-11T11:01:16.673478,bike_45786
2025-12-11T11:01:11.370623,bike_09583
2025-12-11T11:01:12.953283,bike_89540
2025-12-11T11:01:07.952862,bike_55774
2025-12-11T11:01:05.984172,bike_77814
2025-12-11T11:01:10.024161,bike_16724
2025-12-11T11:01:11.904155,bike_43168
2025-12-04T11:01:13.291691,bike_70028
2025-11-30T17:01:06.493313,bike_70802
2025-12-11T11:01:07.672397,bike_04567
2025-12-11T11:01:07.365418,bike_44642
2025-12-11T11:01:14.432765,bike_43002
2025-12-10T23:01:09.885019,bike_07677
2025-12-11T11:01:09.090391,bike_78097
2025-12-05T23:01:03.931307,bike_89396
2025-12-11T11:01:09.853213,bike_51187
2025-12-11T11:01:15.944168,bike_43961
2025-12-11T11:01:16.713083,bike_25660
2025-12-11T11:01:15.153115,bike_81185
2025-12-11T11:01:13.244217,bike_51008
2025-12-11T11:01:07.645198,bike_10478
2025-12-11T11:01:16.905390,bike_68513
2025-12-10T17:01:06.937607,bike_44237
2025-12-05T11:01:06.792374,bike_68011
2025-12-11T11:01:16.964208,bike_70394
2025-12-11T11:01:09.404227,bike_44300
2025-12-11T11:01:08.630060,bike_42633
2025-12-11T05:01:02.901936,bike_89565
2025-12-11T11:01:07.213109,bike_09567
2025-12-11T11:01:07.204180,bike_67299
2025-12-11T11:01:07.952882,bike_73439
2025-12-11T11:01:15.993479,bike_07597
2025-12-11T11:01:06.913404,bike_70170
2025-12-11T11:01:11.353131,bike_47291
2025-12-11T11:01:12.090307,bike_21185
2025-12-11T11:01:14.031060,bike_08314
2025-12-11T11:01:14.233956,bike_77629
2025-12-11T11:01:11.904186,bike_76731
2025-12-11T11:01:14.193051,bike_60662
2025-12-11T05:01:13.150583,bike_81913
2025-12-11T11:01:11.804183,bike_75890
2025-12-11T11:01:14.264225,bike_79474
2025-12-11T11:01:08.344184,bike_77432
2025-12-11T11:01:15.451884,bike_89662
2025-12-11T05:01:12.082026,bike_67528
2025-12-11T11:01:16.312470,bike_60153
2025-12-11T11:01:15.544176,bike_72809
2025-12-11T11:01:09.305180,bike_35187
2025-12-11T11:01:14.130700,bike_42642
2025-12-11T11:01:16.691324,bike_47686
2025-12-11T11:01:08.104238,bike_69488
2025-12-11T11:01:11.709984,bike_52609
2025-12-11T11:01:07.654503,bike_61012
2025-12-11T11:01:11.970358,bike_88507
2025-12-11T11:01:14.504177,bike_74787
2025-12-08T17:01:03.701492,bike_44124
2025-12-11T11:01:12.670163,bike_79186
2025-12-11T11:01:16.752820,bike_42558
2025-12-11T11:01:09.273377,bike_50428
2025-12-11T11:01:16.393125,bike_58814
2025-12-11T11:01:16.752834,bike_76779
2025-12-11T11:01:07.424182,bike_68832
2025-12-11T11:01:12.390244,bike_77827
2025-12-11T11:01:12.593620,bike_44072
2025-12-11T11:01:06.664135,bike_74974
2025-12-04T17:01:11.540666,bike_52380
2025-12-11T11:01:14.790623,bike_04124
2025-12-11T11:01:16.551440,bike_76300
2025-12-11T11:01:09.344194,bike_61759
2025-12-11T11:01:14.013676,bike_74713
2025-12-11T05:01:09.781788,bike_47149
2025-12-11T11:01:10.351171,bike_89421
2025-12-11T11:01:16.393064,bike_42588
2025-12-11T11:01:08.491058,bike_45475
2025-12-11T11:01:15.131040,bike_44733
2025-11-28T17:01:08.537551,bike_47336
2025-12-06T17:01:07.666221,bike_78249
2025-12-11T11:01:14.504215,bike_43750
2025-12-11T11:01:12.104945,bike_04578
2025-12-11T05:01:05.248289,bike_07250
2025-12-11T11:01:11.024124,bike_74822
2025-12-11T11:01:09.892537,bike_51753
2025-12-11T11:01:07.213159,bike_89759
2025-12-11T11:01:07.452527,bike_51262
2025-12-04T23:01:05.391656,bike_71314
2025-12-11T05:01:03.201364,bike_44432
2025-12-11T11:01:11.050800,bike_50671
2025-12-11T11:01:16.033927,bike_43811
2025-12-11T11:01:16.990930,bike_86046
2025-12-11T11:01:09.870789,bike_44275
2025-12-11T11:01:15.390310,bike_24133
2025-12-11T11:01:07.872902,bike_85532
2025-12-11T11:01:06.633175,bike_24484
2025-12-11T11:01:13.604222,bike_68200
2025-12-11T11:01:15.993486,bike_52730
2025-12-04T11:01:13.540623,bike_74580
2025-12-11T11:01:05.984204,bike_22654
2025-12-11T11:01:13.364587,bike_72366
2025-12-11T11:01:10.571953,bike_76404
2025-12-11T11:01:16.792861,bike_76935
2025-12-11T11:01:09.414156,bike_20943
2025-12-11T11:01:13.684194,bike_79020
2025-12-11T11:01:10.930127,bike_56351
2025-12-11T11:01:07.173309,bike_63561
2025-12-11T11:01:14.544181,bike_69783
2025-12-11T05:01:08.781873,bike_70998
2025-12-11T11:01:14.144261,bike_69438
2025-12-11T11:01:12.653070,bike_09901
2025-12-11T11:01:07.630484,bike_74671
2025-12-11T11:01:10.212905,bike_73685
2025-12-11T11:01:07.864202,bike_51531
2025-12-11T05:01:11.161873,bike_80689
2025-12-11T11:01:10.513513,bike_81045
2025-12-11T11:01:09.693468,bike_67762
2025-12-11T11:01:12.413475,bike_74183
2025-12-11T11:01:06.424177,bike_05174
2025-12-11T11:01:14.184174,bike_71042
2025-12-11T11:01:13.604238,bike_73598
2025-12-11T11:01:08.314106,bike_81916
2025-12-10T17:01:05.797756,bike_82579
2025-12-11T11:01:16.713091,bike_52329
2025-12-11T11:01:16.010695,bike_73572
2025-12-05T17:01:04.859783,bike_62842
2025-12-11T11:01:07.092916,bike_20320
2025-12-11T11:01:06.112840,bike_00665
2025-12-11T11:01:17.052916,bike_75006
2025-12-11T11:01:10.252979,bike_47919
2025-12-11T11:01:13.613427,bike_75566
2025-12-11T11:01:11.410508,bike_79819
2025-12-11T11:01:13.924259,bike_12136
2025-12-11T11:01:09.104185,bike_17258
2025-12-11T05:01:12.001915,bike_68749
2025-12-11T11:01:11.113327,bike_01007
2025-12-11T11:01:14.251510,bike_11545
2025-12-10T17:01:06.771735,bike_55729
2025-12-11T11:01:14.870483,bike_70388
2025-12-11T11:01:13.584222,bike_80290
2025-12-11T11:01:13.044328,bike_79900
2025-12-11T11:01:07.356446,bike_76816
2025-12-11T11:01:11.684187,bike_72539
2025-12-11T11:01:12.864212,bike_50416
2025-12-11T05:01:04.688848,bike_63272
2025-12-11T11:01:10.790809,bike_89573
2025-12-11T11:01:15.224218,bike_67053
2025-12-11T11:01:08.273264,bike_44082
2025-12-11T11:01:12.333291,bike_46921
2025-12-08T17:01:07.756268,bike_47745
2025-12-11T11:01:12.791117,bike_88184
2025-12-11T11:01:16.964264,bike_30103
2025-12-11T11:01:14.730570,bike_70304
2025-12-11T11:01:12.573667,bike_42628
2025-12-11T11:01:07.630518,bike_11900
2025-12-11T05:01:11.061846,bike_53093
2025-12-01T05:01:04.679979,bike_44529
2025-12-11T05:01:03.416936,bike_89260
2025-12-11T11:01:11.804196,bike_82546
2025-12-11T11:01:14.370178,bike_07641
2025-12-11T11:01:09.993125,bike_47332
2025-12-11T05:01:12.769917,bike_03957
2025-12-11T11:01:09.853200,bike_60862
2025-12-11T11:01:06.033017,bike_12202
2025-12-11T11:01:08.344182,bike_16249
2025-12-11T11:01:12.709867,bike_70466
2025-12-11T11:01:07.124287,bike_16214
2025-12-11T11:01:12.492703,bike_21168
2025-12-11T11:01:11.724126,bike_45410
2025-12-11T11:01:06.744114,bike_81887
2025-12-11T11:01:14.704201,bike_72120
2025-12-11T11:01:10.390866,bike_58891
2025-12-11T11:01:08.812909,bike_74645
2025-12-11T11:01:07.150180,bike_80212
2025-12-11T11:01:13.430892,bike_11895
2025-12-10T05:01:03.771678,bike_46517
2025-12-11T11:01:06.984218,bike_73724
2025-12-11T05:01:06.588766,bike_76719
2025-12-02T05:01:08.355724,bike_63015
2025-12-11T11:01:13.530612,bike_57973
2025-12-11T11:01:08.804175,bike_75257
2025-12-11T11:01:12.090333,bike_51195
2025-12-10T23:01:13.415351,bike_79443
2025-12-11T11:01:09.653294,bike_17560
2025-12-11T11:01:12.913187,bike_76671
2025-12-11T11:01:05.984137,bike_74578
2025-12-11T11:01:08.711609,bike_89630
2025-12-11T11:01:15.793627,bike_44186
2025-12-11T11:01:08.133281,bike_45732
2025-12-08T05:01:08.366310,bike_38117
2025-12-11T11:01:06.932343,bike_74865
2025-12-06T11:01:06.759274,bike_44678
2025-12-11T11:01:08.424314,bike_72788
2025-12-09T23:01:09.288678,bike_23472
2025-12-11T11:01:14.392681,bike_62925
2025-12-11T11:01:15.711663,bike_12506
2025-12-11T11:01:06.224155,bike_14056
2025-12-11T11:01:12.813082,bike_77504
2025-12-11T11:01:15.593321,bike_51156
2025-12-11T11:01:11.264240,bike_68282
2025-12-11T11:01:15.890048,bike_75967
2025-12-11T11:01:16.481107,bike_51784
2025-12-11T11:01:07.872910,bike_75378
2025-12-11T05:01:12.470717,bike_88990
2025-12-11T11:01:13.244183,bike_20436
2025-12-11T11:01:12.804167,bike_57406
2025-12-11T11:01:09.732747,bike_17199
2025-12-11T05:01:05.328112,bike_85211
2025-12-11T05:01:05.581911,bike_75972
2025-12-07T17:01:05.707558,bike_61455
2025-12-11T11:01:07.792837,bike_23291
2025-12-11T05:01:12.121972,bike_76281
2025-12-11T11:01:12.064141,bike_58812
2025-12-11T11:01:11.889497,bike_24559
2025-12-11T11:01:15.113978,bike_88920
2025-12-11T11:01:10.504227,bike_77240
2025-12-11T11:01:15.290842,bike_80112
2025-12-11T11:01:10.252974,bike_11101
2025-12-11T11:01:07.330186,bike_43444
2025-12-11T11:01:11.992865,bike_56961
2025-12-10T17:01:07.791725,bike_89523
2025-12-11T11:01:13.044351,bike_81895
2025-12-11T11:01:14.790605,bike_46399
2025-12-11T11:01:06.890289,bike_45154
2025-12-11T11:01:14.432758,bike_72464
2025-12-11T11:01:06.024170,bike_81905
2025-12-11T11:01:11.984150,bike_67259
2025-12-11T11:01:12.213323,bike_72514
2025-12-11T11:01:13.354898,bike_62114
2025-12-11T11:01:05.984167,bike_75864
2025-12-11T11:01:10.593124,bike_80037
2025-12-11T05:01:12.042041,bike_72667
2025-12-10T11:01:02.442568,bike_44669
2025-12-11T11:01:09.844141,bike_24976
2025-12-11T11:01:08.630063,bike_67460
2025-12-11T11:01:08.684232,bike_42842
2025-12-11T11:01:11.490716,bike_15684
2025-12-11T11:01:11.464216,bike_50717
2025-12-11T11:01:11.791880,bike_68617
2025-12-11T11:01:14.424168,bike_58472
2025-12-11T05:01:07.496174,bike_78038
2025-12-11T11:01:13.324138,bike_43751
2025-12-11T11:01:16.051120,bike_51515
2025-12-11T11:01:13.924220,bike_78348
2025-12-11T11:01:16.613259,bike_19881
2025-12-11T11:01:06.810041,bike_17538
2025-12-11T11:01:13.024191,bike_51611
2025-12-11T11:01:13.572029,bike_58484
2025-12-11T11:01:12.564201,bike_11490
2025-12-08T23:01:04.977587,bike_71786
2025-12-11T11:01:16.551435,bike_46831
2025-12-11T11:01:14.004237,bike_24234
2025-12-11T05:01:03.849029,bike_67434
2025-12-11T11:01:13.973658,bike_20625
2025-12-11T11:01:16.153382,bike_76959
2025-12-11T11:01:06.210048,bike_44546
2025-12-11T11:01:06.494822,bike_89574
2025-12-11T11:01:06.352910,bike_88374
2025-12-11T11:01:10.230037,bike_71200
2025-12-11T11:01:12.873224,bike_77112
2025-12-11T11:01:12.644138,bike_74619
2025-12-11T11:01:15.859185,bike_53375
2025-12-11T11:01:09.073176,bike_07087
2025-12-11T11:01:08.804143,bike_78137
2025-12-11T11:01:11.984163,bike_77659
2025-12-11T11:01:12.453813,bike_89031
2025-12-11T11:01:15.473197,bike_45828
2025-12-11T11:01:10.492484,bike_43748
2025-12-11T05:01:11.008001,bike_61363
2025-12-11T11:01:13.011521,bike_44363
2025-12-08T11:01:05.179782,bike_31534
2025-12-11T11:01:11.670359,bike_43414
2025-12-11T11:01:09.844165,bike_45254
2025-12-11T11:01:09.033000,bike_08982
2025-12-11T11:01:06.633172,bike_22906
2025-12-08T11:01:05.614557,bike_78132
2025-12-10T23:01:06.774368,bike_61104
2025-12-11T11:01:07.993125,bike_24537
2025-12-11T11:01:07.393443,bike_70858
2025-12-11T11:01:05.993414,bike_80573
2025-12-11T11:01:15.913122,bike_21296
2025-12-11T11:01:12.230706,bike_23106
2025-12-11T11:01:06.784189,bike_50740
2025-12-11T11:01:06.824157,bike_78110
2025-12-11T11:01:12.010511,bike_16167
2025-12-11T11:01:14.409954,bike_88179
2025-12-11T11:01:06.592705,bike_81038
2025-12-11T11:01:11.778486,bike_75973
2025-12-11T11:01:13.631193,bike_79840
2025-12-11T11:01:13.671205,bike_70734
2025-12-11T11:01:13.084310,bike_50223
2025-12-05T17:01:08.979262,bike_76436
2025-12-06T17:01:09.683447,bike_09514
2025-12-11T11:01:15.234048,bike_46962
2025-12-11T11:01:07.084151,bike_88381
2025-12-11T11:01:14.993594,bike_57972
2025-12-11T11:01:09.530300,bike_79620
2025-12-11T11:01:13.170756,bike_73485
2025-12-11T11:01:12.670168,bike_77352
2025-12-11T11:01:16.864244,bike_52523
2025-12-11T11:01:13.884579,bike_55612
2025-12-10T11:01:09.999920,bike_71664
2025-12-11T11:01:14.924117,bike_46266
2025-12-11T11:01:16.964225,bike_04993
2025-12-11T05:01:03.701990,bike_74634
2025-12-11T11:01:10.909029,bike_73446
2025-12-11T11:01:12.890603,bike_61248
2025-12-11T11:01:13.653585,bike_44324
2025-12-11T11:01:08.812899,bike_88940
2025-12-11T11:01:15.210138,bike_46398
2025-12-11T11:01:14.491400,bike_36803
2025-11-30T11:01:12.849068,bike_52121
2025-12-11T11:01:16.573706,bike_76926
2025-12-11T11:01:10.890926,bike_50798
2025-12-11T11:01:17.044213,bike_69740
2025-12-10T11:01:06.902642,bike_88013
2025-12-11T11:01:09.484115,bike_19515
2025-12-11T11:01:15.913142,bike_82784
2025-12-11T11:01:12.773612,bike_78447
2025-12-11T11:01:15.390284,bike_23571
2025-12-11T11:01:10.131117,bike_20046
2025-12-11T11:01:12.550724,bike_68202
2025-12-11T11:01:07.292115,bike_18479
2025-12-11T11:01:06.433315,bike_51925
2025-12-11T11:01:06.393095,bike_02830
2025-12-11T11:01:16.153387,bike_08150
2025-12-11T11:01:10.492437,bike_85341
2025-12-11T11:01:10.593116,bike_82288
2025-12-11T11:01:11.330515,bike_62585
2025-12-11T11:01:07.833415,bike_67873
2025-12-11T11:01:09.224158,bike_51717
2025-12-11T11:01:16.533631,bike_67666
2025-12-11T11:01:06.304124,bike_69793
2025-12-11T11:01:13.084271,bike_68555
2025-12-11T11:01:11.953256,bike_69181
2025-12-11T05:01:03.968258,bike_42678
2025-12-11T11:01:13.354907,bike_69664
2025-12-11T11:01:07.993166,bike_88792
2025-12-11T11:01:08.290442,bike_85223
2025-12-11T11:01:09.290962,bike_69152
2025-12-11T11:01:14.730584,bike_16029
2025-12-11T05:01:06.911519,bike_58183
2025-12-10T11:01:05.973515,bike_77844
2025-12-09T17:01:13.344890,bike_46120
2025-12-11T11:01:08.124254,bike_19522
2025-12-11T11:01:13.312217,bike_77636
2025-12-11T11:01:12.804162,bike_56225
2025-12-11T11:01:15.404267,bike_72611
2025-12-11T11:01:16.113589,bike_80196
2025-12-11T11:01:11.769833,bike_05777
2025-12-11T11:01:06.384148,bike_22151
2025-12-11T11:01:15.033734,bike_20671
2025-12-11T11:01:09.224202,bike_50640
2025-12-11T11:01:06.477036,bike_17062
2025-12-11T11:01:15.850439,bike_20200
2025-12-11T11:01:14.233986,bike_58994
2025-12-11T11:01:10.113538,bike_47683
2025-12-11T11:01:08.204354,bike_75076
2025-12-11T11:01:06.486017,bike_20586
2025-12-11T11:01:07.872877,bike_16979
2025-12-11T11:01:07.044185,bike_73507
2025-12-11T11:01:09.631243,bike_23526
2025-12-11T11:01:09.431517,bike_79621
2025-12-11T11:01:11.133282,bike_45526
2025-12-11T11:01:12.404162,bike_55611
2025-11-30T11:01:11.169333,bike_85169
2025-12-05T23:01:13.737449,bike_71755
2025-12-11T11:01:11.124129,bike_47242
2025-12-11T11:01:14.324195,bike_23063
2025-12-11T11:01:08.314076,bike_78572
2025-12-11T11:01:15.024195,bike_04712
2025-12-11T05:01:09.790190,bike_52929
2025-12-11T11:01:13.973688,bike_85524
2025-12-11T11:01:09.453205,bike_19750
2025-12-11T11:01:07.252851,bike_89926
2025-12-11T11:01:11.752908,bike_45122
2025-12-11T11:01:15.364218,bike_68193
2025-12-11T11:01:06.584116,bike_89888
2025-12-11T11:01:08.331984,bike_89661
2025-12-11T11:01:08.804125,bike_88900
2025-12-11T11:01:08.749992,bike_24095
2025-12-11T11:01:12.873267,bike_50959
2025-12-11T11:01:06.193052,bike_51688
2025-12-11T05:01:04.948490,bike_85181
2025-12-11T11:01:09.224205,bike_77135
2025-12-11T11:01:15.584199,bike_47718
2025-12-11T11:01:16.471283,bike_77251
2025-12-02T17:01:10.451989,bike_44105
2025-12-11T11:01:13.211199,bike_50952
2025-12-11T11:01:12.830071,bike_89479
2025-12-10T23:01:08.628807,bike_70044
2025-12-11T05:01:10.121877,bike_43901
2025-12-11T11:01:08.491034,bike_55846
2025-12-08T17:01:08.562460,bike_47807
2025-12-11T11:01:12.190403,bike_25351
2025-12-11T11:01:14.344195,bike_21976
2025-12-11T11:01:15.311879,bike_67996
2025-12-11T11:01:07.573552,bike_79071
2025-12-11T11:01:08.530639,bike_57597
2025-12-11T11:01:09.444075,bike_76195
2025-12-11T11:01:10.772806,bike_70961
2025-12-11T11:01:07.573533,bike_86095
2025-12-11T11:01:08.564387,bike_75142
2025-12-11T11:01:13.572056,bike_46691
2025-12-03T17:01:09.793516,bike_70217
2025-12-11T11:01:12.131841,bike_50635
2025-12-11T11:01:13.084329,bike_42915
2025-12-11T11:01:14.031039,bike_46538
2025-12-11T11:01:07.872940,bike_52173
2025-12-11T11:01:16.730359,bike_70817
2025-12-11T11:01:15.273290,bike_47657
2025-12-01T11:01:05.877295,bike_19479
2025-12-11T11:01:09.370836,bike_88959
2025-12-11T11:01:13.293263,bike_53289
2025-12-02T11:01:10.399894,bike_43442
2025-12-11T11:01:06.224150,bike_58388
2025-12-11T11:01:15.570436,bike_21988
2025-12-11T11:01:15.413325,bike_52901
2025-12-11T11:01:13.324207,bike_47938
2025-12-11T11:01:15.684159,bike_57028
2025-12-11T11:01:11.090186,bike_88795
2025-12-02T17:01:09.034581,bike_80117
2025-12-11T11:01:14.383578,bike_69232
2025-12-11T11:01:14.053097,bike_46795
2025-12-10T17:01:02.680889,bike_46094
2025-12-11T11:01:15.953174,bike_44058
2025-12-11T11:01:14.473234,bike_03086
2025-12-11T11:01:07.533040,bike_89037
2025-12-11T11:01:15.464171,bike_69430
2025-12-11T11:01:10.064176,bike_70964
2025-12-10T23:01:14.498385,bike_85131
2025-12-11T11:01:06.609823,bike_75053
2025-12-11T11:01:14.964213,bike_05391
2025-12-11T11:01:17.031216,bike_50372
2025-12-11T11:01:15.324209,bike_55879
2025-12-07T17:01:06.292962,bike_73280
2025-12-09T17:01:05.918730,bike_78959
2025-12-11T11:01:09.870772,bike_47806
2025-12-11T11:01:06.033053,bike_45224
2025-12-11T11:01:11.872806,bike_25265
2025-12-11T05:01:09.887912,bike_78458
2025-12-11T11:01:11.851813,bike_77888
2025-12-11T11:01:09.553264,bike_60207
2025-12-11T11:01:10.091011,bike_78087
2025-12-11T11:01:09.570587,bike_47356
2025-12-11T11:01:14.184130,bike_77048
2025-12-11T05:01:08.501900,bike_78472
2025-12-11T11:01:16.644247,bike_15430
2025-12-11T11:01:11.264215,bike_75586
2025-12-11T11:01:15.670785,bike_20309
2025-12-10T05:01:03.255779,bike_63507
2025-12-11T11:01:12.033548,bike_53208
2025-12-11T11:01:12.270451,bike_78284
2025-12-11T11:01:10.900149,bike_71161
2025-12-11T11:01:06.824098,bike_23382
2025-12-11T11:01:07.344199,bike_67041
2025-12-11T11:01:09.773275,bike_81513
2025-12-11T11:01:08.392874,bike_89415
2025-12-11T11:01:11.344199,bike_69295
2025-12-11T11:01:14.053066,bike_17814
2025-12-11T11:01:13.613435,bike_21140
2025-12-11T11:01:10.571903,bike_52265
2025-12-11T11:01:13.093570,bike_89567
2025-12-11T11:01:09.224195,bike_46652
2025-12-11T11:01:11.330517,bike_73406
2025-12-11T11:01:05.993437,bike_79308
2025-12-11T11:01:11.450451,bike_46259
2025-12-11T11:01:13.271554,bike_20765
2025-12-11T05:01:06.611269,bike_77540
2025-12-11T11:01:11.992811,bike_73800
2025-12-08T11:01:11.852914,bike_56655
2025-12-11T11:01:08.773971,bike_85084
2025-12-11T11:01:13.184298,bike_76411
2025-12-11T11:01:08.711604,bike_89867
2025-12-11T11:01:06.224123,bike_51131
2025-12-11T11:01:09.353533,bike_75722
2025-12-11T11:01:09.290957,bike_67389
2025-12-11T11:01:13.011487,bike_00278
2025-12-11T05:01:03.591335,bike_61407
2025-12-06T23:01:15.333830,bike_72917
2025-12-11T11:01:06.744095,bike_26568
2025-12-11T11:01:15.451895,bike_07119
2025-12-09T05:01:08.225935,bike_61335
2025-12-11T11:01:06.513930,bike_73118
2025-12-11T11:01:10.204118,bike_53266
2025-12-11T11:01:12.844176,bike_40364
2025-12-11T11:01:16.411270,bike_74266
2025-12-11T11:01:07.230398,bike_76416
2025-12-11T11:01:10.144262,bike_43856
2025-12-11T11:01:06.352926,bike_89366
2025-12-11T11:01:10.131134,bike_52623
2025-12-11T11:01:09.113083,bike_63068
2025-12-11T11:01:07.124262,bike_78021
2025-12-10T23:01:07.158378,bike_88649
2025-12-11T11:01:15.051008,bike_88372
2025-12-11T11:01:14.504198,bike_16030
2025-12-05T11:01:08.972688,bike_88235
2025-12-11T11:01:13.373557,bike_22643
2025-12-11T11:01:15.750717,bike_50525
2025-11-30T17:01:09.484669,bike_89983
2025-12-11T11:01:10.593106,bike_76159
2025-12-11T11:01:07.550561,bike_20881
2025-12-11T05:01:10.668920,bike_55429
2025-12-11T11:01:12.114179,bike_51425
2025-12-11T11:01:14.804205,bike_73687
2025-12-11T11:01:12.791172,bike_44281
2025-12-08T23:01:07.303336,bike_75971
2025-12-11T11:01:08.173799,bike_52311
2025-12-11T05:01:11.131146,bike_88948
2025-12-11T11:01:10.474989,bike_02635
2025-12-11T11:01:08.992928,bike_44318
2025-12-11T11:01:14.984276,bike_88204
2025-12-10T23:01:07.537836,bike_67608
2025-12-11T05:01:06.588723,bike_85208
2025-12-11T11:01:13.170802,bike_79582
2025-12-11T11:01:06.673429,bike_80254
2025-12-11T11:01:08.204341,bike_88918
2025-12-03T17:01:12.904230,bike_52225
2025-12-11T11:01:06.313001,bike_55439
2025-12-11T11:01:16.364206,bike_07681
2025-12-11T11:01:09.370865,bike_21821
2025-12-11T11:01:06.810039,bike_45373
2025-12-11T11:01:06.873107,bike_43790
2025-12-11T11:01:12.033537,bike_43250
2025-12-11T11:01:09.912928,bike_88662
2025-12-11T11:01:14.924132,bike_51587
2025-12-11T11:01:16.481076,bike_04095
2025-12-11T11:01:11.151270,bike_63762
2025-12-11T05:01:03.849026,bike_47760
2025-12-11T11:01:15.490505,bike_23572
2025-12-08T23:01:14.505886,bike_51380
2025-12-11T11:01:08.724173,bike_53166
2025-12-11T11:01:16.644218,bike_62229
2025-12-11T11:01:12.292692,bike_75510
2025-12-11T11:01:08.904120,bike_71832
2025-12-08T11:01:04.905195,bike_62210
2025-12-11T11:01:13.480059,bike_68958
2025-12-11T11:01:16.453617,bike_11479
2025-12-11T11:01:13.693037,bike_80460
2025-12-11T11:01:13.071789,bike_89076
2025-12-10T23:01:14.915967,bike_57969
2025-12-11T11:01:12.033524,bike_50724
2025-12-11T11:01:08.774021,bike_67625
2025-12-11T11:01:06.944171,bike_77396
2025-12-11T11:01:15.273303,bike_76034
2025-12-11T11:01:11.944434,bike_47286
2025-12-10T17:01:06.551671,bike_23556
2025-12-11T11:01:14.984224,bike_81456
2025-12-11T05:01:06.491241,bike_70937
2025-12-11T11:01:13.404241,bike_71363
2025-11-29T11:01:08.267243,bike_74509
2025-12-11T11:01:14.044184,bike_88996
2025-12-11T11:01:09.414243,bike_51736
2025-12-11T11:01:06.673427,bike_09613
2025-12-07T17:01:05.995064,bike_75498
2025-12-11T11:01:10.653321,bike_76905
2025-12-11T11:01:10.632247,bike_68085
2025-12-11T11:01:16.664262,bike_74080
2025-12-11T11:01:14.130709,bike_53134
2025-12-11T11:01:08.512950,bike_69079
2025-12-11T11:01:08.852942,bike_43453
2025-12-11T11:01:16.051096,bike_43607
2025-12-11T11:01:17.044210,bike_67310
2025-12-03T17:01:12.051560,bike_51309
2025-12-11T11:01:12.653101,bike_44320
2025-12-11T11:01:09.273332,bike_45284
2025-12-11T11:01:11.813279,bike_70721
2025-12-11T11:01:07.993093,bike_11155
2025-12-11T11:01:16.193538,bike_52287
2025-12-11T11:01:11.410566,bike_52508
2025-11-28T23:01:06.302169,bike_24189
2025-12-11T05:01:08.781865,bike_57237
2025-11-29T17:01:08.542015,bike_68290
2025-12-11T11:01:15.413295,bike_09546
2025-12-11T11:01:07.384223,bike_51231
2025-12-11T11:01:14.844144,bike_72235
2025-12-11T11:01:14.464176,bike_82500
2025-12-11T11:01:09.984186,bike_73126
2025-12-11T11:01:09.144120,bike_80311
2025-12-11T11:01:07.523717,bike_80852
2025-12-11T11:01:13.184331,bike_44421
2025-12-11T11:01:10.451426,bike_20799
2025-12-11T11:01:12.164129,bike_00744
2025-12-06T05:01:11.125322,bike_88823
2025-11-29T23:01:07.163436,bike_80173
2025-12-11T11:01:12.709850,bike_81702
2025-12-11T11:01:07.970108,bike_46209
2025-12-11T11:01:11.953267,bike_02577
2025-12-09T17:01:12.778673,bike_17662
2025-12-11T11:01:09.264242,bike_70164
2025-12-11T05:01:09.221857,bike_24361
2025-12-11T11:01:10.351138,bike_00207
2025-12-11T11:01:08.724183,bike_25340
2025-12-11T05:01:10.411235,bike_76114
2025-12-11T11:01:16.864312,bike_20746
2025-12-11T11:01:07.011101,bike_51513
2025-12-11T11:01:15.073086,bike_45530
2025-12-11T11:01:08.613032,bike_45217
2025-12-11T11:01:10.764051,bike_17747
2025-12-11T11:01:11.204150,bike_70142
2025-11-28T17:01:09.762950,bike_69744
2025-12-11T11:01:07.810157,bike_20502
2025-12-11T11:01:07.930190,bike_89166
2025-12-11T11:01:15.153083,bike_24989
2025-12-10T23:01:10.743026,bike_41433
2025-12-11T11:01:12.413428,bike_70098
2025-12-11T11:01:14.449808,bike_76382
2025-12-11T11:01:13.521116,bike_16502
2025-12-02T05:01:12.469715,bike_81178
2025-12-11T11:01:07.872951,bike_85217
2025-12-11T11:01:06.477066,bike_73941
2025-12-11T11:01:13.521070,bike_68820
2025-12-11T11:01:11.113332,bike_68274
2025-12-11T11:01:06.329903,bike_78515
2025-12-10T23:01:10.928655,bike_47302
2025-12-11T11:01:08.204368,bike_20847
2025-12-11T11:01:15.684212,bike_76429
2025-12-11T11:01:12.073073,bike_26527
2025-12-11T11:01:09.064100,bike_82293
2025-12-11T11:01:07.244210,bike_06993
2025-12-11T11:01:08.033386,bike_17291
2025-12-11T11:01:07.672443,bike_74206
2025-12-11T11:01:16.424257,bike_74423
2025-12-11T11:01:10.900197,bike_60768
2025-12-11T11:01:07.904161,bike_52229
2025-12-09T17:01:09.418691,bike_51625
2025-12-11T11:01:11.384150,bike_70740
2025-12-11T11:01:16.312438,bike_69743
2025-12-11T11:01:14.609906,bike_53141
2025-12-11T11:01:17.044215,bike_57954
2025-12-11T11:01:08.314052,bike_71051
2025-12-11T11:01:10.813619,bike_62052
2025-12-10T17:01:03.736939,bike_09343
2025-12-11T11:01:11.604195,bike_52379
2025-12-11T11:01:07.244168,bike_69544
2025-12-11T11:01:07.904107,bike_62969
2025-12-02T23:01:08.210613,bike_73864
2025-12-11T11:01:07.672430,bike_51022
2025-12-11T11:01:09.184199,bike_58821
2025-12-11T11:01:08.670622,bike_67422
2025-12-11T11:01:09.073150,bike_20852
2025-12-11T11:01:10.900207,bike_77388
2025-12-11T11:01:07.850996,bike_26822
2025-12-11T05:01:13.036460,bike_61547
2025-12-11T11:01:09.504062,bike_76767
2025-12-11T11:01:05.933224,bike_70593
2025-12-11T11:01:16.752803,bike_68845
2025-12-11T11:01:17.052914,bike_08089
2025-12-04T23:01:13.672188,bike_26195
2025-12-11T11:01:09.170118,bike_10859
2025-12-11T11:01:10.584222,bike_39213
2025-12-11T11:01:06.944198,bike_00215
2025-12-11T11:01:10.711322,bike_73281
2025-12-11T11:01:06.864185,bike_79849
2025-12-11T11:01:07.411185,bike_74125
2025-12-05T23:01:04.686926,bike_60157
2025-12-10T11:01:07.318826,bike_70771
2025-12-11T11:01:09.764127,bike_58664
2025-12-11T11:01:06.850032,bike_89552
2025-12-11T11:01:09.711211,bike_05346
2025-12-11T11:01:16.730395,bike_68889
2025-12-10T23:01:13.215451,bike_57372
2025-12-11T05:01:13.222016,bike_37659
2025-12-11T11:01:06.832961,bike_61366
2025-12-11T11:01:08.644203,bike_70298
2025-12-11T11:01:11.164196,bike_44391
2025-12-11T11:01:14.004253,bike_72543
2025-12-11T11:01:07.984205,bike_79361
2025-12-11T11:01:07.452524,bike_88960
2025-12-11T11:01:07.173351,bike_85330
2025-12-11T11:01:12.090382,bike_21233
2025-11-29T11:01:09.516422,bike_09747
2025-12-11T11:01:11.944461,bike_77003
2025-12-11T11:01:08.332002,bike_81102
2025-12-11T11:01:07.645200,bike_62752
2025-12-11T05:01:07.746100,bike_85128
2025-12-11T11:01:15.584207,bike_69650
2025-12-11T11:01:12.890615,bike_05000
2025-12-11T11:01:08.424330,bike_81711
2025-12-11T11:01:14.773058,bike_43893
2025-12-11T11:01:07.470161,bike_67684
2025-12-11T11:01:06.609875,bike_51871
2025-12-11T11:01:09.693445,bike_52327
2025-12-10T23:01:13.884623,bike_68083
2025-11-27T18:03:38.925115,bike_74905
2025-12-11T11:01:07.011119,bike_58286
2025-12-11T11:01:07.952891,bike_77150
2025-12-11T11:01:13.530618,bike_73228
2025-12-11T11:01:10.010279,bike_08196
2025-12-11T11:01:11.090167,bike_85167
2025-12-11T11:01:09.184225,bike_56625
2025-12-11T11:01:08.464186,bike_57006
2025-12-11T11:01:11.033620,bike_73021
2025-12-11T11:01:07.810152,bike_16103
2025-12-11T11:01:06.993223,bike_52172
2025-12-11T11:01:05.924254,bike_45369
2025-12-11T11:01:16.211526,bike_44554
2025-12-11T11:01:10.073726,bike_89161
2025-12-11T11:01:11.791885,bike_79336
2025-12-11T11:01:11.710021,bike_78866
2025-12-11T11:01:14.264202,bike_70078
2025-12-11T11:01:14.609898,bike_51011
2025-12-11T11:01:10.373287,bike_50281
2025-12-11T11:01:13.653566,bike_67822
2025-12-11T11:01:10.364172,bike_70913
2025-12-11T11:01:08.410968,bike_07373
2025-12-11T11:01:09.170134,bike_69552
2025-12-11T11:01:15.404261,bike_78152
2025-12-11T11:01:15.350512,bike_81904
2025-12-11T11:01:16.944242,bike_10422
2025-12-11T11:01:16.932104,bike_76712
2025-12-11T11:01:10.813671,bike_75408
2025-12-11T11:01:08.050853,bike_06518
2025-12-10T17:01:09.291733,bike_73516
2025-12-11T11:01:08.732902,bike_89758
2025-12-11T11:01:07.356477,bike_57051
2025-12-11T11:01:05.984186,bike_89835
2025-12-11T05:01:10.561920,bike_58649
2025-12-01T23:01:07.712491,bike_79194
2025-12-11T11:01:13.604245,bike_39449
2025-12-11T11:01:13.284221,bike_20130
2025-12-11T11:01:07.330172,bike_03572
2025-12-11T11:01:10.593132,bike_68246
2025-12-11T11:01:11.550929,bike_55183
2025-12-11T11:01:08.984166,bike_81693
2025-12-11T11:01:08.150656,bike_89408
2025-12-11T11:01:06.033056,bike_61122
2025-12-11T05:01:03.188597,bike_76651
2025-12-11T11:01:11.050841,bike_71276
2025-12-11T05:01:06.901959,bike_47551
2025-12-11T11:01:16.824154,bike_88438
2025-12-11T11:01:08.024231,bike_10405
2025-12-11T11:01:14.113503,bike_71282
2025-12-11T11:01:11.944466,bike_85088
2025-12-11T11:01:06.650551,bike_62877
2025-12-11T11:01:14.153453,bike_53065
2025-12-11T11:01:10.804176,bike_51224
2025-12-10T23:01:15.257206,bike_79916
2025-12-11T11:01:08.891786,bike_46602
2025-12-11T11:01:16.691290,bike_81731
2025-12-11T11:01:12.164205,bike_80309
2025-12-11T11:01:16.644258,bike_62296
2025-12-11T11:01:10.790819,bike_44949
2025-12-11T11:01:15.473227,bike_51895
2025-12-11T11:01:07.252860,bike_75429
2025-12-11T11:01:09.104196,bike_76547
2025-12-11T05:01:09.010787,bike_44429
2025-12-11T11:01:09.193142,bike_36941
2025-12-11T11:01:15.593326,bike_42756
2025-12-11T11:01:12.430856,bike_81656
2025-12-11T11:01:11.813261,bike_16085
2025-12-11T11:01:06.504387,bike_85501
2025-12-11T05:01:05.230843,bike_71417
2025-12-11T11:01:06.352897,bike_73706
2025-12-11T11:01:12.604073,bike_55863
2025-12-11T11:01:16.850079,bike_47217
2025-12-11T11:01:08.232183,bike_44834
2025-12-11T11:01:06.193089,bike_45221
2025-12-11T11:01:13.724261,bike_53101
2025-12-11T11:01:16.364224,bike_73494
2025-12-11T11:01:08.653119,bike_82812
2025-12-01T05:01:11.373829,bike_21804
2025-12-11T11:01:10.173282,bike_44263
2025-12-11T11:01:15.890046,bike_21524
2025-12-11T11:01:12.333273,bike_80691
2025-12-11T11:01:07.850974,bike_12481
2025-12-11T11:01:07.164148,bike_05098
2025-12-11T11:01:10.513499,bike_05507
2025-12-11T11:01:12.471119,bike_50605
2025-12-11T11:01:13.224214,bike_51934
2025-12-11T05:01:05.741954,bike_75727
2025-12-11T11:01:06.890270,bike_23162
2025-12-09T23:01:07.463463,bike_62177
2025-12-11T11:01:07.930247,bike_76529
2025-12-11T11:01:16.644275,bike_07033
2025-12-11T11:01:13.613422,bike_88616
2025-12-11T11:01:06.210033,bike_74176
2025-12-11T11:01:16.824159,bike_74965
2025-12-11T11:01:15.750712,bike_53439
2025-12-11T11:01:07.591435,bike_52104
2025-12-11T05:01:06.651014,bike_43298
2025-11-30T05:01:07.952532,bike_02140
2025-12-04T23:01:06.251706,bike_73330
2025-12-11T11:01:11.392914,bike_78938
2025-12-11T11:01:16.051154,bike_45146
2025-12-11T11:01:06.292460,bike_20665
2025-12-11T11:01:07.591409,bike_44602
2025-12-11T11:01:08.392838,bike_50586
2025-12-11T11:01:13.271576,bike_78850
2025-12-11T11:01:06.531232,bike_88561
2025-12-11T11:01:06.410696,bike_25570
2025-12-11T11:01:10.844196,bike_61882
2025-12-11T11:01:12.390267,bike_58131
2025-12-11T11:01:16.744216,bike_00467
2025-12-11T11:01:15.872724,bike_56614
2025-12-11T11:01:07.044191,bike_76660
2025-12-11T11:01:14.632740,bike_76852
2025-12-11T11:01:06.713174,bike_10339
2025-12-11T11:01:10.284209,bike_73012
2025-12-11T11:01:09.711197,bike_43013
2025-12-11T05:01:12.027839,bike_56493
2025-12-11T11:01:11.370595,bike_69153
2025-12-11T11:01:09.604201,bike_46718
2025-12-09T05:01:12.664407,bike_72626
2025-12-11T11:01:08.891799,bike_88171
2025-12-11T11:01:06.904188,bike_24538
2025-12-11T11:01:16.024152,bike_72902
2025-12-11T11:01:10.311264,bike_70473
2025-12-11T11:01:10.464161,bike_88169
2025-12-11T11:01:11.432934,bike_05153
2025-11-28T17:01:08.923669,bike_55707
2025-12-11T11:01:10.953271,bike_69316
2025-12-11T11:01:10.900173,bike_88335
2025-12-11T11:01:08.830084,bike_71935
2025-12-11T05:01:12.042038,bike_73713
2025-12-09T17:01:06.278810,bike_80126
2025-12-11T11:01:15.251802,bike_19444
2025-12-11T11:01:14.544227,bike_79473
2025-12-11T11:01:14.424191,bike_60003
2025-12-11T11:01:15.953226,bike_73263
2025-12-11T11:01:09.404218,bike_72225
2025-12-11T11:01:13.884560,bike_45789
2025-12-11T11:01:09.892592,bike_73743
2025-12-11T11:01:10.073742,bike_51956
2025-12-09T11:01:09.479104,bike_76687
2025-12-11T11:01:16.364219,bike_77970
2025-12-11T11:01:11.353144,bike_80806
2025-12-11T11:01:09.813752,bike_78222
2025-12-11T11:01:07.850991,bike_43684
2025-12-11T11:01:09.210574,bike_71777
2025-12-11T11:01:15.513292,bike_67117
2025-12-11T11:01:10.050653,bike_44788
2025-12-11T11:01:09.010439,bike_43312
2025-12-11T11:01:06.329862,bike_56938
2025-12-11T11:01:06.864173,bike_52677
2025-12-11T11:01:09.444116,bike_79580
2025-12-11T11:01:16.604309,bike_18810
2025-12-11T11:01:09.570555,bike_78784
2025-12-11T11:01:05.844038,bike_11115
2025-12-11T11:01:10.324198,bike_77921
2025-12-11T11:01:12.173028,bike_17070
2025-12-11T11:01:11.330520,bike_51701
2025-12-11T11:01:07.753776,bike_75787
2025-12-11T11:01:08.241876,bike_77249
2025-12-11T11:01:15.872747,bike_63008
2025-12-11T11:01:07.564071,bike_77474
2025-12-11T11:01:06.570617,bike_42949
2025-12-11T11:01:06.049783,bike_52556
2025-12-06T11:01:04.640505,bike_05114
2025-12-11T11:01:12.564209,bike_55592
2025-12-11T11:01:06.352931,bike_77142
2025-12-03T05:01:05.528608,bike_88175
2025-12-11T11:01:08.392807,bike_70425
2025-12-11T11:01:08.573621,bike_71297
2025-12-11T05:01:07.850634,bike_71258
2025-12-11T11:01:06.010706,bike_01643
2025-12-11T11:01:15.473202,bike_45540
2025-12-11T11:01:16.664238,bike_19662
2025-12-11T11:01:11.450497,bike_78700
2025-12-11T11:01:06.283412,bike_88762
2025-12-11T11:01:11.970344,bike_45800
2025-12-11T11:01:06.152914,bike_21983
2025-12-11T11:01:12.492730,bike_72963
2025-12-11T11:01:11.173166,bike_24283
2025-12-11T11:01:10.033343,bike_52118
2025-12-11T11:01:12.270454,bike_08149
2025-12-10T05:01:08.611721,bike_80121
2025-12-11T11:01:07.312858,bike_12208
2025-12-11T11:01:08.749959,bike_76924
2025-12-11T11:01:14.609848,bike_72401
2025-12-11T11:01:09.444077,bike_20015
2025-12-11T11:01:13.430886,bike_44813
2025-12-11T11:01:15.064177,bike_77484
2025-12-11T11:01:12.364098,bike_61354
2025-12-07T17:01:06.727669,bike_70119
2025-12-11T05:01:13.561949,bike_88987
2025-12-11T11:01:09.904220,bike_21920
2025-12-11T11:01:15.010890,bike_17510
2025-12-11T11:01:11.303662,bike_88984
2025-12-11T11:01:10.433585,bike_44019
2025-12-10T17:01:06.340732,bike_67032
2025-12-11T11:01:11.490704,bike_70492
2025-12-11T11:01:08.290414,bike_63067
2025-12-11T11:01:14.712939,bike_70701
2025-12-11T11:01:07.365423,bike_44218
2025-12-11T11:01:14.704196,bike_56680
2025-12-11T11:01:16.551426,bike_88564
2025-12-11T11:01:15.010904,bike_69340
2025-12-11T11:01:14.473225,bike_63455
2025-12-11T11:01:10.864157,bike_75728
2025-12-11T11:01:14.449800,bike_69299
2025-12-11T11:01:09.353485,bike_88257
2025-12-11T11:01:15.733470,bike_89011
2025-12-11T11:01:12.644133,bike_50153
2025-12-11T11:01:14.993633,bike_72503
2025-12-06T17:01:07.865500,bike_78362
2025-12-11T11:01:14.773079,bike_51901
2025-12-11T11:01:15.104219,bike_55079
2025-12-11T11:01:10.831107,bike_86277
2025-12-11T11:01:07.613087,bike_80221
2025-12-11T11:01:09.804067,bike_71921
2025-12-07T23:01:10.857849,bike_17735
2025-12-10T05:01:09.091777,bike_46283
2025-12-11T11:01:13.024209,bike_71746
2025-12-11T11:01:11.173188,bike_73026
2025-12-11T05:01:03.608500,bike_76542
2025-12-11T11:01:14.844155,bike_11066
2025-12-11T11:01:09.170157,bike_78737
2025-12-11T11:01:10.294033,bike_70464
2025-12-11T11:01:10.424249,bike_48047
2025-12-11T11:01:15.733483,bike_43832
2025-12-11T11:01:11.164222,bike_89690
2025-12-11T11:01:09.853179,bike_17932
2025-12-11T11:01:11.904178,bike_75427
2025-12-11T11:01:08.693230,bike_05207
2025-12-10T23:01:10.594857,bike_74585
2025-12-11T11:01:12.533225,bike_77091
2025-12-11T11:01:14.344203,bike_50789
2025-12-11T11:01:13.553654,bike_46613
2025-12-11T11:01:15.170417,bike_85174
2025-12-11T11:01:15.184224,bike_75613
2025-12-11T11:01:16.631004,bike_23347
2025-12-11T11:01:08.693233,bike_00664
2025-12-11T11:01:15.993435,bike_57547
2025-12-11T11:01:14.584195,bike_69074
2025-12-11T11:01:14.449803,bike_52320
2025-12-11T11:01:13.244240,bike_68208
2025-12-11T11:01:15.724181,bike_78314
2025-12-11T11:01:14.464139,bike_17575
2025-12-11T11:01:08.392867,bike_46563
2025-12-11T11:01:12.930372,bike_80441
2025-12-11T11:01:15.711681,bike_75804
2025-12-11T11:01:07.744189,bike_69705
2025-12-11T11:01:15.290854,bike_75699
2025-12-11T11:01:08.644219,bike_22743
2025-12-11T11:01:12.971186,bike_70219
2025-12-11T11:01:10.531067,bike_51251
2025-12-07T23:01:06.601642,bike_77099
2025-12-11T11:01:14.113470,bike_55344
2025-12-11T11:01:14.004220,bike_80901
2025-12-11T11:01:10.909053,bike_02859
2025-12-11T11:01:14.113480,bike_68264
2025-12-05T17:01:12.639057,bike_51232
2025-12-11T11:01:10.873409,bike_67245
2025-12-11T11:01:15.930280,bike_89211
2025-12-11T11:01:13.324197,bike_43725
2025-12-11T11:01:10.804133,bike_88474
2025-12-11T11:01:14.392712,bike_43234
2025-12-11T11:01:13.071807,bike_52239
2025-12-10T23:01:12.955820,bike_47659
2025-12-11T11:01:11.204147,bike_89128
2025-12-11T11:01:12.173044,bike_89954
2025-12-11T11:01:14.392717,bike_81837
2025-12-11T11:01:12.090348,bike_69475
2025-12-11T11:01:13.404214,bike_68987
2025-12-06T05:01:06.796175,bike_89614
2025-12-11T11:01:14.344173,bike_22447
2025-12-11T11:01:12.213314,bike_51389
2025-12-11T11:01:09.953272,bike_06508
2025-12-11T11:01:13.973696,bike_89889
2025-12-11T11:01:12.144146,bike_55914
2025-12-11T11:01:11.872843,bike_71197
2025-12-11T11:01:06.312983,bike_47723
2025-12-10T05:01:02.351701,bike_35337
2025-12-11T05:01:09.541948,bike_85152
2025-12-11T11:01:09.273340,bike_19738
2025-12-11T11:01:10.113571,bike_53399
2025-12-11T11:01:10.413590,bike_22339
2025-12-11T11:01:06.033058,bike_42852
2025-12-11T11:01:08.451002,bike_67410
2025-12-11T11:01:15.010871,bike_89748
2025-12-11T11:01:14.324226,bike_88256
2025-12-10T17:01:09.580136,bike_73831
2025-12-11T11:01:05.914813,bike_18113
2025-12-10T11:01:06.662440,bike_67675
2025-12-11T11:01:13.084294,bike_70410
2025-12-11T11:01:16.973461,bike_45552
2025-12-11T11:01:10.890912,bike_89778
2025-12-11T11:01:12.104929,bike_24393
2025-12-11T11:01:06.544168,bike_89141
2025-12-11T11:01:07.872926,bike_10910
2025-12-09T17:01:13.585443,bike_50862
2025-12-11T11:01:08.433349,bike_52974
2025-12-11T11:01:16.272663,bike_80793
2025-12-11T11:01:15.430631,bike_18743
2025-12-10T23:01:05.443089,bike_52693
2025-12-11T11:01:15.234019,bike_45711
2025-12-11T05:01:10.941947,bike_89178
2025-12-11T11:01:08.630065,bike_79447
2025-12-11T11:01:13.684202,bike_22905
2025-12-11T11:01:11.935194,bike_89358
2025-12-11T11:01:16.184202,bike_76417
2025-12-11T11:01:06.544129,bike_79089
2025-12-11T11:01:10.504219,bike_17113
2025-12-11T11:01:06.792942,bike_18878
2025-12-11T11:01:13.991161,bike_26368
2025-12-11T11:01:11.935180,bike_71683
2025-12-11T11:01:15.404255,bike_62085
2025-12-09T17:01:06.858780,bike_46260
2025-12-11T11:01:17.044230,bike_88349
2025-12-11T11:01:13.224211,bike_58855
2025-12-11T11:01:07.952857,bike_89498
2025-12-11T11:01:08.913072,bike_44068
2025-12-11T11:01:10.593111,bike_53264
2025-12-11T11:01:14.464159,bike_88523
2025-12-11T11:01:16.864259,bike_69121
2025-12-11T05:01:09.421949,bike_61503
2025-12-11T11:01:06.824123,bike_07188
2025-12-11T11:01:07.024164,bike_22663
2025-12-04T05:01:12.431669,bike_63323
2025-12-11T11:01:06.849975,bike_00387
2025-12-11T11:01:09.453202,bike_76579
2025-12-11T11:01:11.012495,bike_71348
2025-12-11T11:01:08.613024,bike_01736
2025-12-11T11:01:09.224150,bike_03439
2025-12-11T11:01:08.870184,bike_43243
2025-12-11T11:01:14.951960,bike_46989
2025-12-11T11:01:08.944100,bike_85327
2025-12-11T11:01:15.451926,bike_56665
2025-12-08T17:01:11.676238,bike_09414
2025-12-11T11:01:12.253266,bike_52044
2025-12-11T11:01:08.424311,bike_51005
2025-12-11T11:01:13.530659,bike_55816
2025-12-11T11:01:09.010422,bike_50368
2025-12-11T11:01:14.044198,bike_07238
2025-12-11T11:01:06.477038,bike_51586
2025-12-11T11:01:16.024169,bike_47459
2025-12-11T11:01:14.773070,bike_77067
2025-12-09T11:01:09.959190,bike_46945
2025-12-09T11:01:05.988482,bike_62261
2025-12-11T11:01:08.530632,bike_73342
2025-12-11T11:01:16.673463,bike_77543
2025-12-09T17:01:07.958780,bike_47643
2025-12-11T11:01:07.792862,bike_78380
2025-12-10T17:01:03.221129,bike_78721
2025-12-11T11:01:08.033358,bike_80500
2025-12-11T11:01:14.383586,bike_44796
2025-12-11T05:01:03.631340,bike_75610
2025-12-11T11:01:12.164166,bike_07692
2025-12-11T11:01:12.773594,bike_89872
2025-12-11T11:01:09.051615,bike_23919
2025-12-11T11:01:06.010716,bike_80382
2025-12-11T11:01:07.173353,bike_89071
2025-12-11T11:01:14.224184,bike_07678
2025-12-11T11:01:09.993133,bike_12435
2025-12-11T11:01:07.613045,bike_68678
2025-12-11T11:01:16.973481,bike_50444
2025-12-11T11:01:06.993186,bike_56466
2025-12-11T11:01:16.591401,bike_51670
2025-12-11T11:01:13.354887,bike_21784
2025-12-11T11:01:10.324190,bike_50397
2025-12-10T17:01:03.355352,bike_25227
2025-12-11T11:01:14.813193,bike_43825
2025-12-11T11:01:10.790850,bike_71456
2025-12-11T11:01:13.054129,bike_51909
2025-12-11T11:01:10.424227,bike_77206
2025-12-11T11:01:15.750666,bike_20548
2025-12-11T11:01:15.010869,bike_46711
2025-12-10T17:01:03.656645,bike_46479
2025-12-11T11:01:11.450440,bike_50721
2025-12-11T11:01:13.572035,bike_50891
2025-12-11T11:01:16.393137,bike_72457
2025-12-11T11:01:07.304163,bike_72934
2025-12-11T11:01:11.944430,bike_78882
2025-12-11T11:01:12.764157,bike_88216
2025-12-11T11:01:16.810273,bike_70247
2025-12-11T11:01:16.411260,bike_75679
2025-12-11T11:01:16.453615,bike_77826
2025-12-11T11:01:13.354868,bike_79138
2025-12-11T05:01:07.167914,bike_60623
2025-12-11T05:01:11.241980,bike_89048
2025-12-11T11:01:08.204371,bike_85106
2025-12-11T11:01:06.713197,bike_58355
2025-12-11T11:01:07.393499,bike_78651
2025-12-10T11:01:09.619386,bike_47886
2025-12-11T11:01:07.452555,bike_47464
2025-12-11T11:01:06.344070,bike_21945
2025-12-11T11:01:09.113074,bike_62281
2025-12-11T11:01:14.013663,bike_45270
2025-12-11T05:01:07.208203,bike_24572
2025-12-11T05:01:11.021892,bike_81701
2025-12-11T11:01:13.184301,bike_80465
2025-12-11T11:01:12.444175,bike_78914
2025-11-29T11:01:11.295925,bike_21354
2025-12-11T11:01:12.364095,bike_79183
2025-12-11T11:01:08.774023,bike_09849
2025-12-11T11:01:06.010698,bike_67159
2025-12-11T11:01:07.810146,bike_20262
2025-12-11T11:01:14.831199,bike_61384
2025-12-11T11:01:11.353139,bike_77644
2025-12-11T11:01:09.912957,bike_02502
2025-12-11T05:01:08.890848,bike_85514
2025-12-11T11:01:16.713096,bike_24324
2025-12-11T11:01:09.604206,bike_68449
2025-12-10T05:01:06.451585,bike_50427
2025-12-11T11:01:11.151262,bike_89924
2025-12-11T11:01:13.724246,bike_42539
2025-12-11T05:01:09.001941,bike_76305
2025-12-08T17:01:09.256318,bike_75485
2025-12-11T11:01:11.550948,bike_51087
2025-12-11T11:01:07.771060,bike_03209
2025-12-11T11:01:16.453642,bike_57720
2025-12-11T05:01:12.391462,bike_56504
2025-12-11T11:01:13.391041,bike_78763
2025-12-11T11:01:11.709997,bike_44820
2025-12-11T11:01:15.750668,bike_52324
2025-12-11T11:01:08.764189,bike_43729
2025-12-11T11:01:15.693703,bike_20013
2025-12-11T11:01:12.430846,bike_58457
2025-12-11T11:01:11.970355,bike_77638
2025-12-11T11:01:10.998470,bike_75529
2025-12-11T11:01:13.390966,bike_85507
2025-12-11T11:01:06.072982,bike_88088
2025-12-11T11:01:13.553649,bike_86019
2025-12-10T23:01:15.028690,bike_88399
2025-12-11T11:01:06.970997,bike_77705
2025-12-11T11:01:07.591443,bike_45104
2025-12-11T11:01:15.693742,bike_03050
2025-12-11T11:01:16.824170,bike_71775
2025-12-11T11:01:16.691361,bike_52939
2025-12-11T11:01:09.104154,bike_77749
2025-12-11T11:01:12.764189,bike_19629
2025-12-11T11:01:13.127019,bike_46379
2025-12-11T11:01:09.613349,bike_77189
2025-12-11T11:01:11.653186,bike_80892
2025-12-11T05:01:07.270924,bike_86002
2025-12-11T11:01:07.824157,bike_25608
2025-12-11T11:01:07.771083,bike_24636
2025-12-11T11:01:12.813077,bike_50194
2025-12-11T11:01:13.430863,bike_85338
2025-12-09T05:01:06.347316,bike_46158
2025-12-10T23:01:10.278130,bike_05714
2025-12-02T11:01:05.384912,bike_52666
2025-12-09T05:01:15.123654,bike_50381
2025-12-11T11:01:14.264216,bike_62217
2025-12-11T11:01:13.904200,bike_50588
2025-12-11T11:01:16.850074,bike_53207
2025-12-11T11:01:15.872732,bike_69177
2025-12-11T11:01:14.070168,bike_01017
2025-12-11T11:01:14.773068,bike_45035
2025-12-11T11:01:10.671674,bike_50171
2025-12-11T11:01:06.850014,bike_44337
2025-12-11T11:01:15.333232,bike_89262
2025-12-11T11:01:14.584206,bike_46036
2025-12-11T11:01:09.024218,bike_61123
2025-12-11T11:01:11.384179,bike_17237
2025-12-11T11:01:15.404253,bike_43171
2025-12-11T11:01:07.523741,bike_55179
2025-12-11T11:01:07.784035,bike_68537
2025-12-11T11:01:08.564367,bike_69750
2025-12-11T11:01:14.544206,bike_58163
2025-11-30T17:01:08.133469,bike_57268
2025-12-11T11:01:12.284144,bike_79462
2025-12-11T11:01:15.390348,bike_43548
2025-12-10T23:01:10.585414,bike_79333
2025-12-11T11:01:07.452558,bike_80085
2025-12-11T11:01:08.732920,bike_80316
2025-12-11T11:01:10.531062,bike_43198
2025-12-11T11:01:16.964262,bike_05385
2025-12-11T05:01:06.131353,bike_77514
2025-12-11T11:01:07.411147,bike_10688
2025-12-11T11:01:16.630983,bike_79601
2025-12-11T11:01:14.853072,bike_16787
2025-12-11T11:01:11.264250,bike_79559
2025-12-11T11:01:13.711218,bike_20230
2025-12-11T11:01:07.771103,bike_11850
2025-12-08T17:01:04.744786,bike_46089
2025-12-11T05:01:12.781876,bike_88436
2025-12-07T17:01:10.716071,bike_56356
2025-12-11T11:01:14.893017,bike_17697
2025-12-11T11:01:11.778489,bike_16830
2025-12-11T11:01:05.844003,bike_89990
2025-12-11T11:01:06.329867,bike_80782
2025-12-11T11:01:07.252848,bike_44227
2025-12-11T11:01:12.864201,bike_77253
2025-12-11T11:01:10.212896,bike_46561
2025-12-11T11:01:08.812858,bike_85419
2025-12-11T11:01:11.231216,bike_45077
2025-12-11T11:01:08.491019,bike_88729
2025-12-11T11:01:11.151277,bike_70732
2025-12-07T17:01:06.393995,bike_46429
2025-12-11T11:01:15.632116,bike_73905
2025-12-11T11:01:13.653572,bike_76876
2025-12-11T11:01:15.953192,bike_21514
2025-12-11T11:01:15.131056,bike_75598
2025-12-05T23:01:07.860128,bike_78108
2025-12-09T17:01:14.238639,bike_75735
2025-12-11T11:01:13.084304,bike_52634
2025-12-10T17:01:06.000770,bike_61687
2025-12-11T11:01:11.984145,bike_77588
2025-12-11T11:01:10.351163,bike_39409
2025-11-28T11:01:28.803728,bike_60775
2025-12-11T11:01:11.533483,bike_24835
2025-12-11T11:01:07.244181,bike_42910
2025-12-11T11:01:07.864186,bike_85333
2025-12-05T23:01:10.518467,bike_56425
2025-12-11T11:01:12.804192,bike_16309
2025-12-11T11:01:08.591646,bike_16222
2025-12-11T11:01:07.724985,bike_75379
2025-12-09T23:01:06.888573,bike_44645
2025-12-10T23:01:14.256381,bike_71971
2025-12-11T11:01:13.744237,bike_78927
2025-12-11T11:01:12.670194,bike_88454
2025-12-11T11:01:14.790569,bike_44265
2025-12-11T11:01:13.553633,bike_50773
2025-12-11T11:01:11.564064,bike_78921
2025-12-11T11:01:07.164129,bike_55501
2025-12-11T05:01:04.230454,bike_43130
2025-12-11T11:01:08.411011,bike_78670
2025-12-11T11:01:08.804146,bike_76801
2025-11-30T11:01:06.628076,bike_45244
2025-12-11T11:01:16.533616,bike_51785
2025-12-11T11:01:10.373284,bike_52393
2025-12-11T11:01:10.424209,bike_05204
2025-12-11T05:01:13.061951,bike_82855
2025-12-11T11:01:06.904241,bike_25150
2025-12-11T11:01:14.531089,bike_73158
2025-12-01T17:01:14.645610,bike_51645
2025-12-11T05:01:07.588113,bike_71306
2025-12-11T11:01:16.504205,bike_21516
2025-12-11T11:01:15.584220,bike_81104
2025-12-11T11:01:08.504222,bike_69378
2025-12-09T17:01:11.306255,bike_78333
2025-12-11T11:01:12.653077,bike_60421
2025-11-28T17:01:09.581685,bike_51478
2025-12-11T11:01:14.383597,bike_20259
2025-12-11T11:01:14.491370,bike_78016
2025-12-11T11:01:16.873282,bike_79764
2025-12-11T11:01:06.010666,bike_07141
2025-12-11T11:01:14.632813,bike_80687
2025-12-11T11:01:16.411296,bike_56754
2025-12-11T11:01:16.471359,bike_35237
2025-12-11T11:01:06.352899,bike_89611
2025-12-11T11:01:15.513302,bike_69401
2025-12-11T11:01:13.324180,bike_62864
2025-12-11T11:01:08.724147,bike_43943
2025-12-04T05:01:09.970646,bike_43651
2025-12-11T11:01:07.824124,bike_45079
2025-12-10T05:01:06.451603,bike_02520
2025-12-05T23:01:08.998078,bike_73289
2025-12-11T11:01:14.884293,bike_50157
2025-12-11T11:01:09.453215,bike_44951
2025-12-11T11:01:16.792876,bike_50661
2025-12-11T11:01:13.470796,bike_50433
2025-12-11T11:01:15.872671,bike_08421
2025-12-11T11:01:13.644201,bike_77453
2025-12-11T11:01:16.604303,bike_77692
2025-12-11T11:01:16.184184,bike_78158
2025-12-11T11:01:08.424291,bike_51740
2025-12-11T11:01:06.650521,bike_42026
2025-12-11T11:01:07.133043,bike_47892
2025-12-11T11:01:13.530636,bike_81114
2025-12-11T11:01:10.844139,bike_51505
2025-12-08T23:01:08.757656,bike_74596
2025-12-11T11:01:13.170780,bike_00655
2025-12-11T11:01:12.670150,bike_55438
2025-12-11T11:01:11.644207,bike_02608
2025-12-11T11:01:16.691285,bike_74010
2025-12-11T11:01:10.451456,bike_46742
2025-12-11T11:01:14.210139,bike_20185
2025-12-11T11:01:12.573700,bike_15603
2025-12-11T11:01:16.730370,bike_69236
2025-12-11T11:01:13.024231,bike_68808
2025-12-11T11:01:10.024138,bike_46291
2025-12-11T11:01:09.353512,bike_70393
2025-12-11T11:01:14.790578,bike_24905
2025-11-28T23:01:03.695381,bike_67868
2025-12-11T11:01:16.131065,bike_23871
2025-12-10T23:01:15.308720,bike_63909
2025-12-11T11:01:10.390888,bike_56232
2025-12-11T11:01:07.470174,bike_69351
2025-12-11T11:01:12.864217,bike_55541
2025-12-11T11:01:15.024192,bike_70789
2025-12-11T11:01:13.511695,bike_52108
2025-12-11T11:01:15.764227,bike_50636
2025-12-11T11:01:09.904214,bike_70905
2025-12-11T11:01:11.312828,bike_80521
2025-12-11T11:01:12.064144,bike_52539
2025-12-11T11:01:12.372962,bike_24510
2025-12-11T11:01:15.953210,bike_73552
2025-12-11T05:01:04.241909,bike_79599
2025-12-11T05:01:07.916403,bike_78523
2025-11-29T23:01:11.213635,bike_85116
2025-12-11T11:01:14.790564,bike_22443
2025-12-11T11:01:16.384250,bike_43302
2025-12-11T11:01:06.513973,bike_75371
2025-12-11T11:01:06.270324,bike_70052
2025-12-11T11:01:16.131092,bike_71805
2025-12-11T11:01:13.391012,bike_09700
2025-11-29T23:01:12.350449,bike_70377
2025-12-10T23:01:06.836599,bike_88626
2025-12-11T11:01:07.810173,bike_16751
2025-12-11T11:01:06.090379,bike_61293
2025-12-11T11:01:05.844052,bike_82786
2025-12-11T11:01:09.791150,bike_72460
2025-12-11T11:01:10.090989,bike_62306
2025-12-08T23:01:11.044030,bike_85026
2025-12-11T11:01:11.273202,bike_80792
2025-12-11T11:01:07.645179,bike_85027
2025-12-11T11:01:07.024199,bike_45464
2025-12-11T11:01:14.004303,bike_02853
2025-12-11T11:01:05.968601,bike_22925
2025-12-11T11:01:10.644108,bike_71484
2025-12-11T11:01:11.573309,bike_89646
2025-12-11T11:01:06.144132,bike_88716
2025-12-11T11:01:16.564175,bike_09278
2025-12-11T11:01:10.064165,bike_23153
2025-12-11T11:01:08.644216,bike_89600
2025-12-11T11:01:09.113099,bike_60185
2025-12-11T11:01:14.844152,bike_67545
2025-12-11T11:01:16.153438,bike_79135
2025-12-11T11:01:08.512882,bike_88210
2025-12-11T11:01:14.744195,bike_51359
2025-12-11T11:01:11.113318,bike_24043
2025-12-11T11:01:13.430852,bike_44980
2025-12-11T11:01:05.959957,bike_22591
2025-12-11T11:01:09.332241,bike_76434
2025-12-11T11:01:16.914609,bike_09525
2025-12-11T11:01:13.693019,bike_51233
2025-12-11T05:01:05.210084,bike_72111
2025-12-11T11:01:06.731157,bike_88596
2025-12-11T05:01:09.608007,bike_78614
2025-12-11T11:01:08.830089,bike_76456
2025-12-11T11:01:12.333283,bike_52150
2025-12-11T11:01:08.564416,bike_76580
2025-12-11T11:01:09.644211,bike_60744
2025-12-10T17:01:09.640887,bike_18530
2025-12-11T11:01:07.213157,bike_62422
2025-12-11T05:01:12.285969,bike_60259
2025-12-11T05:01:09.461896,bike_58317
2025-12-11T11:01:13.312180,bike_48074
2025-12-11T11:01:13.044356,bike_21201
2025-12-09T17:01:09.894929,bike_05281
2025-12-11T05:01:10.081959,bike_82816
2025-12-11T11:01:11.573302,bike_50530
2025-12-11T11:01:07.344229,bike_73044
2025-12-11T11:01:05.984206,bike_17772
2025-12-03T05:01:12.334477,bike_88539
2025-12-11T11:01:06.494799,bike_68192
2025-12-01T05:01:05.153750,bike_72913
2025-12-11T11:01:16.730390,bike_57005
2025-12-11T11:01:10.373259,bike_70522
2025-12-11T11:01:08.992876,bike_45411
2025-12-11T11:01:08.591620,bike_71607
2025-12-11T11:01:13.312233,bike_40268
2025-12-11T11:01:12.444138,bike_25919
2025-12-11T05:01:07.230946,bike_58028
2025-12-11T11:01:16.905449,bike_21139
2025-12-10T05:01:07.716040,bike_47694
2025-12-08T23:01:10.697730,bike_63095
2025-12-11T11:01:10.190716,bike_81672
2025-12-11T11:01:15.464158,bike_08669
2025-12-11T11:01:15.170394,bike_81454
2025-12-11T11:01:12.864185,bike_07070
2025-12-11T05:01:05.010985,bike_82257
2025-12-11T11:01:08.591591,bike_11024
2025-12-11T11:01:09.470422,bike_79129
2025-12-11T11:01:10.433572,bike_88512
2025-12-11T11:01:14.130661,bike_00564
2025-12-11T11:01:06.971049,bike_69518
2025-12-11T11:01:07.890111,bike_77367
2025-12-11T11:01:05.844010,bike_81743
2025-12-11T11:01:13.093572,bike_45321
2025-12-11T11:01:07.771065,bike_75038
2025-12-11T11:01:11.533527,bike_69222
2025-12-11T05:01:05.471490,bike_25988
2025-12-11T11:01:06.072986,bike_61452
2025-12-11T11:01:07.970110,bike_43769
2025-12-10T17:01:03.097597,bike_03770
2025-12-07T17:01:11.567366,bike_46448
2025-12-11T11:01:12.471129,bike_85186
2025-12-11T11:01:16.224219,bike_21115
2025-12-11T11:01:14.933337,bike_10546
2025-12-11T05:01:10.321971,bike_71684
2025-12-11T11:01:09.711273,bike_22372
2025-12-11T11:01:09.970556,bike_03738
2025-11-29T11:01:08.196552,bike_67425
2025-12-11T11:01:06.393113,bike_46704
2025-12-11T11:01:15.290821,bike_75496
2025-12-10T17:01:08.517233,bike_67092
2025-12-11T11:01:16.224245,bike_02578
2025-12-11T11:01:11.392919,bike_13145
2025-12-11T11:01:14.004283,bike_67787
2025-12-11T11:01:09.953275,bike_67263
2025-12-11T11:01:11.670317,bike_23044
2025-12-11T11:01:12.144198,bike_50449
2025-12-11T11:01:12.430851,bike_72096
2025-12-11T11:01:16.730364,bike_60168
2025-11-28T11:01:38.243750,bike_73250
2025-12-11T11:01:08.150641,bike_30243
2025-12-11T11:01:07.613052,bike_89949
2025-12-07T17:01:06.627654,bike_68568
2025-12-11T11:01:07.024183,bike_89823
2025-12-11T11:01:13.144264,bike_69520
2025-12-11T11:01:12.204189,bike_27111
2025-12-11T05:01:11.970580,bike_47084
2025-12-11T11:01:08.124270,bike_80017
2025-12-11T05:01:05.381915,bike_25383
2025-12-11T11:01:10.294028,bike_24714
2025-12-11T11:01:15.930303,bike_71416
2025-12-11T11:01:07.479568,bike_82511
2025-11-30T05:01:06.664422,bike_08262
2025-12-11T11:01:15.971154,bike_44422
2025-12-11T05:01:07.461877,bike_76675
2025-12-11T11:01:13.452771,bike_56496
2025-11-30T05:01:07.417735,bike_68485
2025-12-11T11:01:09.010425,bike_43715
2025-12-11T11:01:14.984245,bike_44521
2025-12-11T11:01:13.211181,bike_02579
2025-12-04T17:01:07.433730,bike_31249
2025-12-11T11:01:09.051632,bike_43775
2025-12-11T11:01:11.504172,bike_78409
2025-12-09T23:01:14.243057,bike_20368
2025-12-11T11:01:15.544151,bike_74388
2025-12-11T11:01:06.049774,bike_77279
2025-12-11T05:01:02.468306,bike_85323
2025-12-11T11:01:07.270096,bike_46407
2025-12-11T11:01:15.632125,bike_52611
2025-12-11T11:01:12.292658,bike_46409
2025-12-11T11:01:11.653143,bike_88019
2025-12-11T11:01:10.504203,bike_76587
2025-12-11T11:01:15.290847,bike_53327
2025-12-11T11:01:08.173751,bike_17588
2025-12-11T11:01:13.964217,bike_60447
2025-12-11T11:01:07.672405,bike_89226
2025-12-11T11:01:08.764224,bike_69129
2025-12-11T11:01:09.804092,bike_46454
2025-12-11T11:01:13.284205,bike_43123
2025-12-11T11:01:12.309975,bike_10426
2025-12-11T11:01:15.264273,bike_61439
2025-12-11T11:01:09.314465,bike_76695
2025-12-11T11:01:09.414202,bike_71227
2025-11-28T11:01:32.043744,bike_07765
2025-12-11T11:01:12.953307,bike_46567
2025-12-11T11:01:12.504137,bike_44348
2025-12-02T23:01:14.588765,bike_76572
2025-12-11T11:01:17.031241,bike_70939
2025-12-11T11:01:12.404160,bike_89502
2025-12-11T11:01:12.204114,bike_77445
2025-12-04T17:01:06.844706,bike_88297
2025-12-11T11:01:10.144345,bike_70975
2025-12-11T11:01:14.184150,bike_77184
2025-12-11T11:01:15.051043,bike_18181
2025-12-11T11:01:09.831236,bike_17455
2025-12-11T11:01:12.644097,bike_50578
2025-12-11T11:01:09.984143,bike_81844
2025-12-11T11:01:12.364139,bike_78920
2025-12-11T11:01:15.904192,bike_14722
2025-12-11T11:01:14.744165,bike_16543
2025-12-11T11:01:09.129992,bike_76216
2025-12-11T11:01:14.210121,bike_22292
2025-12-05T11:01:09.851863,bike_21496
2025-12-11T11:01:07.252862,bike_70153
2025-12-11T11:01:15.131069,bike_53395
2025-12-06T17:01:08.497502,bike_85064
2025-12-11T11:01:14.053048,bike_60692
2025-12-10T17:01:01.751631,bike_78470
2025-12-10T05:01:07.731755,bike_89013
2025-12-11T11:01:11.864156,bike_69773
2025-12-11T11:01:09.732734,bike_76033
2025-12-11T11:01:06.570646,bike_77084
2025-12-11T11:01:11.604234,bike_51100
2025-12-11T11:01:12.333247,bike_77031
2025-12-11T11:01:11.564090,bike_89665
2025-12-11T11:01:14.844180,bike_76540
2025-11-28T11:01:37.363718,bike_15771
2025-12-11T11:01:12.404136,bike_63257
2025-12-11T11:01:14.473188,bike_47750
2025-12-11T11:01:10.610560,bike_50804
2025-12-11T11:01:17.044194,bike_18559
2025-12-11T11:01:07.053507,bike_70411
2025-12-11T11:01:09.993128,bike_89757
2025-12-11T11:01:07.190898,bike_43039
2025-12-11T11:01:15.234001,bike_22162
2025-12-11T11:01:16.153433,bike_67172
2025-12-11T11:01:13.127071,bike_45887
2025-12-11T11:01:11.872781,bike_78485
2025-12-11T11:01:10.745522,bike_46307
2025-12-11T11:01:06.609873,bike_34255
2025-12-11T11:01:10.684107,bike_85087
2025-12-11T11:01:16.713106,bike_19623
2025-12-11T11:01:11.464224,bike_73023
2025-12-11T11:01:09.984156,bike_69191
2025-12-11T11:01:15.811165,bike_67847
2025-12-11T11:01:14.013719,bike_63622
2025-12-11T11:01:09.604209,bike_43178
2025-12-11T11:01:14.924138,bike_60712
2025-12-11T11:01:09.764124,bike_50720
2025-12-11T11:01:12.944264,bike_07894
2025-12-11T11:01:11.590631,bike_02007
2025-12-11T11:01:13.875661,bike_75414
2025-12-11T11:01:16.769752,bike_69134
2025-12-11T11:01:07.411165,bike_44544
2025-12-11T11:01:11.912940,bike_89094
2025-12-11T11:01:11.944468,bike_44053
2025-12-11T11:01:13.144253,bike_43154
2025-12-11T11:01:05.993455,bike_80849
2025-12-11T11:01:08.970841,bike_63041
2025-12-11T05:01:11.662009,bike_82846
2025-12-11T11:01:11.830415,bike_74492
2025-12-11T11:01:16.490557,bike_45626
2025-12-11T11:01:10.644125,bike_52363
2025-12-10T17:01:07.341018,bike_55783
2025-12-11T11:01:08.852955,bike_73233
2025-12-11T11:01:08.050891,bike_89266
2025-12-02T23:01:07.303967,bike_37187
2025-12-11T11:01:07.424152,bike_75798
2025-12-06T17:01:07.357481,bike_74513
2025-12-11T11:01:07.550582,bike_70716
2025-12-11T11:01:08.774006,bike_51113
2025-12-11T11:01:08.304243,bike_22360
2025-12-11T11:01:09.930882,bike_79367
2025-12-11T11:01:08.491028,bike_73006
2025-12-11T11:01:14.692386,bike_44952
2025-12-11T11:01:06.953072,bike_47049
2025-12-11T11:01:08.314130,bike_46910
2025-12-11T11:01:09.404187,bike_89959
2025-12-11T05:01:06.548137,bike_70184
2025-12-11T11:01:15.090084,bike_45476
2025-12-11T11:01:10.390842,bike_45850
2025-12-11T11:01:15.390343,bike_43326
2025-12-11T11:01:15.451897,bike_76887
2025-12-09T17:01:08.948546,bike_15064
2025-12-11T11:01:10.900170,bike_77572
2025-12-09T05:01:12.144306,bike_07424
2025-12-11T11:01:09.153073,bike_78879
2025-12-11T11:01:06.824147,bike_00132
2025-12-11T11:01:12.904163,bike_72580
2025-12-11T11:01:07.489253,bike_47002
2025-12-11T11:01:09.170136,bike_51234
2025-12-11T11:01:08.491049,bike_20475
2025-12-10T11:01:07.239887,bike_85094
2025-12-11T11:01:09.404184,bike_71454
2025-12-11T11:01:09.010409,bike_79208
2025-12-11T11:01:14.513416,bike_74201
2025-12-11T11:01:08.724150,bike_88592
2025-12-11T11:01:11.173175,bike_22656
2025-12-11T11:01:12.270429,bike_51090
2025-12-11T11:01:10.944174,bike_52525
2025-12-11T11:01:16.504192,bike_56298
2025-12-11T11:01:09.024191,bike_43929
2025-12-11T11:01:14.870496,bike_85149
2025-12-11T11:01:08.424316,bike_63341
2025-12-11T11:01:14.893025,bike_50901
2025-12-11T11:01:06.544170,bike_46456
2025-12-06T05:01:11.736178,bike_88103
2025-12-11T11:01:14.383639,bike_72388
2025-12-11T11:01:12.764132,bike_20234
2025-12-11T11:01:13.884602,bike_60438
2025-12-11T11:01:14.193033,bike_71640
2025-12-10T23:01:07.266739,bike_07107
2025-12-11T11:01:09.553302,bike_89660
2025-12-11T11:01:07.872923,bike_67927
2025-12-11T11:01:11.344209,bike_37285
2025-12-11T11:01:16.184174,bike_22806
2025-12-11T11:01:09.484134,bike_47568
2025-12-11T11:01:11.164170,bike_67966
2025-12-11T11:01:06.304117,bike_78888
2025-12-11T05:01:12.637076,bike_67204
2025-12-11T11:01:10.711325,bike_43760
2025-12-11T11:01:08.791229,bike_75594
2025-12-11T05:01:11.131143,bike_80685
2025-12-11T11:01:08.844164,bike_47424
2025-12-11T11:01:07.944166,bike_72682
2025-11-30T05:01:05.575597,bike_53455
2025-12-09T05:01:06.437725,bike_69253
2025-12-11T11:01:08.773981,bike_45668
2025-12-11T11:01:09.170102,bike_75242
2025-12-01T17:01:06.725103,bike_12912
2025-12-11T11:01:16.051160,bike_88587
2025-12-11T11:01:06.673470,bike_20008
2025-12-11T11:01:06.433339,bike_89252
2025-12-11T05:01:07.570726,bike_82306
2025-12-11T11:01:13.753372,bike_08265
2025-12-11T11:01:15.670850,bike_11372
2025-12-11T11:01:12.830052,bike_70840
2025-12-11T11:01:12.364119,bike_77505
2025-12-11T11:01:13.613477,bike_80045
2025-12-11T11:01:07.970102,bike_46998
2025-12-11T11:01:11.133299,bike_17266
2025-12-11T11:01:08.852958,bike_79226
2025-12-11T11:01:13.470819,bike_81777
2025-12-11T11:01:10.144243,bike_62115
2025-12-11T11:01:16.713056,bike_50693
2025-12-11T11:01:09.090438,bike_61207
2025-12-11T11:01:08.724155,bike_51042
2025-12-11T11:01:15.184232,bike_77193
2025-12-11T11:01:14.870462,bike_80273
2025-12-11T11:01:10.492465,bike_58610
2025-12-11T11:01:07.304134,bike_24336
2025-12-11T11:01:12.724222,bike_08173
2025-12-11T11:01:14.609854,bike_44683
2025-12-11T11:01:14.892977,bike_55650
2025-12-11T11:01:13.744211,bike_00787
2025-12-11T11:01:06.744100,bike_88634
2025-11-27T23:01:36.026732,bike_74990
2025-12-11T11:01:09.344242,bike_17098
2025-12-11T11:01:06.170084,bike_61929
2025-12-11T11:01:06.352938,bike_76106
2025-11-28T17:01:05.015916,bike_46108
2025-12-10T23:01:08.508800,bike_69568
2025-12-11T11:01:11.992868,bike_21853
2025-12-11T11:01:06.984178,bike_43813
2025-12-11T11:01:09.504092,bike_51787
2025-12-11T11:01:14.424196,bike_78324
2025-12-11T11:01:15.850429,bike_74213
2025-12-11T11:01:11.312803,bike_81481
2025-12-11T11:01:13.153209,bike_38966
2025-12-11T11:01:10.173309,bike_45213
2025-12-11T11:01:10.131150,bike_00537
2025-12-11T11:01:12.813052,bike_78468
2025-12-11T11:01:12.684198,bike_16665
2025-12-11T11:01:06.691088,bike_71566
2025-12-11T11:01:15.073093,bike_73819
2025-12-11T11:01:14.951920,bike_51310
2025-12-11T11:01:12.873229,bike_67993
2025-12-11T11:01:07.550566,bike_76318
2025-12-11T11:01:10.113588,bike_42834
2025-12-11T11:01:09.711245,bike_89519
2025-12-10T17:01:05.570573,bike_75750
2025-12-11T11:01:09.344225,bike_68619
2025-12-11T11:01:14.984278,bike_24009
2025-12-11T11:01:10.745483,bike_42575
2025-12-11T11:01:15.131009,bike_09890
2025-12-11T11:01:07.330141,bike_80264
2025-12-11T11:01:06.770245,bike_70099
2025-12-10T17:01:05.140937,bike_57949
2025-12-11T11:01:07.084185,bike_70883
2025-12-11T11:01:06.033027,bike_70705
2025-12-11T05:01:10.010598,bike_47990
2025-12-11T11:01:16.944238,bike_70619
2025-12-11T11:01:06.486019,bike_76089
2025-12-10T17:01:04.866800,bike_88363
2025-12-11T11:01:12.764176,bike_17471
2025-12-11T11:01:10.204061,bike_89403
2025-12-08T11:01:10.214370,bike_58045
2025-12-11T11:01:16.604247,bike_61909
2025-12-11T11:01:09.170129,bike_51400
2025-12-11T11:01:09.090388,bike_77989
2025-12-11T05:01:04.688878,bike_67916
2025-12-11T11:01:09.431514,bike_77583
2025-12-11T11:01:08.613000,bike_74481
2025-12-11T05:01:06.041870,bike_77982
2025-12-11T11:01:14.004269,bike_76856
2025-12-05T11:01:07.991609,bike_72363
2025-12-11T11:01:16.471375,bike_50521
2025-12-11T11:01:09.113107,bike_71137
2025-12-11T11:01:16.591441,bike_16463
2025-12-10T17:01:06.759869,bike_47382
2025-12-11T11:01:08.791186,bike_13946
2025-12-10T23:01:09.038344,bike_78353
2025-12-10T17:01:05.600656,bike_52416
2025-12-10T17:01:04.406470,bike_67268
2025-12-11T11:01:07.833368,bike_78988
2025-12-11T11:01:09.144146,bike_51221
2025-12-05T23:01:10.411330,bike_68964
2025-12-11T11:01:16.153395,bike_79564
2025-12-11T11:01:09.244152,bike_55048
2025-12-11T11:01:06.371589,bike_45868
2025-12-11T11:01:14.144211,bike_57166
2025-12-11T11:01:07.904124,bike_63451
2025-12-11T11:01:12.164155,bike_25251
2025-12-11T11:01:08.410980,bike_52434
2025-12-11T05:01:12.462019,bike_81239
2025-12-10T23:01:14.977683,bike_89489
2025-12-11T05:01:09.661353,bike_56086
2025-12-11T05:01:05.128080,bike_21774
2025-12-11T11:01:08.693208,bike_67499
2025-12-11T11:01:08.064194,bike_08397
2025-12-11T11:01:08.010808,bike_81244
2025-12-11T11:01:09.492618,bike_05028
2025-12-11T11:01:11.604242,bike_44274
2025-12-11T11:01:06.129955,bike_44619
2025-12-11T11:01:06.144140,bike_42608
2025-12-11T11:01:15.904195,bike_16437
2025-12-11T11:01:08.150623,bike_50184
2025-12-11T11:01:15.610667,bike_61889
2025-12-11T05:01:10.841851,bike_51339
2025-12-11T11:01:13.724280,bike_73426
2025-12-11T11:01:13.271568,bike_03014
2025-12-11T11:01:12.090330,bike_46186
2025-12-11T11:01:08.591638,bike_50308
2025-12-11T11:01:12.104942,bike_45113
2025-12-11T11:01:06.531268,bike_69443
2025-12-11T11:01:15.584222,bike_46408
2025-12-10T11:01:05.273541,bike_61201
2025-12-11T11:01:07.694412,bike_50871
2025-12-11T11:01:06.704174,bike_67734
2025-12-11T11:01:11.264202,bike_43061
2025-12-11T11:01:07.356470,bike_23402
2025-12-11T11:01:06.984213,bike_78874
2025-12-03T23:01:07.719109,bike_80964
2025-12-11T11:01:14.224165,bike_00742
2025-12-11T11:01:11.464236,bike_11502
2025-12-11T11:01:06.864176,bike_52802
2025-12-11T11:01:10.804178,bike_67967
2025-12-07T17:01:12.262722,bike_75317
2025-12-11T11:01:11.073397,bike_46546
2025-12-11T11:01:09.724164,bike_52025
2025-12-11T11:01:13.244251,bike_85101
2025-12-11T11:01:11.504180,bike_77234
2025-12-05T05:01:10.423464,bike_61610
2025-12-11T11:01:08.904161,bike_06856
2025-12-10T05:01:03.611733,bike_07169
2025-12-11T11:01:10.424251,bike_08841
2025-12-11T11:01:13.430898,bike_58211
2025-12-03T11:01:04.619249,bike_12973
2025-12-11T11:01:12.010479,bike_79513
2025-12-11T11:01:15.430659,bike_89401
2025-12-11T11:01:16.524508,bike_70514
2025-12-11T11:01:15.872701,bike_74013
2025-12-11T05:01:10.811321,bike_46617
2025-12-11T11:01:12.390222,bike_42645
2025-12-11T11:01:15.170388,bike_23122
2025-12-11T11:01:14.649860,bike_89298
2025-12-11T11:01:08.970746,bike_78135
2025-12-11T11:01:10.531075,bike_43290
2025-12-09T23:01:11.272116,bike_79288
2025-12-11T11:01:08.970825,bike_77027
2025-12-11T11:01:09.644237,bike_70273
2025-12-11T11:01:10.909090,bike_69083
2025-11-30T11:01:10.430056,bike_70158
2025-12-11T11:01:08.852960,bike_43942
2025-12-11T11:01:11.164210,bike_89050
2025-12-05T17:01:07.793372,bike_79120
2025-12-11T11:01:06.953059,bike_69758
2025-12-11T11:01:06.944190,bike_46393
2025-12-11T11:01:16.744168,bike_55052
2025-12-11T11:01:13.744213,bike_53283
2025-12-11T11:01:16.350872,bike_58227
2025-12-11T11:01:06.873102,bike_58038
2025-12-11T11:01:16.990943,bike_10816
2025-12-05T17:01:05.620015,bike_12235
2025-12-11T11:01:11.464188,bike_89577
2025-12-11T11:01:09.113089,bike_78990
2025-12-11T11:01:10.451431,bike_10672
2025-12-11T11:01:16.914582,bike_70015
2025-12-11T11:01:13.644174,bike_18293
2025-12-11T11:01:09.144175,bike_63630
2025-12-11T11:01:12.292682,bike_44819
2025-12-11T11:01:06.224115,bike_07244
2025-12-11T11:01:16.424259,bike_45816
2025-12-11T11:01:14.951912,bike_80745
2025-12-11T11:01:12.550708,bike_75431
2025-12-11T11:01:16.350861,bike_70069
2025-12-11T11:01:07.252821,bike_62352
2025-12-11T11:01:13.644221,bike_74749
2025-12-11T11:01:11.984192,bike_67481
2025-12-11T11:01:10.311290,bike_16386
2025-12-11T11:01:11.590647,bike_61329
2025-12-11T11:01:15.451908,bike_47333
2025-12-11T11:01:15.570438,bike_11654
2025-12-11T11:01:16.944235,bike_20191
2025-12-11T11:01:08.344191,bike_03954
2025-12-11T11:01:16.170751,bike_79861
2025-12-11T11:01:07.190903,bike_56339
2025-12-11T11:01:16.591403,bike_51013
2025-12-11T11:01:16.604284,bike_23419
2025-12-11T11:01:10.909056,bike_44658
2025-12-11T11:01:09.033002,bike_47249
2025-12-11T11:01:10.064168,bike_76764
2025-12-11T05:01:06.849527,bike_73475
2025-12-11T11:01:13.924223,bike_70870
2025-12-11T11:01:10.333397,bike_61505
2025-12-11T11:01:15.593376,bike_62399
2025-12-11T11:01:16.411273,bike_52335
2025-12-11T11:01:11.684164,bike_77156
2025-12-11T11:01:15.064203,bike_22855
2025-12-11T11:01:10.212931,bike_50379
2025-12-11T11:01:09.024189,bike_47015
2025-12-11T11:01:13.521111,bike_44013
2025-12-11T11:01:06.944206,bike_52673
2025-12-11T11:01:05.933184,bike_71855
2025-12-11T11:01:17.044191,bike_36479
2025-12-11T11:01:15.373125,bike_01483
2025-12-11T11:01:16.411299,bike_56935
2025-12-11T11:01:15.764236,bike_69095
2025-12-11T11:01:14.692351,bike_89043
2025-12-11T11:01:16.613301,bike_24610
2025-12-11T11:01:13.224185,bike_45031
2025-12-11T11:01:11.935177,bike_62206
2025-12-11T11:01:08.451030,bike_77219
2025-12-06T23:01:05.511504,bike_19840
2025-12-10T11:01:08.208292,bike_74525
2025-12-11T11:01:08.173783,bike_71595
2025-12-11T05:01:08.769855,bike_78467
2025-12-11T11:01:14.234012,bike_68627
2025-12-11T11:01:15.828825,bike_12695
2025-12-11T11:01:13.613448,bike_43915
2025-12-11T11:01:14.790636,bike_68868
2025-12-01T11:01:08.986326,bike_68293
2025-12-11T11:01:11.670356,bike_75341
2025-12-11T11:01:07.712114,bike_21024
2025-12-11T11:01:12.644118,bike_76475
2025-12-10T11:01:08.133305,bike_61677
2025-12-11T11:01:16.064135,bike_76998
2025-12-11T11:01:16.144205,bike_44624
2025-12-11T11:01:14.624142,bike_82287
2025-12-11T11:01:13.011484,bike_53414
2025-12-11T11:01:09.670591,bike_88444
2025-12-11T11:01:08.104236,bike_61500
2025-12-11T11:01:17.052955,bike_71169
2025-12-11T11:01:08.604165,bike_52676
2025-12-11T11:01:06.184130,bike_76896
2025-12-11T11:01:10.873417,bike_82583
2025-12-11T11:01:07.993163,bike_77510
2025-11-29T11:01:11.715867,bike_23537
2025-12-11T11:01:09.290895,bike_11727
2025-12-11T11:01:14.272965,bike_11675
2025-12-11T11:01:15.010906,bike_78526
2025-12-11T11:01:11.370580,bike_78420
2025-12-11T11:01:14.624127,bike_55930
2025-12-11T11:01:12.073033,bike_67716
2025-12-11T05:01:10.772187,bike_68476
2025-12-11T11:01:13.127049,bike_25712
2025-12-06T17:01:09.737493,bike_88518
2025-12-11T11:01:10.554044,bike_78494
2025-12-11T11:01:10.050699,bike_50893
2025-12-11T11:01:06.792917,bike_05998
2025-12-11T11:01:11.935164,bike_70102
2025-12-11T11:01:11.353157,bike_46598
2025-12-11T11:01:08.353249,bike_85496
2025-12-11T11:01:09.553275,bike_81652
2025-12-11T11:01:15.693706,bike_20523
2025-12-11T11:01:11.590650,bike_56121
2025-12-11T11:01:11.133332,bike_88411
2025-12-11T11:01:16.932146,bike_67262
2025-12-10T17:01:09.777661,bike_76187
2025-12-11T11:01:12.430843,bike_42914
2025-12-11T11:01:06.433337,bike_46211
2025-12-08T05:01:05.186305,bike_03667
2025-12-11T11:01:07.070500,bike_68327
2025-12-11T11:01:10.571951,bike_71838
2025-12-11T11:01:07.470184,bike_12280
2025-12-11T11:01:09.693427,bike_15231
2025-12-11T05:01:12.149459,bike_46738
2025-12-11T11:01:16.312485,bike_88877
2025-12-11T11:01:10.831082,bike_72438
2025-12-11T11:01:09.831206,bike_70603
2025-12-11T11:01:11.064173,bike_42662
2025-12-11T11:01:06.731135,bike_32179
2025-12-11T11:01:10.724154,bike_26086
2025-12-11T11:01:14.234005,bike_72708
2025-12-11T11:01:16.131081,bike_52411
2025-12-11T11:01:12.629886,bike_46670
2025-12-11T11:01:12.993647,bike_44085
2025-12-07T11:01:12.326065,bike_88286
2025-12-11T11:01:10.474987,bike_78002
2025-12-11T11:01:09.693453,bike_24746
2025-12-05T23:01:11.280257,bike_89068
2025-12-11T11:01:10.693131,bike_88174
2025-12-10T17:01:06.520867,bike_80910
2025-12-11T11:01:11.953243,bike_43591
2025-12-11T11:01:14.773101,bike_05367
2025-12-11T11:01:14.951943,bike_00527
2025-12-03T23:01:10.200839,bike_75014
2025-12-11T11:01:12.453820,bike_77162
2025-12-11T11:01:14.910392,bike_25357
2025-12-11T11:01:08.464201,bike_00031
2025-12-11T11:01:16.964244,bike_56027
2025-12-11T11:01:14.584209,bike_48070
2025-12-11T11:01:06.049754,bike_74861
2025-12-02T17:01:05.903268,bike_62137
2025-12-11T11:01:14.924175,bike_47920
2025-12-11T11:01:13.693010,bike_18173
2025-12-11T11:01:10.971233,bike_57669
2025-12-11T11:01:12.564224,bike_19638
2025-12-11T11:01:12.564199,bike_74567
2025-12-11T11:01:09.853216,bike_69621
2025-12-11T11:01:15.153071,bike_71792
2025-12-11T11:01:08.504228,bike_10437
2025-12-11T11:01:07.011128,bike_43415
2025-12-11T05:01:06.968667,bike_10571
2025-12-03T17:01:08.953944,bike_37768
2025-12-11T11:01:12.550721,bike_60280
2025-12-11T11:01:10.900212,bike_50225
2025-12-11T11:01:10.190708,bike_47532
2025-12-11T11:01:11.630895,bike_60165
2025-11-30T05:01:13.037569,bike_61888
2025-12-11T11:01:08.630055,bike_68794
2025-12-11T11:01:13.893760,bike_22957
2025-12-11T11:01:11.912955,bike_81898
2025-12-11T11:01:07.133048,bike_77741
2025-12-11T11:01:10.610552,bike_80856
2025-12-11T11:01:06.313019,bike_52526
2025-12-11T11:01:09.693430,bike_44326
2025-12-11T11:01:14.544209,bike_62748
2025-12-11T11:01:16.471302,bike_53313
2025-12-11T11:01:07.654498,bike_72765
2025-12-11T11:01:15.114025,bike_16122
2025-12-11T11:01:06.913402,bike_51757
2025-12-11T11:01:13.293244,bike_76517
2025-12-11T11:01:16.792908,bike_80924
2025-12-11T11:01:09.170099,bike_79881
2025-12-11T11:01:12.504177,bike_47451
2025-12-11T11:01:10.024149,bike_53310
2025-12-09T05:01:09.177684,bike_13575
2025-12-11T11:01:09.544140,bike_71840
2025-12-11T11:01:09.431506,bike_77152
2025-12-11T11:01:14.531079,bike_30846
2025-12-11T11:01:14.531127,bike_89979
2025-12-11T11:01:06.691013,bike_22290
2025-12-11T11:01:05.914776,bike_03357
2025-12-11T11:01:14.692356,bike_88120
2025-12-11T11:01:07.573554,bike_11649
2025-12-07T17:01:07.707500,bike_79250
2025-12-11T05:01:03.241944,bike_44755
2025-12-11T11:01:09.504094,bike_10419
2025-12-11T11:01:07.591417,bike_79283
2025-12-11T11:01:08.992873,bike_88789
2025-12-11T11:01:08.392862,bike_60276
2025-12-11T11:01:16.393132,bike_76452
2025-12-11T11:01:09.750246,bike_03045
2025-12-11T11:01:16.250967,bike_17771
2025-12-11T11:01:13.284231,bike_23184
2025-12-11T11:01:11.791830,bike_21941
2025-12-11T11:01:16.704226,bike_76153
2025-12-11T11:01:16.153390,bike_89288
2025-12-11T11:01:15.570417,bike_47579
2025-12-10T23:01:05.054440,bike_71170
2025-12-11T11:01:09.153101,bike_09149
2025-12-11T11:01:09.553320,bike_25316
2025-12-11T11:01:15.711684,bike_71660
2025-12-11T11:01:08.930810,bike_00814
2025-12-11T05:01:02.821911,bike_77378
2025-12-11T11:01:14.924164,bike_76472
2025-12-11T11:01:10.944186,bike_70372
2025-12-11T11:01:13.671247,bike_11113
2025-12-04T23:01:04.026931,bike_55494
2025-12-11T11:01:14.933335,bike_01717
2025-12-11T11:01:12.430870,bike_81706
2025-12-11T11:01:15.820055,bike_52948
2025-12-11T11:01:07.984192,bike_16505
2025-12-11T11:01:12.333265,bike_44136
2025-12-11T11:01:09.073148,bike_20238
2025-12-11T11:01:11.290410,bike_21601
2025-12-11T11:01:08.410965,bike_62291
2025-12-11T11:01:14.649854,bike_77300
2025-12-11T11:01:14.113516,bike_04740
2025-12-11T05:01:06.911524,bike_57895
2025-12-11T11:01:15.859198,bike_71449
2025-12-11T11:01:15.530798,bike_70439
2025-12-11T11:01:09.504068,bike_47306
2025-12-11T11:01:14.773060,bike_04376
2025-12-11T11:01:12.413467,bike_25980
2025-12-11T11:01:12.444164,bike_88714
2025-12-11T11:01:09.953304,bike_80456
2025-12-11T11:01:09.353498,bike_72629
2025-12-11T11:01:07.904137,bike_77332
2025-12-11T11:01:09.492630,bike_76561
2025-12-11T11:01:13.193761,bike_77061
2025-12-11T11:01:07.452540,bike_58142
2025-12-11T11:01:09.453173,bike_79219
2025-12-11T11:01:13.071756,bike_43665
2025-12-11T11:01:07.173301,bike_81747
2025-12-11T11:01:06.270275,bike_68010
2025-12-11T11:01:14.310018,bike_17315
2025-12-11T11:01:08.970849,bike_20472
2025-12-11T11:01:16.051125,bike_77265
2025-12-10T11:01:06.562568,bike_46195
2025-12-11T11:01:15.693734,bike_72693
2025-12-11T11:01:15.859193,bike_69060
2025-12-11T11:01:11.573278,bike_04291
2025-12-11T05:01:03.767935,bike_47138
2025-12-11T11:01:11.073378,bike_62616
2025-12-11T11:01:14.609895,bike_74747
2025-12-11T11:01:10.091000,bike_44542
2025-12-11T11:01:14.184138,bike_74161
2025-12-10T17:01:02.631671,bike_67564
2025-12-11T11:01:06.292447,bike_82875
2025-12-11T05:01:10.981970,bike_72319
2025-12-11T11:01:08.424327,bike_86010
2025-12-11T05:01:06.201508,bike_36450
2025-12-11T11:01:08.764212,bike_78092
2025-12-11T11:01:15.413338,bike_80012
2025-12-11T05:01:07.431103,bike_18330
2025-12-11T11:01:13.430845,bike_78875
2025-12-11T11:01:13.224187,bike_88811
2025-12-11T11:01:08.504242,bike_43032
2025-12-11T11:01:12.050652,bike_78169
2025-12-10T05:01:01.707384,bike_62159
2025-12-11T11:01:08.251501,bike_16912
2025-12-11T11:01:07.150146,bike_55092
2025-12-11T11:01:06.344105,bike_76832
2025-12-05T05:01:07.147739,bike_77346
2025-12-11T11:01:08.693216,bike_76656
2025-12-11T11:01:08.812872,bike_09551
2025-12-11T11:01:10.294069,bike_50248
2025-12-10T11:01:10.101965,bike_47383
2025-12-11T11:01:16.744208,bike_22532
2025-12-11T11:01:09.831203,bike_81836
2025-12-10T17:01:01.276896,bike_89041
2025-12-11T11:01:06.584121,bike_74491
2025-12-11T11:01:06.664161,bike_45234
2025-12-11T11:01:10.644085,bike_47969
2025-12-11T11:01:13.653580,bike_68417
2025-12-11T11:01:11.778466,bike_44051
2025-12-11T05:01:06.681361,bike_76604
2025-12-11T11:01:07.304137,bike_77880
2025-12-11T11:01:10.764095,bike_80878
2025-12-11T11:01:11.533493,bike_82503
2025-12-11T11:01:15.051003,bike_74687
2025-12-11T11:01:07.645140,bike_52843
2025-12-11T11:01:15.264304,bike_81829
2025-12-08T05:01:03.712343,bike_72935
2025-12-08T17:01:06.876345,bike_02889
2025-12-11T11:01:11.692822,bike_75681
2025-12-11T11:01:16.299223,bike_21999
2025-12-11T11:01:07.470200,bike_43596
2025-12-06T17:01:10.663658,bike_51798
2025-12-07T11:01:13.568776,bike_72710
2025-12-11T11:01:08.904153,bike_81712
2025-12-11T11:01:15.570402,bike_75643
2025-12-11T11:01:15.993496,bike_80459
2025-12-11T11:01:12.413483,bike_08657
2025-11-30T05:01:06.390937,bike_73617
2025-12-11T11:01:09.210596,bike_69765
2025-12-02T11:01:09.194164,bike_03409
2025-12-11T11:01:10.745511,bike_68469
2025-12-11T11:01:11.033578,bike_72524
2025-12-11T11:01:09.544176,bike_70302
2025-12-11T11:01:13.404228,bike_88190
2025-12-11T11:01:16.170814,bike_45746
2025-12-11T11:01:07.712159,bike_46923
2025-12-11T11:01:06.650571,bike_79525
2025-12-10T17:01:02.296710,bike_45382
2025-12-11T11:01:13.479988,bike_47448
2025-12-11T11:01:16.384280,bike_50383
2025-12-10T17:01:03.141245,bike_78518
2025-12-11T11:01:07.724952,bike_69398
2025-12-11T11:01:13.511684,bike_75537
2025-12-11T11:01:13.024183,bike_55548
2025-12-11T11:01:13.127066,bike_50396
2025-12-10T05:01:09.171813,bike_76064
2025-12-11T11:01:16.393140,bike_47860
2025-12-11T11:01:13.572050,bike_50564
2025-12-11T11:01:09.773262,bike_44028
2025-12-11T11:01:16.784115,bike_47390
2025-12-11T11:01:12.033535,bike_30336
2025-12-04T23:01:06.979852,bike_75696
2025-12-11T11:01:06.210083,bike_52489
2025-12-11T11:01:13.253653,bike_70476
2025-11-29T11:01:13.027235,bike_71590
2025-12-11T11:01:15.904204,bike_78519
2025-12-11T11:01:15.553146,bike_79470
2025-12-11T11:01:11.213452,bike_89353
2025-12-11T11:01:14.592663,bike_70326
2025-12-11T11:01:07.970142,bike_61583
2025-12-11T11:01:07.173331,bike_07449
2025-12-11T11:01:08.613009,bike_69418
2025-12-11T11:01:12.104917,bike_67970
2025-12-11T11:01:15.311873,bike_89801
2025-12-11T11:01:11.424151,bike_74536
2025-12-11T11:01:10.544215,bike_47677
2025-12-11T11:01:08.133308,bike_24964
2025-12-11T11:01:08.251480,bike_73392
2025-12-11T11:01:14.504182,bike_24341
2025-12-11T05:01:05.727640,bike_21546
2025-12-11T11:01:15.530793,bike_51038
2025-12-11T11:01:10.204072,bike_89381
2025-12-11T11:01:07.489245,bike_70535
2025-12-11T11:01:15.430646,bike_78259
2025-12-11T11:01:14.153448,bike_89970
2025-12-11T11:01:14.272968,bike_01457
2025-12-11T11:01:16.144252,bike_44440
2025-12-11T11:01:07.244152,bike_46557
2025-12-11T11:01:12.390230,bike_73484
2025-12-11T11:01:10.772822,bike_68386
2025-12-06T23:01:06.291273,bike_77746
2025-12-11T11:01:16.864272,bike_51439
2025-12-11T11:01:09.113069,bike_79389
2025-12-03T11:01:08.844788,bike_75998
2025-12-11T11:01:06.792881,bike_70591
2025-12-11T11:01:07.252843,bike_88240
2025-12-11T11:01:16.573732,bike_52219
2025-12-11T11:01:09.113109,bike_80015
2025-12-06T05:01:04.556003,bike_70790
2025-12-11T11:01:07.630492,bike_78266
2025-12-11T11:01:12.791190,bike_43478
2025-12-11T05:01:13.181971,bike_89892
